game_id,source,slot_index,player_name,start_role,end_role,role_changed
Youtube / Flashback##ONE#NIGHT#ULTIMATE#WEREWOLF##Retro#9 / Game1,Youtube,0,Justin,Werewolf,Werewolf,False
Youtube / Flashback##ONE#NIGHT#ULTIMATE#WEREWOLF##Retro#9 / Game1,Youtube,1,Laura,Villager,Villager,False
Youtube / Flashback##ONE#NIGHT#ULTIMATE#WEREWOLF##Retro#9 / Game1,Youtube,2,Paul,Villager,Robber,True
Youtube / Flashback##ONE#NIGHT#ULTIMATE#WEREWOLF##Retro#9 / Game1,Youtube,3,James,Robber,Villager,True
Youtube / Flashback##ONE#NIGHT#ULTIMATE#WEREWOLF##Retro#9 / Game1,Youtube,4,Mitchell,Insomniac,Insomniac,False
Youtube / Flashback##ONE#NIGHT#ULTIMATE#WEREWOLF##Retro#9 / Game2,Youtube,0,Justin,Troublemaker,Troublemaker,False
Youtube / Flashback##ONE#NIGHT#ULTIMATE#WEREWOLF##Retro#9 / Game2,Youtube,1,Laura,Werewolf,Werewolf,False
Youtube / Flashback##ONE#NIGHT#ULTIMATE#WEREWOLF##Retro#9 / Game2,Youtube,2,Paul,Villager,Seer,True
Youtube / Flashback##ONE#NIGHT#ULTIMATE#WEREWOLF##Retro#9 / Game2,Youtube,3,James,Villager,Villager,False
Youtube / Flashback##ONE#NIGHT#ULTIMATE#WEREWOLF##Retro#9 / Game2,Youtube,4,Mitchell,Seer,Villager,True
Youtube / Flashback##ONE#NIGHT#ULTIMATE#WEREWOLF##Retro#9 / Game3,Youtube,0,Justin,Troublemaker,Troublemaker,False
Youtube / Flashback##ONE#NIGHT#ULTIMATE#WEREWOLF##Retro#9 / Game3,Youtube,1,Laura,Seer,Villager,True
Youtube / Flashback##ONE#NIGHT#ULTIMATE#WEREWOLF##Retro#9 / Game3,Youtube,2,Paul,Werewolf,Robber,True
Youtube / Flashback##ONE#NIGHT#ULTIMATE#WEREWOLF##Retro#9 / Game3,Youtube,3,James,Villager,Seer,True
Youtube / Flashback##ONE#NIGHT#ULTIMATE#WEREWOLF##Retro#9 / Game3,Youtube,4,Mitchell,Robber,Werewolf,True
Youtube / Flashback##ONE#NIGHT#ULTIMATE#WEREWOLF##Retro#9 / Game4,Youtube,0,Justin,Troublemaker,Troublemaker,False
Youtube / Flashback##ONE#NIGHT#ULTIMATE#WEREWOLF##Retro#9 / Game4,Youtube,1,Laura,Villager,Villager,False
Youtube / Flashback##ONE#NIGHT#ULTIMATE#WEREWOLF##Retro#9 / Game4,Youtube,2,Paul,Robber,Villager,True
Youtube / Flashback##ONE#NIGHT#ULTIMATE#WEREWOLF##Retro#9 / Game4,Youtube,3,James,Seer,Seer,False
Youtube / Flashback##ONE#NIGHT#ULTIMATE#WEREWOLF##Retro#9 / Game4,Youtube,4,Mitchell,Villager,Robber,True
Youtube / Flashback##ONE#NIGHT#ULTIMATE#WEREWOLF##Retro#9 / Game5,Youtube,0,Justin,Insomniac,Insomniac,False
Youtube / Flashback##ONE#NIGHT#ULTIMATE#WEREWOLF##Retro#9 / Game5,Youtube,1,Laura,Werewolf,Werewolf,False
Youtube / Flashback##ONE#NIGHT#ULTIMATE#WEREWOLF##Retro#9 / Game5,Youtube,2,Paul,Werewolf,Werewolf,False
Youtube / Flashback##ONE#NIGHT#ULTIMATE#WEREWOLF##Retro#9 / Game5,Youtube,3,James,Seer,Seer,False
Youtube / Flashback##ONE#NIGHT#ULTIMATE#WEREWOLF##Retro#9 / Game5,Youtube,4,Mitchell,Villager,Villager,False
Youtube / One#Night#Ultimate#Love#Letter##ONE#NIGHT#ULTIMATE#WEREWOLF / Game2,Youtube,0,Justin,Troublemaker,Troublemaker,False
Youtube / One#Night#Ultimate#Love#Letter##ONE#NIGHT#ULTIMATE#WEREWOLF / Game2,Youtube,1,Mitchell,Werewolf,Werewolf,False
Youtube / One#Night#Ultimate#Love#Letter##ONE#NIGHT#ULTIMATE#WEREWOLF / Game2,Youtube,2,Paul,Werewolf,Werewolf,False
Youtube / One#Night#Ultimate#Love#Letter##ONE#NIGHT#ULTIMATE#WEREWOLF / Game2,Youtube,3,Tyler,Seer,Seer,False
Youtube / One#Night#Ultimate#Love#Letter##ONE#NIGHT#ULTIMATE#WEREWOLF / Game3,Youtube,0,Justin,Werewolf,Werewolf,False
Youtube / One#Night#Ultimate#Love#Letter##ONE#NIGHT#ULTIMATE#WEREWOLF / Game3,Youtube,1,Mitchell,Drunk,Seer,True
Youtube / One#Night#Ultimate#Love#Letter##ONE#NIGHT#ULTIMATE#WEREWOLF / Game3,Youtube,2,Paul,Troublemaker,Troublemaker,False
Youtube / One#Night#Ultimate#Love#Letter##ONE#NIGHT#ULTIMATE#WEREWOLF / Game3,Youtube,3,Tyler,Werewolf,Werewolf,False
Youtube / One#Night#Ultimate#Love#Letter##ONE#NIGHT#ULTIMATE#WEREWOLF / Game7,Youtube,0,Justin,Werewolf,Werewolf,False
Youtube / One#Night#Ultimate#Love#Letter##ONE#NIGHT#ULTIMATE#WEREWOLF / Game7,Youtube,1,Mitchell,Drunk,Tanner,True
Youtube / One#Night#Ultimate#Love#Letter##ONE#NIGHT#ULTIMATE#WEREWOLF / Game7,Youtube,2,Paul,Troublemaker,Troublemaker,False
Youtube / One#Night#Ultimate#Love#Letter##ONE#NIGHT#ULTIMATE#WEREWOLF / Game7,Youtube,3,Tyler,Seer,Drunk,True
Youtube / ONE#NIGHT#ULTIMATE#WEREWOLF##Retro#1 / Game1,Youtube,0,Justin,Robber,Villager,True
Youtube / ONE#NIGHT#ULTIMATE#WEREWOLF##Retro#1 / Game1,Youtube,1,Alvin,Villager,Villager,False
Youtube / ONE#NIGHT#ULTIMATE#WEREWOLF##Retro#1 / Game1,Youtube,2,James,Villager,Robber,True
Youtube / ONE#NIGHT#ULTIMATE#WEREWOLF##Retro#1 / Game1,Youtube,3,Mitchell,Werewolf,Werewolf,False
Youtube / ONE#NIGHT#ULTIMATE#WEREWOLF##Retro#1 / Game10,Youtube,0,Justin,Werewolf,Robber,True
Youtube / ONE#NIGHT#ULTIMATE#WEREWOLF##Retro#1 / Game10,Youtube,1,Alvin,Seer,Seer,False
Youtube / ONE#NIGHT#ULTIMATE#WEREWOLF##Retro#1 / Game10,Youtube,2,James,Tanner,Tanner,False
Youtube / ONE#NIGHT#ULTIMATE#WEREWOLF##Retro#1 / Game10,Youtube,3,Mitchell,Robber,Werewolf,True
Youtube / ONE#NIGHT#ULTIMATE#WEREWOLF##Retro#1 / Game2,Youtube,0,Justin,Werewolf,Werewolf,False
Youtube / ONE#NIGHT#ULTIMATE#WEREWOLF##Retro#1 / Game2,Youtube,1,Alvin,Robber,Villager,True
Youtube / ONE#NIGHT#ULTIMATE#WEREWOLF##Retro#1 / Game2,Youtube,2,James,Villager,Robber,True
Youtube / ONE#NIGHT#ULTIMATE#WEREWOLF##Retro#1 / Game2,Youtube,3,Mitchell,Villager,Villager,False
Youtube / ONE#NIGHT#ULTIMATE#WEREWOLF##Retro#1 / Game3,Youtube,0,Justin,Werewolf,Robber,True
Youtube / ONE#NIGHT#ULTIMATE#WEREWOLF##Retro#1 / Game3,Youtube,1,Alvin,Seer,Seer,False
Youtube / ONE#NIGHT#ULTIMATE#WEREWOLF##Retro#1 / Game3,Youtube,2,James,Villager,Villager,False
Youtube / ONE#NIGHT#ULTIMATE#WEREWOLF##Retro#1 / Game3,Youtube,3,Mitchell,Robber,Werewolf,True
Youtube / ONE#NIGHT#ULTIMATE#WEREWOLF##Retro#1 / Game4,Youtube,0,Justin,Werewolf,Robber,True
Youtube / ONE#NIGHT#ULTIMATE#WEREWOLF##Retro#1 / Game4,Youtube,1,Alvin,Seer,Seer,False
Youtube / ONE#NIGHT#ULTIMATE#WEREWOLF##Retro#1 / Game4,Youtube,2,James,Villager,Villager,False
Youtube / ONE#NIGHT#ULTIMATE#WEREWOLF##Retro#1 / Game4,Youtube,3,Mitchell,Robber,Werewolf,True
Youtube / ONE#NIGHT#ULTIMATE#WEREWOLF##Retro#1 / Game5,Youtube,0,Justin,Villager,Villager,False
Youtube / ONE#NIGHT#ULTIMATE#WEREWOLF##Retro#1 / Game5,Youtube,1,Alvin,Werewolf,Robber,True
Youtube / ONE#NIGHT#ULTIMATE#WEREWOLF##Retro#1 / Game5,Youtube,2,James,Villager,Villager,False
Youtube / ONE#NIGHT#ULTIMATE#WEREWOLF##Retro#1 / Game5,Youtube,3,Mitchell,Robber,Werewolf,True
Youtube / ONE#NIGHT#ULTIMATE#WEREWOLF##Retro#1 / Game6,Youtube,0,Justin,Robber,Werewolf,True
Youtube / ONE#NIGHT#ULTIMATE#WEREWOLF##Retro#1 / Game6,Youtube,1,Alvin,Seer,Seer,False
Youtube / ONE#NIGHT#ULTIMATE#WEREWOLF##Retro#1 / Game6,Youtube,2,James,Hunter,Hunter,False
Youtube / ONE#NIGHT#ULTIMATE#WEREWOLF##Retro#1 / Game6,Youtube,3,Mitchell,Werewolf,Robber,True
Youtube / ONE#NIGHT#ULTIMATE#WEREWOLF##Retro#1 / Game7,Youtube,0,Justin,Seer,Seer,False
Youtube / ONE#NIGHT#ULTIMATE#WEREWOLF##Retro#1 / Game7,Youtube,1,Alvin,Robber,Drunk,True
Youtube / ONE#NIGHT#ULTIMATE#WEREWOLF##Retro#1 / Game7,Youtube,2,James,Werewolf,Werewolf,False
Youtube / ONE#NIGHT#ULTIMATE#WEREWOLF##Retro#1 / Game7,Youtube,3,Mitchell,Drunk,Werewolf,True
Youtube / ONE#NIGHT#ULTIMATE#WEREWOLF##Retro#1 / Game8,Youtube,0,Justin,Robber,Villager,True
Youtube / ONE#NIGHT#ULTIMATE#WEREWOLF##Retro#1 / Game8,Youtube,1,Alvin,Werewolf,Werewolf,False
Youtube / ONE#NIGHT#ULTIMATE#WEREWOLF##Retro#1 / Game8,Youtube,2,James,Villager,Robber,True
Youtube / ONE#NIGHT#ULTIMATE#WEREWOLF##Retro#1 / Game8,Youtube,3,Mitchell,Werewolf,Werewolf,False
Youtube / ONE#NIGHT#ULTIMATE#WEREWOLF##Retro#1 / Game9,Youtube,0,Justin,Seer,Seer,False
Youtube / ONE#NIGHT#ULTIMATE#WEREWOLF##Retro#1 / Game9,Youtube,1,Alvin,Villager,Robber,True
Youtube / ONE#NIGHT#ULTIMATE#WEREWOLF##Retro#1 / Game9,Youtube,2,James,Robber,Villager,True
Youtube / ONE#NIGHT#ULTIMATE#WEREWOLF##Retro#1 / Game9,Youtube,3,Mitchell,Werewolf,Werewolf,False
Youtube / ONE#NIGHT#ULTIMATE#WEREWOLF##Retro#2 / Game1,Youtube,0,Justin,Werewolf,Villager,True
Youtube / ONE#NIGHT#ULTIMATE#WEREWOLF##Retro#2 / Game1,Youtube,1,Dan,Troublemaker,Troublemaker,False
Youtube / ONE#NIGHT#ULTIMATE#WEREWOLF##Retro#2 / Game1,Youtube,2,Mitchell,Seer,Seer,False
Youtube / ONE#NIGHT#ULTIMATE#WEREWOLF##Retro#2 / Game1,Youtube,3,Caitlynn,Villager,Werewolf,True
Youtube / ONE#NIGHT#ULTIMATE#WEREWOLF##Retro#2 / Game1,Youtube,4,Mike,Villager,Villager,False
Youtube / ONE#NIGHT#ULTIMATE#WEREWOLF##Retro#2 / Game2,Youtube,0,Justin,Seer,Villager,True
Youtube / ONE#NIGHT#ULTIMATE#WEREWOLF##Retro#2 / Game2,Youtube,1,Dan,Villager,Seer,True
Youtube / ONE#NIGHT#ULTIMATE#WEREWOLF##Retro#2 / Game2,Youtube,2,Mitchell,Villager,Robber,True
Youtube / ONE#NIGHT#ULTIMATE#WEREWOLF##Retro#2 / Game2,Youtube,3,Caitlynn,Robber,Villager,True
Youtube / ONE#NIGHT#ULTIMATE#WEREWOLF##Retro#2 / Game2,Youtube,4,Mike,Troublemaker,Troublemaker,False
Youtube / ONE#NIGHT#ULTIMATE#WEREWOLF##Retro#2 / Game3,Youtube,0,Justin,Werewolf,Werewolf,False
Youtube / ONE#NIGHT#ULTIMATE#WEREWOLF##Retro#2 / Game3,Youtube,1,Dan,Villager,Villager,False
Youtube / ONE#NIGHT#ULTIMATE#WEREWOLF##Retro#2 / Game3,Youtube,2,Mitchell,Robber,Robber,False
Youtube / ONE#NIGHT#ULTIMATE#WEREWOLF##Retro#2 / Game3,Youtube,3,Caitlynn,Villager,Villager,False
Youtube / ONE#NIGHT#ULTIMATE#WEREWOLF##Retro#2 / Game3,Youtube,4,Mike,Troublemaker,Troublemaker,False
Youtube / ONE#NIGHT#ULTIMATE#WEREWOLF##Retro#2 / Game4,Youtube,0,Justin,Robber,Villager,True
Youtube / ONE#NIGHT#ULTIMATE#WEREWOLF##Retro#2 / Game4,Youtube,1,Dan,Seer,Seer,False
Youtube / ONE#NIGHT#ULTIMATE#WEREWOLF##Retro#2 / Game4,Youtube,2,Mitchell,Villager,Villager,False
Youtube / ONE#NIGHT#ULTIMATE#WEREWOLF##Retro#2 / Game4,Youtube,3,Caitlynn,Villager,Robber,True
Youtube / ONE#NIGHT#ULTIMATE#WEREWOLF##Retro#2 / Game4,Youtube,4,Mike,Werewolf,Werewolf,False
Youtube / ONE#NIGHT#ULTIMATE#WEREWOLF##Retro#2 / Game5,Youtube,0,Justin,Seer,Robber,True
Youtube / ONE#NIGHT#ULTIMATE#WEREWOLF##Retro#2 / Game5,Youtube,1,Dan,Robber,Tanner,True
Youtube / ONE#NIGHT#ULTIMATE#WEREWOLF##Retro#2 / Game5,Youtube,2,Mitchell,Tanner,Seer,True
Youtube / ONE#NIGHT#ULTIMATE#WEREWOLF##Retro#2 / Game5,Youtube,3,Caitlynn,Werewolf,Werewolf,False
Youtube / ONE#NIGHT#ULTIMATE#WEREWOLF##Retro#2 / Game5,Youtube,4,Mike,Troublemaker,Troublemaker,False
Youtube / ONE#NIGHT#ULTIMATE#WEREWOLF##Retro#2 / Game6,Youtube,0,Justin,Tanner,Werewolf,True
Youtube / ONE#NIGHT#ULTIMATE#WEREWOLF##Retro#2 / Game6,Youtube,1,Dan,Seer,Seer,False
Youtube / ONE#NIGHT#ULTIMATE#WEREWOLF##Retro#2 / Game6,Youtube,2,Mitchell,Werewolf,Tanner,True
Youtube / ONE#NIGHT#ULTIMATE#WEREWOLF##Retro#2 / Game6,Youtube,3,Caitlynn,Troublemaker,Troublemaker,False
Youtube / ONE#NIGHT#ULTIMATE#WEREWOLF##Retro#2 / Game6,Youtube,4,Mike,Werewolf,Werewolf,False
Youtube / ONE#NIGHT#ULTIMATE#WEREWOLF##Retro#2 / Game7,Youtube,0,Justin,Robber,Seer,True
Youtube / ONE#NIGHT#ULTIMATE#WEREWOLF##Retro#2 / Game7,Youtube,1,Dan,Seer,Robber,True
Youtube / ONE#NIGHT#ULTIMATE#WEREWOLF##Retro#2 / Game7,Youtube,2,Mitchell,Werewolf,Werewolf,False
Youtube / ONE#NIGHT#ULTIMATE#WEREWOLF##Retro#2 / Game7,Youtube,3,Caitlynn,Werewolf,Werewolf,False
Youtube / ONE#NIGHT#ULTIMATE#WEREWOLF##Retro#2 / Game7,Youtube,4,Mike,Villager,Villager,False
Youtube / ONE#NIGHT#ULTIMATE#WEREWOLF##Retro#2 / Game8,Youtube,0,Justin,Drunk,Seer,True
Youtube / ONE#NIGHT#ULTIMATE#WEREWOLF##Retro#2 / Game8,Youtube,1,Dan,Werewolf,Werewolf,False
Youtube / ONE#NIGHT#ULTIMATE#WEREWOLF##Retro#2 / Game8,Youtube,2,Mitchell,Robber,Robber,False
Youtube / ONE#NIGHT#ULTIMATE#WEREWOLF##Retro#2 / Game8,Youtube,3,Caitlynn,Tanner,Tanner,False
Youtube / ONE#NIGHT#ULTIMATE#WEREWOLF##Retro#2 / Game8,Youtube,4,Mike,Villager,Villager,False
Youtube / ONE#NIGHT#ULTIMATE#WEREWOLF##Retro#3 / Game2,Youtube,0,Justin,Villager,Villager,False
Youtube / ONE#NIGHT#ULTIMATE#WEREWOLF##Retro#3 / Game2,Youtube,1,Mike,Villager,Villager,False
Youtube / ONE#NIGHT#ULTIMATE#WEREWOLF##Retro#3 / Game2,Youtube,2,James,Werewolf,Robber,True
Youtube / ONE#NIGHT#ULTIMATE#WEREWOLF##Retro#3 / Game2,Youtube,3,Mitchell,Robber,Werewolf,True
Youtube / ONE#NIGHT#ULTIMATE#WEREWOLF##Retro#3 / Game3,Youtube,0,Justin,Villager,Villager,False
Youtube / ONE#NIGHT#ULTIMATE#WEREWOLF##Retro#3 / Game3,Youtube,1,Mike,Robber,Seer,True
Youtube / ONE#NIGHT#ULTIMATE#WEREWOLF##Retro#3 / Game3,Youtube,2,James,Villager,Villager,False
Youtube / ONE#NIGHT#ULTIMATE#WEREWOLF##Retro#3 / Game3,Youtube,3,Mitchell,Seer,Robber,True
Youtube / ONE#NIGHT#ULTIMATE#WEREWOLF##Retro#3 / Game4,Youtube,0,Justin,Insomniac,Insomniac,False
Youtube / ONE#NIGHT#ULTIMATE#WEREWOLF##Retro#3 / Game4,Youtube,1,Mike,Werewolf,Werewolf,False
Youtube / ONE#NIGHT#ULTIMATE#WEREWOLF##Retro#3 / Game4,Youtube,2,James,Villager,Villager,False
Youtube / ONE#NIGHT#ULTIMATE#WEREWOLF##Retro#3 / Game4,Youtube,3,Mitchell,Tanner,Tanner,False
Youtube / ONE#NIGHT#ULTIMATE#WEREWOLF##Retro#3 / Game5,Youtube,0,Justin,Troublemaker,Troublemaker,False
Youtube / ONE#NIGHT#ULTIMATE#WEREWOLF##Retro#3 / Game5,Youtube,1,Mike,Werewolf,Werewolf,False
Youtube / ONE#NIGHT#ULTIMATE#WEREWOLF##Retro#3 / Game5,Youtube,2,James,Insomniac,Villager,True
Youtube / ONE#NIGHT#ULTIMATE#WEREWOLF##Retro#3 / Game5,Youtube,3,Mitchell,Tanner,Insomniac,True
Youtube / ONE#NIGHT#ULTIMATE#WEREWOLF##Retro#3 / Game6,Youtube,0,Justin,Tanner,Insomniac,True
Youtube / ONE#NIGHT#ULTIMATE#WEREWOLF##Retro#3 / Game6,Youtube,1,Mike,Werewolf,Werewolf,False
Youtube / ONE#NIGHT#ULTIMATE#WEREWOLF##Retro#3 / Game6,Youtube,2,James,Troublemaker,Troublemaker,False
Youtube / ONE#NIGHT#ULTIMATE#WEREWOLF##Retro#3 / Game6,Youtube,3,Mitchell,Insomniac,Tanner,True
Youtube / ONE#NIGHT#ULTIMATE#WEREWOLF##Retro#3 / Game7,Youtube,0,Justin,Seer,Tanner,True
Youtube / ONE#NIGHT#ULTIMATE#WEREWOLF##Retro#3 / Game7,Youtube,1,Mike,Troublemaker,Troublemaker,False
Youtube / ONE#NIGHT#ULTIMATE#WEREWOLF##Retro#3 / Game7,Youtube,2,James,Tanner,Seer,True
Youtube / ONE#NIGHT#ULTIMATE#WEREWOLF##Retro#3 / Game7,Youtube,3,Mitchell,Werewolf,Werewolf,False
Youtube / ONE#NIGHT#ULTIMATE#WEREWOLF##Retro#3 / Game8,Youtube,0,Justin,Troublemaker,Troublemaker,False
Youtube / ONE#NIGHT#ULTIMATE#WEREWOLF##Retro#3 / Game8,Youtube,1,Mike,Tanner,Insomniac,True
Youtube / ONE#NIGHT#ULTIMATE#WEREWOLF##Retro#3 / Game8,Youtube,2,James,Seer,Seer,False
Youtube / ONE#NIGHT#ULTIMATE#WEREWOLF##Retro#3 / Game8,Youtube,3,Mitchell,Insomniac,Tanner,True
Youtube / ONE#NIGHT#ULTIMATE#WEREWOLF##Retro#4 / Game10,Youtube,0,Justin,Werewolf,Werewolf,False
Youtube / ONE#NIGHT#ULTIMATE#WEREWOLF##Retro#4 / Game10,Youtube,1,Caitlynn,Troublemaker,Troublemaker,False
Youtube / ONE#NIGHT#ULTIMATE#WEREWOLF##Retro#4 / Game10,Youtube,2,Mike,Seer,Werewolf,True
Youtube / ONE#NIGHT#ULTIMATE#WEREWOLF##Retro#4 / Game10,Youtube,3,James,Werewolf,Seer,True
Youtube / ONE#NIGHT#ULTIMATE#WEREWOLF##Retro#4 / Game10,Youtube,4,Mitchell,Drunk,Robber,True
Youtube / ONE#NIGHT#ULTIMATE#WEREWOLF##Retro#4 / Game11,Youtube,0,Justin,Werewolf,Werewolf,False
Youtube / ONE#NIGHT#ULTIMATE#WEREWOLF##Retro#4 / Game11,Youtube,1,Caitlynn,Insomniac,Minion,True
Youtube / ONE#NIGHT#ULTIMATE#WEREWOLF##Retro#4 / Game11,Youtube,2,Mike,Drunk,Robber,True
Youtube / ONE#NIGHT#ULTIMATE#WEREWOLF##Retro#4 / Game11,Youtube,3,James,Troublemaker,Troublemaker,False
Youtube / ONE#NIGHT#ULTIMATE#WEREWOLF##Retro#4 / Game11,Youtube,4,Mitchell,Minion,Insomniac,True
Youtube / ONE#NIGHT#ULTIMATE#WEREWOLF##Retro#4 / Game3,Youtube,0,Justin,Troublemaker,Troublemaker,False
Youtube / ONE#NIGHT#ULTIMATE#WEREWOLF##Retro#4 / Game3,Youtube,1,Caitlynn,Drunk,Werewolf,True
Youtube / ONE#NIGHT#ULTIMATE#WEREWOLF##Retro#4 / Game3,Youtube,2,Mike,Seer,Insomniac,True
Youtube / ONE#NIGHT#ULTIMATE#WEREWOLF##Retro#4 / Game3,Youtube,3,James,Insomniac,Seer,True
Youtube / ONE#NIGHT#ULTIMATE#WEREWOLF##Retro#4 / Game3,Youtube,4,Mitchell,Werewolf,Werewolf,False
Youtube / ONE#NIGHT#ULTIMATE#WEREWOLF##Retro#4 / Game4,Youtube,0,Justin,Insomniac,Werewolf,True
Youtube / ONE#NIGHT#ULTIMATE#WEREWOLF##Retro#4 / Game4,Youtube,1,Caitlynn,Minion,Minion,False
Youtube / ONE#NIGHT#ULTIMATE#WEREWOLF##Retro#4 / Game4,Youtube,2,Mike,Werewolf,Insomniac,True
Youtube / ONE#NIGHT#ULTIMATE#WEREWOLF##Retro#4 / Game4,Youtube,3,James,Troublemaker,Troublemaker,False
Youtube / ONE#NIGHT#ULTIMATE#WEREWOLF##Retro#4 / Game4,Youtube,4,Mitchell,Drunk,Robber,True
Youtube / ONE#NIGHT#ULTIMATE#WEREWOLF##Retro#4 / Game5,Youtube,0,Justin,Werewolf,Robber,True
Youtube / ONE#NIGHT#ULTIMATE#WEREWOLF##Retro#4 / Game5,Youtube,1,Caitlynn,Drunk,Minion,True
Youtube / ONE#NIGHT#ULTIMATE#WEREWOLF##Retro#4 / Game5,Youtube,2,Mike,Seer,Seer,False
Youtube / ONE#NIGHT#ULTIMATE#WEREWOLF##Retro#4 / Game5,Youtube,3,James,Robber,Werewolf,True
Youtube / ONE#NIGHT#ULTIMATE#WEREWOLF##Retro#4 / Game5,Youtube,4,Mitchell,Insomniac,Insomniac,False
Youtube / ONE#NIGHT#ULTIMATE#WEREWOLF##Retro#4 / Game6,Youtube,0,Justin,Insomniac,Insomniac,False
Youtube / ONE#NIGHT#ULTIMATE#WEREWOLF##Retro#4 / Game6,Youtube,1,Caitlynn,Werewolf,Drunk,True
Youtube / ONE#NIGHT#ULTIMATE#WEREWOLF##Retro#4 / Game6,Youtube,2,Mike,Troublemaker,Troublemaker,False
Youtube / ONE#NIGHT#ULTIMATE#WEREWOLF##Retro#4 / Game6,Youtube,3,James,Minion,Minion,False
Youtube / ONE#NIGHT#ULTIMATE#WEREWOLF##Retro#4 / Game6,Youtube,4,Mitchell,Drunk,Robber,True
Youtube / ONE#NIGHT#ULTIMATE#WEREWOLF##Retro#4 / Game7,Youtube,0,Justin,Minion,Drunk,True
Youtube / ONE#NIGHT#ULTIMATE#WEREWOLF##Retro#4 / Game7,Youtube,1,Caitlynn,Drunk,Insomniac,True
Youtube / ONE#NIGHT#ULTIMATE#WEREWOLF##Retro#4 / Game7,Youtube,2,Mike,Seer,Seer,False
Youtube / ONE#NIGHT#ULTIMATE#WEREWOLF##Retro#4 / Game7,Youtube,3,James,Troublemaker,Troublemaker,False
Youtube / ONE#NIGHT#ULTIMATE#WEREWOLF##Retro#4 / Game7,Youtube,4,Mitchell,Robber,Minion,True
Youtube / ONE#NIGHT#ULTIMATE#WEREWOLF##Retro#4 / Game9,Youtube,0,Justin,Minion,Minion,False
Youtube / ONE#NIGHT#ULTIMATE#WEREWOLF##Retro#4 / Game9,Youtube,1,Caitlynn,Drunk,Werewolf,True
Youtube / ONE#NIGHT#ULTIMATE#WEREWOLF##Retro#4 / Game9,Youtube,2,Mike,Seer,Seer,False
Youtube / ONE#NIGHT#ULTIMATE#WEREWOLF##Retro#4 / Game9,Youtube,3,James,Werewolf,Werewolf,False
Youtube / ONE#NIGHT#ULTIMATE#WEREWOLF##Retro#4 / Game9,Youtube,4,Mitchell,Insomniac,Insomniac,False
Youtube / ONE#NIGHT#ULTIMATE#WEREWOLF##Retro#5 / Game1,Youtube,0,Justin,Troublemaker,Troublemaker,False
Youtube / ONE#NIGHT#ULTIMATE#WEREWOLF##Retro#5 / Game1,Youtube,1,Paul,Villager,Seer,True
Youtube / ONE#NIGHT#ULTIMATE#WEREWOLF##Retro#5 / Game1,Youtube,2,Mitchell,Seer,Villager,True
Youtube / ONE#NIGHT#ULTIMATE#WEREWOLF##Retro#5 / Game2,Youtube,0,Justin,Werewolf,Villager,True
Youtube / ONE#NIGHT#ULTIMATE#WEREWOLF##Retro#5 / Game2,Youtube,1,Paul,Troublemaker,Troublemaker,False
Youtube / ONE#NIGHT#ULTIMATE#WEREWOLF##Retro#5 / Game2,Youtube,2,Mitchell,Villager,Werewolf,True
Youtube / ONE#NIGHT#ULTIMATE#WEREWOLF##Retro#5 / Game3,Youtube,0,Justin,Troublemaker,Troublemaker,False
Youtube / ONE#NIGHT#ULTIMATE#WEREWOLF##Retro#5 / Game3,Youtube,1,Paul,Werewolf,Werewolf,False
Youtube / ONE#NIGHT#ULTIMATE#WEREWOLF##Retro#5 / Game3,Youtube,2,Mitchell,Seer,Seer,False
Youtube / ONE#NIGHT#ULTIMATE#WEREWOLF##Retro#5 / Game4,Youtube,0,Justin,Troublemaker,Troublemaker,False
Youtube / ONE#NIGHT#ULTIMATE#WEREWOLF##Retro#5 / Game4,Youtube,1,Paul,Robber,Robber,False
Youtube / ONE#NIGHT#ULTIMATE#WEREWOLF##Retro#5 / Game4,Youtube,2,Mitchell,Insomniac,Insomniac,False
Youtube / ONE#NIGHT#ULTIMATE#WEREWOLF##Retro#5 / Game5,Youtube,0,Justin,Werewolf,Werewolf,False
Youtube / ONE#NIGHT#ULTIMATE#WEREWOLF##Retro#5 / Game5,Youtube,1,Paul,Werewolf,Werewolf,False
Youtube / ONE#NIGHT#ULTIMATE#WEREWOLF##Retro#5 / Game5,Youtube,2,Mitchell,Insomniac,Insomniac,False
Youtube / ONE#NIGHT#ULTIMATE#WEREWOLF##Retro#5 / Game6,Youtube,0,Justin,Werewolf,Werewolf,False
Youtube / ONE#NIGHT#ULTIMATE#WEREWOLF##Retro#5 / Game6,Youtube,1,Paul,Werewolf,Werewolf,False
Youtube / ONE#NIGHT#ULTIMATE#WEREWOLF##Retro#5 / Game6,Youtube,2,Mitchell,Insomniac,Insomniac,False
Youtube / ONE#NIGHT#ULTIMATE#WEREWOLF##Retro#5 / Game7,Youtube,0,Justin,Insomniac,Insomniac,False
Youtube / ONE#NIGHT#ULTIMATE#WEREWOLF##Retro#5 / Game7,Youtube,1,Paul,Werewolf,Werewolf,False
Youtube / ONE#NIGHT#ULTIMATE#WEREWOLF##Retro#5 / Game7,Youtube,2,Mitchell,Troublemaker,Troublemaker,False
Youtube / ONE#NIGHT#ULTIMATE#WEREWOLF##Retro#5 / Game8,Youtube,0,Justin,Werewolf,Werewolf,False
Youtube / ONE#NIGHT#ULTIMATE#WEREWOLF##Retro#5 / Game8,Youtube,1,Paul,Werewolf,Werewolf,False
Youtube / ONE#NIGHT#ULTIMATE#WEREWOLF##Retro#5 / Game8,Youtube,2,Mitchell,Tanner,Tanner,False
Youtube / ONE#NIGHT#ULTIMATE#WEREWOLF#-#Drinking#Play#Through / Game1,Youtube,0,Sarah,Hunter,Robber,True
Youtube / ONE#NIGHT#ULTIMATE#WEREWOLF#-#Drinking#Play#Through / Game1,Youtube,1,Jordan1,Robber,Hunter,True
Youtube / ONE#NIGHT#ULTIMATE#WEREWOLF#-#Drinking#Play#Through / Game1,Youtube,2,Haak,Werewolf,Werewolf,False
Youtube / ONE#NIGHT#ULTIMATE#WEREWOLF#-#Drinking#Play#Through / Game1,Youtube,3,Robin,Minion,Minion,False
Youtube / ONE#NIGHT#ULTIMATE#WEREWOLF#-#Drinking#Play#Through / Game1,Youtube,4,Jordan2,Tanner,Tanner,False
Youtube / ONE#NIGHT#ULTIMATE#WEREWOLF#-#Drinking#Play#Through / Game1,Youtube,5,Meryl,Seer,Seer,False
Youtube / ONE#NIGHT#ULTIMATE#WEREWOLF#-#Drinking#Play#Through / Game2,Youtube,0,Sarah,Robber,Drunk,True
Youtube / ONE#NIGHT#ULTIMATE#WEREWOLF#-#Drinking#Play#Through / Game2,Youtube,1,Jordan1,Minion,Minion,False
Youtube / ONE#NIGHT#ULTIMATE#WEREWOLF#-#Drinking#Play#Through / Game2,Youtube,2,Haak,Drunk,Hunter,True
Youtube / ONE#NIGHT#ULTIMATE#WEREWOLF#-#Drinking#Play#Through / Game2,Youtube,3,Robin,Seer,Seer,False
Youtube / ONE#NIGHT#ULTIMATE#WEREWOLF#-#Drinking#Play#Through / Game2,Youtube,4,Jordan2,Tanner,Tanner,False
Youtube / ONE#NIGHT#ULTIMATE#WEREWOLF#-#Drinking#Play#Through / Game2,Youtube,5,Meryl,Werewolf,Werewolf,False
Youtube / ONE#NIGHT#ULTIMATE#WEREWOLF#1##July#5th#2016 / Game2,Youtube,0,Justin,Drunk,Revealer,True
Youtube / ONE#NIGHT#ULTIMATE#WEREWOLF#1##July#5th#2016 / Game2,Youtube,1,Julie,Werewolf,Werewolf,False
Youtube / ONE#NIGHT#ULTIMATE#WEREWOLF#1##July#5th#2016 / Game2,Youtube,2,Alban,Insomniac,Insomniac,False
Youtube / ONE#NIGHT#ULTIMATE#WEREWOLF#1##July#5th#2016 / Game2,Youtube,3,James,Seer,Seer,False
Youtube / ONE#NIGHT#ULTIMATE#WEREWOLF#1##July#5th#2016 / Game2,Youtube,4,Mitchell,Werewolf,Werewolf,False
Youtube / ONE#NIGHT#ULTIMATE#WEREWOLF#1##July#5th#2016 / Game2,Youtube,5,Mike,Tanner,Tanner,False
Youtube / One#Night#Ultimate#Werewolf#1#How-To#and#Playthrough / Game1,Youtube,0,Dan,Seer,Werewolf,True
Youtube / One#Night#Ultimate#Werewolf#1#How-To#and#Playthrough / Game1,Youtube,1,Ed,Werewolf,Seer,True
Youtube / One#Night#Ultimate#Werewolf#1#How-To#and#Playthrough / Game1,Youtube,2,Katie,Werewolf,Werewolf,False
Youtube / One#Night#Ultimate#Werewolf#1#How-To#and#Playthrough / Game1,Youtube,3,Brett,Villager,Villager,False
Youtube / One#Night#Ultimate#Werewolf#1#How-To#and#Playthrough / Game1,Youtube,4,Audrey,Villager,Villager,False
Youtube / One#Night#Ultimate#Werewolf#1#How-To#and#Playthrough / Game1,Youtube,5,Dylan,Troublemaker,Troublemaker,False
Youtube / ONE#NIGHT#ULTIMATE#WEREWOLF#10##November#6th#2016 / Game1,Youtube,0,Matt,Seer,Insomniac,True
Youtube / ONE#NIGHT#ULTIMATE#WEREWOLF#10##November#6th#2016 / Game1,Youtube,1,Mitchell,Troublemaker,Troublemaker,False
Youtube / ONE#NIGHT#ULTIMATE#WEREWOLF#10##November#6th#2016 / Game1,Youtube,2,Alana,Insomniac,Robber,True
Youtube / ONE#NIGHT#ULTIMATE#WEREWOLF#10##November#6th#2016 / Game1,Youtube,3,Mike,Robber,Seer,True
Youtube / ONE#NIGHT#ULTIMATE#WEREWOLF#13##July#29th#2017 / Game1,Youtube,0,Justin,Drunk,Seer,True
Youtube / ONE#NIGHT#ULTIMATE#WEREWOLF#13##July#29th#2017 / Game1,Youtube,1,Julie,Tanner,Tanner,False
Youtube / ONE#NIGHT#ULTIMATE#WEREWOLF#13##July#29th#2017 / Game1,Youtube,2,Mitchell,Werewolf,Werewolf,False
Youtube / ONE#NIGHT#ULTIMATE#WEREWOLF#13##July#29th#2017 / Game1,Youtube,3,Mike,Werewolf,Werewolf,False
Youtube / ONE#NIGHT#ULTIMATE#WEREWOLF#13##July#29th#2017 / Game2,Youtube,0,Justin,Troublemaker,Robber,True
Youtube / ONE#NIGHT#ULTIMATE#WEREWOLF#13##July#29th#2017 / Game2,Youtube,1,Julie,Werewolf,Werewolf,False
Youtube / ONE#NIGHT#ULTIMATE#WEREWOLF#13##July#29th#2017 / Game2,Youtube,2,Mitchell,Werewolf,Werewolf,False
Youtube / ONE#NIGHT#ULTIMATE#WEREWOLF#13##July#29th#2017 / Game2,Youtube,3,Mike,Robber,Troublemaker,True
Youtube / ONE#NIGHT#ULTIMATE#WEREWOLF#13##July#29th#2017 / Game3,Youtube,0,Justin,Drunk,Troublemaker,True
Youtube / ONE#NIGHT#ULTIMATE#WEREWOLF#13##July#29th#2017 / Game3,Youtube,1,Julie,Seer,Seer,False
Youtube / ONE#NIGHT#ULTIMATE#WEREWOLF#13##July#29th#2017 / Game3,Youtube,2,Mitchell,Werewolf,Werewolf,False
Youtube / ONE#NIGHT#ULTIMATE#WEREWOLF#13##July#29th#2017 / Game3,Youtube,3,Mike,Werewolf,Werewolf,False
Youtube / ONE#NIGHT#ULTIMATE#WEREWOLF#14##August#26th#2017 / Game1,Youtube,0,Justin,Tanner,Tanner,False
Youtube / ONE#NIGHT#ULTIMATE#WEREWOLF#14##August#26th#2017 / Game1,Youtube,1,Mitchell,Insomniac,Insomniac,False
Youtube / ONE#NIGHT#ULTIMATE#WEREWOLF#14##August#26th#2017 / Game1,Youtube,2,Caitlynn,Werewolf,Werewolf,False
Youtube / ONE#NIGHT#ULTIMATE#WEREWOLF#14##August#26th#2017 / Game1,Youtube,3,Mike,Werewolf,Werewolf,False
Youtube / ONE#NIGHT#ULTIMATE#WEREWOLF#14##August#26th#2017 / Game2,Youtube,0,Justin,Werewolf,Werewolf,False
Youtube / ONE#NIGHT#ULTIMATE#WEREWOLF#14##August#26th#2017 / Game2,Youtube,1,Mitchell,Insomniac,Insomniac,False
Youtube / ONE#NIGHT#ULTIMATE#WEREWOLF#14##August#26th#2017 / Game2,Youtube,2,Caitlynn,Tanner,Tanner,False
Youtube / ONE#NIGHT#ULTIMATE#WEREWOLF#14##August#26th#2017 / Game2,Youtube,3,Mike,Werewolf,Werewolf,False
Youtube / ONE#NIGHT#ULTIMATE#WEREWOLF#18##September#30th#2017 / Game1,Youtube,0,Justin,Drunk,Werewolf,True
Youtube / ONE#NIGHT#ULTIMATE#WEREWOLF#18##September#30th#2017 / Game1,Youtube,1,Julie,Tanner,Tanner,False
Youtube / ONE#NIGHT#ULTIMATE#WEREWOLF#18##September#30th#2017 / Game1,Youtube,2,Paul,Werewolf,Robber,True
Youtube / ONE#NIGHT#ULTIMATE#WEREWOLF#18##September#30th#2017 / Game1,Youtube,3,Mitchell,Robber,Werewolf,True
Youtube / One#Night#Ultimate#Werewolf#2#The#Drunk / Game1,Youtube,0,Dan,Mason,Werewolf,True
Youtube / One#Night#Ultimate#Werewolf#2#The#Drunk / Game1,Youtube,1,Ed,Seer,Seer,False
Youtube / One#Night#Ultimate#Werewolf#2#The#Drunk / Game1,Youtube,2,Katie,Werewolf,Werewolf,False
Youtube / One#Night#Ultimate#Werewolf#2#The#Drunk / Game1,Youtube,3,Brett,Troublemaker,Troublemaker,False
Youtube / One#Night#Ultimate#Werewolf#2#The#Drunk / Game1,Youtube,4,Audrey,Villager,Villager,False
Youtube / One#Night#Ultimate#Werewolf#2#The#Drunk / Game1,Youtube,5,Dylan,Werewolf,Mason,True
Youtube / ONE#NIGHT#ULTIMATE#WEREWOLF#26##January#20th#2018 / Game2,Youtube,0,Justin,Troublemaker,Troublemaker,False
Youtube / ONE#NIGHT#ULTIMATE#WEREWOLF#26##January#20th#2018 / Game2,Youtube,1,Meghan,Robber,Werewolf,True
Youtube / ONE#NIGHT#ULTIMATE#WEREWOLF#26##January#20th#2018 / Game2,Youtube,2,Paul,Tanner,Tanner,False
Youtube / ONE#NIGHT#ULTIMATE#WEREWOLF#26##January#20th#2018 / Game2,Youtube,3,Mitchell,Werewolf,Werewolf,False
Youtube / ONE#NIGHT#ULTIMATE#WEREWOLF#26##January#20th#2018 / Game2,Youtube,4,Mike,Werewolf,Robber,True
Youtube / ONE#NIGHT#ULTIMATE#WEREWOLF#26##January#20th#2018 / Game3,Youtube,0,Justin,Werewolf,Robber,True
Youtube / ONE#NIGHT#ULTIMATE#WEREWOLF#26##January#20th#2018 / Game3,Youtube,1,Meghan,Tanner,Werewolf,True
Youtube / ONE#NIGHT#ULTIMATE#WEREWOLF#26##January#20th#2018 / Game3,Youtube,2,Paul,Troublemaker,Troublemaker,False
Youtube / ONE#NIGHT#ULTIMATE#WEREWOLF#26##January#20th#2018 / Game3,Youtube,3,Mitchell,Werewolf,Werewolf,False
Youtube / ONE#NIGHT#ULTIMATE#WEREWOLF#26##January#20th#2018 / Game3,Youtube,4,Mike,Robber,Tanner,True
Youtube / ONE#NIGHT#ULTIMATE#WEREWOLF#28##February#17th#2018 / Game1,Youtube,0,Justin,Troublemaker,Troublemaker,False
Youtube / ONE#NIGHT#ULTIMATE#WEREWOLF#28##February#17th#2018 / Game1,Youtube,1,Caitlynn,Robber,Drunk,True
Youtube / ONE#NIGHT#ULTIMATE#WEREWOLF#28##February#17th#2018 / Game1,Youtube,2,Paul,Seer,Robber,True
Youtube / ONE#NIGHT#ULTIMATE#WEREWOLF#28##February#17th#2018 / Game1,Youtube,3,Alysha,Werewolf,Werewolf,False
Youtube / ONE#NIGHT#ULTIMATE#WEREWOLF#28##February#17th#2018 / Game1,Youtube,4,Mitchell,Drunk,Werewolf,True
Youtube / ONE#NIGHT#ULTIMATE#WEREWOLF#28##February#17th#2018 / Game1,Youtube,5,Mike,Tanner,Tanner,False
Youtube / ONE#NIGHT#ULTIMATE#WEREWOLF#28##February#17th#2018 / Game2,Youtube,0,Justin,Werewolf,Robber,True
Youtube / ONE#NIGHT#ULTIMATE#WEREWOLF#28##February#17th#2018 / Game2,Youtube,1,Caitlynn,Tanner,Werewolf,True
Youtube / ONE#NIGHT#ULTIMATE#WEREWOLF#28##February#17th#2018 / Game2,Youtube,2,Paul,Robber,Tanner,True
Youtube / ONE#NIGHT#ULTIMATE#WEREWOLF#28##February#17th#2018 / Game2,Youtube,3,Alysha,Minion,Minion,False
Youtube / ONE#NIGHT#ULTIMATE#WEREWOLF#28##February#17th#2018 / Game2,Youtube,4,Mitchell,Troublemaker,Troublemaker,False
Youtube / ONE#NIGHT#ULTIMATE#WEREWOLF#28##February#17th#2018 / Game2,Youtube,5,Mike,Drunk,Seer,True
Youtube / ONE#NIGHT#ULTIMATE#WEREWOLF#28##February#17th#2018 / Game3,Youtube,0,Justin,Werewolf,Robber,True
Youtube / ONE#NIGHT#ULTIMATE#WEREWOLF#28##February#17th#2018 / Game3,Youtube,1,Caitlynn,Tanner,Werewolf,True
Youtube / ONE#NIGHT#ULTIMATE#WEREWOLF#28##February#17th#2018 / Game3,Youtube,2,Paul,Robber,Tanner,True
Youtube / ONE#NIGHT#ULTIMATE#WEREWOLF#28##February#17th#2018 / Game3,Youtube,3,Alysha,Minion,Minion,False
Youtube / ONE#NIGHT#ULTIMATE#WEREWOLF#28##February#17th#2018 / Game3,Youtube,4,Mitchell,Troublemaker,Troublemaker,False
Youtube / ONE#NIGHT#ULTIMATE#WEREWOLF#28##February#17th#2018 / Game3,Youtube,5,Mike,Drunk,Seer,True
Youtube / One#Night#Ultimate#Werewolf#3#Insomniac / Game1,Youtube,0,Dan,Troublemaker,Troublemaker,False
Youtube / One#Night#Ultimate#Werewolf#3#Insomniac / Game1,Youtube,1,Ed,Insomniac,Mason,True
Youtube / One#Night#Ultimate#Werewolf#3#Insomniac / Game1,Youtube,2,Katie,Mason,Insomniac,True
Youtube / One#Night#Ultimate#Werewolf#3#Insomniac / Game1,Youtube,3,Brett,Werewolf,Werewolf,False
Youtube / One#Night#Ultimate#Werewolf#3#Insomniac / Game1,Youtube,4,Audrey,Robber,Seer,True
Youtube / One#Night#Ultimate#Werewolf#3#Insomniac / Game1,Youtube,5,Dylan,Seer,Robber,True
Youtube / ONE#NIGHT#ULTIMATE#WEREWOLF#30##February#17th#2018 / Game2,Youtube,0,Justin,Tanner,Robber,True
Youtube / ONE#NIGHT#ULTIMATE#WEREWOLF#30##February#17th#2018 / Game2,Youtube,1,Caitlynn,Insomniac,Insomniac,False
Youtube / ONE#NIGHT#ULTIMATE#WEREWOLF#30##February#17th#2018 / Game2,Youtube,2,Paul,Werewolf,Werewolf,False
Youtube / ONE#NIGHT#ULTIMATE#WEREWOLF#30##February#17th#2018 / Game2,Youtube,3,Alysha,Seer,Seer,False
Youtube / ONE#NIGHT#ULTIMATE#WEREWOLF#30##February#17th#2018 / Game2,Youtube,4,Mitchell,Werewolf,Werewolf,False
Youtube / ONE#NIGHT#ULTIMATE#WEREWOLF#30##February#17th#2018 / Game2,Youtube,5,Mike,Robber,Tanner,True
Youtube / ONE#NIGHT#ULTIMATE#WEREWOLF#30##February#17th#2018 / Game4,Youtube,0,Justin,Minion,Minion,False
Youtube / ONE#NIGHT#ULTIMATE#WEREWOLF#30##February#17th#2018 / Game4,Youtube,1,Caitlynn,Robber,Seer,True
Youtube / ONE#NIGHT#ULTIMATE#WEREWOLF#30##February#17th#2018 / Game4,Youtube,2,Paul,Werewolf,Werewolf,False
Youtube / ONE#NIGHT#ULTIMATE#WEREWOLF#30##February#17th#2018 / Game4,Youtube,3,Alysha,Tanner,Tanner,False
Youtube / ONE#NIGHT#ULTIMATE#WEREWOLF#30##February#17th#2018 / Game4,Youtube,4,Mitchell,Seer,Troublemaker,True
Youtube / ONE#NIGHT#ULTIMATE#WEREWOLF#30##February#17th#2018 / Game4,Youtube,5,Mike,Troublemaker,Robber,True
Youtube / ONE#NIGHT#ULTIMATE#WEREWOLF#34##March#24th#2018 / Game2,Youtube,0,Justin,Tanner,Tanner,False
Youtube / ONE#NIGHT#ULTIMATE#WEREWOLF#34##March#24th#2018 / Game2,Youtube,1,Carly,Troublemaker,Troublemaker,False
Youtube / ONE#NIGHT#ULTIMATE#WEREWOLF#34##March#24th#2018 / Game2,Youtube,2,Paul,Hunter,Werewolf,True
Youtube / ONE#NIGHT#ULTIMATE#WEREWOLF#34##March#24th#2018 / Game2,Youtube,3,Mitchell,Werewolf,Hunter,True
Youtube / ONE#NIGHT#ULTIMATE#WEREWOLF#34##March#24th#2018 / Game2,Youtube,4,Mike,Seer,Seer,False
Youtube / ONE#NIGHT#ULTIMATE#WEREWOLF#34##March#24th#2018 / Game3,Youtube,0,Justin,Tanner,Tanner,False
Youtube / ONE#NIGHT#ULTIMATE#WEREWOLF#34##March#24th#2018 / Game3,Youtube,1,Carly,Minion,Minion,False
Youtube / ONE#NIGHT#ULTIMATE#WEREWOLF#34##March#24th#2018 / Game3,Youtube,2,Paul,Seer,Seer,False
Youtube / ONE#NIGHT#ULTIMATE#WEREWOLF#34##March#24th#2018 / Game3,Youtube,3,Mitchell,Werewolf,Werewolf,False
Youtube / ONE#NIGHT#ULTIMATE#WEREWOLF#34##March#24th#2018 / Game3,Youtube,4,Mike,Werewolf,Werewolf,False
Youtube / One#Night#Ultimate#Werewolf#361#Classic#Werewolf / Game1,Youtube,0,Pete,Mason,Drunk,True
Youtube / One#Night#Ultimate#Werewolf#361#Classic#Werewolf / Game1,Youtube,1,Katie,Drunk,Minion,True
Youtube / One#Night#Ultimate#Werewolf#361#Classic#Werewolf / Game1,Youtube,2,Brett,Troublemaker,Troublemaker,False
Youtube / One#Night#Ultimate#Werewolf#361#Classic#Werewolf / Game1,Youtube,3,George,Werewolf,Robber,True
Youtube / One#Night#Ultimate#Werewolf#361#Classic#Werewolf / Game1,Youtube,4,Kelsey,Werewolf,Werewolf,False
Youtube / One#Night#Ultimate#Werewolf#361#Classic#Werewolf / Game1,Youtube,5,Dylan,Robber,Werewolf,True
Youtube / One#Night#Ultimate#Werewolf#362#More#Classic#Werewolf / Game1,Youtube,0,Pete,Werewolf,Werewolf,False
Youtube / One#Night#Ultimate#Werewolf#362#More#Classic#Werewolf / Game1,Youtube,1,Katie,Werewolf,Werewolf,False
Youtube / One#Night#Ultimate#Werewolf#362#More#Classic#Werewolf / Game1,Youtube,2,Brett,Tanner,Robber,True
Youtube / One#Night#Ultimate#Werewolf#362#More#Classic#Werewolf / Game1,Youtube,3,George,Minion,Minion,False
Youtube / One#Night#Ultimate#Werewolf#362#More#Classic#Werewolf / Game1,Youtube,4,Kelsey,Robber,Tanner,True
Youtube / One#Night#Ultimate#Werewolf#362#More#Classic#Werewolf / Game1,Youtube,5,Dylan,Mason,Mason,False
Youtube / One#Night#Ultimate#Werewolf#363#Even#More#Classic#Werewolf / Game1,Youtube,0,Pete,Mason,Robber,True
Youtube / One#Night#Ultimate#Werewolf#363#Even#More#Classic#Werewolf / Game1,Youtube,1,Katie,Werewolf,Werewolf,False
Youtube / One#Night#Ultimate#Werewolf#363#Even#More#Classic#Werewolf / Game1,Youtube,2,Brett,Mason,Mason,False
Youtube / One#Night#Ultimate#Werewolf#363#Even#More#Classic#Werewolf / Game1,Youtube,3,George,Robber,Mason,True
Youtube / One#Night#Ultimate#Werewolf#363#Even#More#Classic#Werewolf / Game1,Youtube,4,Kelsey,Minion,Minion,False
Youtube / One#Night#Ultimate#Werewolf#363#Even#More#Classic#Werewolf / Game1,Youtube,5,Dylan,Drunk,Troublemaker,True
Youtube / ONE#NIGHT#ULTIMATE#WEREWOLF#37##April#21st#2018 / Game2,Youtube,0,Justin,Werewolf,Minion,True
Youtube / ONE#NIGHT#ULTIMATE#WEREWOLF#37##April#21st#2018 / Game2,Youtube,1,Caitlynn,Werewolf,Werewolf,False
Youtube / ONE#NIGHT#ULTIMATE#WEREWOLF#37##April#21st#2018 / Game2,Youtube,2,Mitchell,Minion,Werewolf,True
Youtube / ONE#NIGHT#ULTIMATE#WEREWOLF#37##April#21st#2018 / Game2,Youtube,3,James,Tanner,Tanner,False
Youtube / ONE#NIGHT#ULTIMATE#WEREWOLF#37##April#21st#2018 / Game2,Youtube,4,Mike,Troublemaker,Troublemaker,False
Youtube / ONE#NIGHT#ULTIMATE#WEREWOLF#38##April#21st#2018 / Game3,Youtube,0,Justin,Robber,Werewolf,True
Youtube / ONE#NIGHT#ULTIMATE#WEREWOLF#38##April#21st#2018 / Game3,Youtube,1,Caitlynn,Tanner,Tanner,False
Youtube / ONE#NIGHT#ULTIMATE#WEREWOLF#38##April#21st#2018 / Game3,Youtube,2,Mitchell,Seer,Seer,False
Youtube / ONE#NIGHT#ULTIMATE#WEREWOLF#38##April#21st#2018 / Game3,Youtube,3,James,Werewolf,Robber,True
Youtube / ONE#NIGHT#ULTIMATE#WEREWOLF#38##April#21st#2018 / Game3,Youtube,4,Mike,Werewolf,Werewolf,False
Youtube / ONE#NIGHT#ULTIMATE#WEREWOLF#38##April#21st#2018 / Game4,Youtube,0,Justin,Werewolf,Werewolf,False
Youtube / ONE#NIGHT#ULTIMATE#WEREWOLF#38##April#21st#2018 / Game4,Youtube,1,Caitlynn,Tanner,Robber,True
Youtube / ONE#NIGHT#ULTIMATE#WEREWOLF#38##April#21st#2018 / Game4,Youtube,2,Mitchell,Minion,Minion,False
Youtube / ONE#NIGHT#ULTIMATE#WEREWOLF#38##April#21st#2018 / Game4,Youtube,3,James,Robber,Tanner,True
Youtube / ONE#NIGHT#ULTIMATE#WEREWOLF#38##April#21st#2018 / Game4,Youtube,4,Mike,Seer,Seer,False
Youtube / One#Night#Ultimate#Werewolf#381#The#Hunt#Is#On / Game1,Youtube,0,Ed,Troublemaker,Robber,True
Youtube / One#Night#Ultimate#Werewolf#381#The#Hunt#Is#On / Game1,Youtube,1,Dustin,Insomniac,Insomniac,False
Youtube / One#Night#Ultimate#Werewolf#381#The#Hunt#Is#On / Game1,Youtube,2,Katie,Robber,Seer,True
Youtube / One#Night#Ultimate#Werewolf#381#The#Hunt#Is#On / Game1,Youtube,3,Brett,Seer,Troublemaker,True
Youtube / One#Night#Ultimate#Werewolf#381#The#Hunt#Is#On / Game1,Youtube,4,Kelsey,Hunter,Hunter,False
Youtube / One#Night#Ultimate#Werewolf#381#The#Hunt#Is#On / Game1,Youtube,5,Dylan,Tanner,Tanner,False
Youtube / One#Night#Ultimate#Werewolf#382#Game#100!! / Game1,Youtube,0,Ed,Seer,Seer,False
Youtube / One#Night#Ultimate#Werewolf#382#Game#100!! / Game1,Youtube,1,Dustin,Insomniac,Werewolf,True
Youtube / One#Night#Ultimate#Werewolf#382#Game#100!! / Game1,Youtube,2,Katie,Robber,Tanner,True
Youtube / One#Night#Ultimate#Werewolf#382#Game#100!! / Game1,Youtube,3,Brett,Troublemaker,Troublemaker,False
Youtube / One#Night#Ultimate#Werewolf#382#Game#100!! / Game1,Youtube,4,Kelsey,Tanner,Robber,True
Youtube / One#Night#Ultimate#Werewolf#382#Game#100!! / Game1,Youtube,5,Dylan,Werewolf,Insomniac,True
Youtube / ONE#NIGHT#ULTIMATE#WEREWOLF#39##April#21st#2018 / Game3,Youtube,0,Justin,Werewolf,Werewolf,False
Youtube / ONE#NIGHT#ULTIMATE#WEREWOLF#39##April#21st#2018 / Game3,Youtube,1,Caitlynn,Drunk,Robber,True
Youtube / ONE#NIGHT#ULTIMATE#WEREWOLF#39##April#21st#2018 / Game3,Youtube,2,Mitchell,Tanner,Tanner,False
Youtube / ONE#NIGHT#ULTIMATE#WEREWOLF#39##April#21st#2018 / Game3,Youtube,3,James,Werewolf,Werewolf,False
Youtube / ONE#NIGHT#ULTIMATE#WEREWOLF#39##April#21st#2018 / Game3,Youtube,4,Mike,Seer,Seer,False
Youtube / ONE#NIGHT#ULTIMATE#WEREWOLF#4##July#14th#2016 / Game1,Youtube,0,Justin,Drunk,Werewolf,True
Youtube / ONE#NIGHT#ULTIMATE#WEREWOLF#4##July#14th#2016 / Game1,Youtube,1,Paul,Robber,Seer,True
Youtube / ONE#NIGHT#ULTIMATE#WEREWOLF#4##July#14th#2016 / Game1,Youtube,2,Mitchell,Tanner,Tanner,False
Youtube / ONE#NIGHT#ULTIMATE#WEREWOLF#4##July#14th#2016 / Game1,Youtube,3,Mike,Seer,Robber,True
Youtube / ONE#NIGHT#ULTIMATE#WEREWOLF#4##July#14th#2016 / Game2,Youtube,0,Justin,Werewolf,Werewolf,False
Youtube / ONE#NIGHT#ULTIMATE#WEREWOLF#4##July#14th#2016 / Game2,Youtube,1,Paul,Robber,Seer,True
Youtube / ONE#NIGHT#ULTIMATE#WEREWOLF#4##July#14th#2016 / Game2,Youtube,2,Mitchell,Werewolf,Werewolf,False
Youtube / ONE#NIGHT#ULTIMATE#WEREWOLF#4##July#14th#2016 / Game2,Youtube,3,Mike,Seer,Robber,True
Youtube / ONE#NIGHT#ULTIMATE#WEREWOLF#4##July#14th#2016 / Game3,Youtube,0,Justin,Robber,Seer,True
Youtube / ONE#NIGHT#ULTIMATE#WEREWOLF#4##July#14th#2016 / Game3,Youtube,1,Paul,Drunk,Tanner,True
Youtube / ONE#NIGHT#ULTIMATE#WEREWOLF#4##July#14th#2016 / Game3,Youtube,2,Mitchell,Seer,Drunk,True
Youtube / ONE#NIGHT#ULTIMATE#WEREWOLF#4##July#14th#2016 / Game3,Youtube,3,Mike,Troublemaker,Troublemaker,False
Youtube / ONE#NIGHT#ULTIMATE#WEREWOLF#43##October#13th#2018 / Game1,Youtube,0,Justin,Werewolf,Robber,True
Youtube / ONE#NIGHT#ULTIMATE#WEREWOLF#43##October#13th#2018 / Game1,Youtube,1,Mitchell,Tanner,Werewolf,True
Youtube / ONE#NIGHT#ULTIMATE#WEREWOLF#43##October#13th#2018 / Game1,Youtube,2,Paul,Robber,Tanner,True
Youtube / ONE#NIGHT#ULTIMATE#WEREWOLF#43##October#13th#2018 / Game1,Youtube,3,Mike,Troublemaker,Troublemaker,False
Youtube / ONE#NIGHT#ULTIMATE#WEREWOLF#43##October#13th#2018 / Game3,Youtube,0,Justin,Werewolf,Tanner,True
Youtube / ONE#NIGHT#ULTIMATE#WEREWOLF#43##October#13th#2018 / Game3,Youtube,1,Mitchell,Troublemaker,Troublemaker,False
Youtube / ONE#NIGHT#ULTIMATE#WEREWOLF#43##October#13th#2018 / Game3,Youtube,2,Paul,Tanner,Robber,True
Youtube / ONE#NIGHT#ULTIMATE#WEREWOLF#43##October#13th#2018 / Game3,Youtube,3,Mike,Robber,Werewolf,True
Youtube / ONE#NIGHT#ULTIMATE#WEREWOLF#43##October#13th#2018 / Game4,Youtube,0,Justin,Tanner,Troublemaker,True
Youtube / ONE#NIGHT#ULTIMATE#WEREWOLF#43##October#13th#2018 / Game4,Youtube,1,Mitchell,Robber,Tanner,True
Youtube / ONE#NIGHT#ULTIMATE#WEREWOLF#43##October#13th#2018 / Game4,Youtube,2,Paul,Werewolf,Werewolf,False
Youtube / ONE#NIGHT#ULTIMATE#WEREWOLF#43##October#13th#2018 / Game4,Youtube,3,Mike,Troublemaker,Robber,True
Youtube / ONE#NIGHT#ULTIMATE#WEREWOLF#44##October#13th#2018 / Game1,Youtube,0,Justin,Werewolf,Werewolf,False
Youtube / ONE#NIGHT#ULTIMATE#WEREWOLF#44##October#13th#2018 / Game1,Youtube,1,Mitchell,Seer,Seer,False
Youtube / ONE#NIGHT#ULTIMATE#WEREWOLF#44##October#13th#2018 / Game1,Youtube,2,Paul,Tanner,Tanner,False
Youtube / ONE#NIGHT#ULTIMATE#WEREWOLF#44##October#13th#2018 / Game1,Youtube,3,Mike,Insomniac,Insomniac,False
Youtube / ONE#NIGHT#ULTIMATE#WEREWOLF#44##October#13th#2018 / Game2,Youtube,0,Justin,Werewolf,Werewolf,False
Youtube / ONE#NIGHT#ULTIMATE#WEREWOLF#44##October#13th#2018 / Game2,Youtube,1,Mitchell,Tanner,Tanner,False
Youtube / ONE#NIGHT#ULTIMATE#WEREWOLF#44##October#13th#2018 / Game2,Youtube,2,Paul,Troublemaker,Troublemaker,False
Youtube / ONE#NIGHT#ULTIMATE#WEREWOLF#44##October#13th#2018 / Game2,Youtube,3,Mike,Robber,Robber,False
Youtube / ONE#NIGHT#ULTIMATE#WEREWOLF#44##October#13th#2018 / Game3,Youtube,0,Justin,Seer,Seer,False
Youtube / ONE#NIGHT#ULTIMATE#WEREWOLF#44##October#13th#2018 / Game3,Youtube,1,Mitchell,Robber,Robber,False
Youtube / ONE#NIGHT#ULTIMATE#WEREWOLF#44##October#13th#2018 / Game3,Youtube,2,Paul,Tanner,Tanner,False
Youtube / ONE#NIGHT#ULTIMATE#WEREWOLF#44##October#13th#2018 / Game3,Youtube,3,Mike,Troublemaker,Troublemaker,False
Youtube / ONE#NIGHT#ULTIMATE#WEREWOLF#44##October#13th#2018 / Game4,Youtube,0,Justin,Tanner,Insomniac,True
Youtube / ONE#NIGHT#ULTIMATE#WEREWOLF#44##October#13th#2018 / Game4,Youtube,1,Mitchell,Troublemaker,Troublemaker,False
Youtube / ONE#NIGHT#ULTIMATE#WEREWOLF#44##October#13th#2018 / Game4,Youtube,2,Paul,Seer,Seer,False
Youtube / ONE#NIGHT#ULTIMATE#WEREWOLF#44##October#13th#2018 / Game4,Youtube,3,Mike,Insomniac,Tanner,True
Youtube / ONE#NIGHT#ULTIMATE#WEREWOLF#44##October#13th#2018 / Game5,Youtube,0,Justin,Seer,Robber,True
Youtube / ONE#NIGHT#ULTIMATE#WEREWOLF#44##October#13th#2018 / Game5,Youtube,1,Mitchell,Troublemaker,Troublemaker,False
Youtube / ONE#NIGHT#ULTIMATE#WEREWOLF#44##October#13th#2018 / Game5,Youtube,2,Paul,Werewolf,Seer,True
Youtube / ONE#NIGHT#ULTIMATE#WEREWOLF#44##October#13th#2018 / Game5,Youtube,3,Mike,Robber,Werewolf,True
Youtube / ONE#NIGHT#ULTIMATE#WEREWOLF#45##October#13th#2018 / Game4,Youtube,0,Justin,Tanner,Tanner,False
Youtube / ONE#NIGHT#ULTIMATE#WEREWOLF#45##October#13th#2018 / Game4,Youtube,1,Mitchell,Werewolf,Werewolf,False
Youtube / ONE#NIGHT#ULTIMATE#WEREWOLF#45##October#13th#2018 / Game4,Youtube,2,Paul,Werewolf,Robber,True
Youtube / ONE#NIGHT#ULTIMATE#WEREWOLF#45##October#13th#2018 / Game4,Youtube,3,Mike,Robber,Werewolf,True
Youtube / ONE#NIGHT#ULTIMATE#WEREWOLF#45##October#13th#2018 / Game6,Youtube,0,Justin,Troublemaker,Troublemaker,False
Youtube / ONE#NIGHT#ULTIMATE#WEREWOLF#45##October#13th#2018 / Game6,Youtube,1,Mitchell,Robber,Robber,False
Youtube / ONE#NIGHT#ULTIMATE#WEREWOLF#45##October#13th#2018 / Game6,Youtube,2,Paul,Tanner,Tanner,False
Youtube / ONE#NIGHT#ULTIMATE#WEREWOLF#45##October#13th#2018 / Game6,Youtube,3,Mike,Hunter,Hunter,False
Youtube / One#Night#Ultimate#Werewolf#491#Classic#Werewolf / Game1,Youtube,0,Pete,Werewolf,Seer,True
Youtube / One#Night#Ultimate#Werewolf#491#Classic#Werewolf / Game1,Youtube,1,Katie,Troublemaker,Troublemaker,False
Youtube / One#Night#Ultimate#Werewolf#491#Classic#Werewolf / Game1,Youtube,2,Brett,Seer,Werewolf,True
Youtube / One#Night#Ultimate#Werewolf#491#Classic#Werewolf / Game1,Youtube,3,Dustin,Drunk,Robber,True
Youtube / One#Night#Ultimate#Werewolf#492#More#Classic#Werewolf / Game1,Youtube,0,Pete,Tanner,Tanner,False
Youtube / One#Night#Ultimate#Werewolf#492#More#Classic#Werewolf / Game1,Youtube,1,Katie,Drunk,Troublemaker,True
Youtube / One#Night#Ultimate#Werewolf#492#More#Classic#Werewolf / Game1,Youtube,2,Brett,Robber,Seer,True
Youtube / One#Night#Ultimate#Werewolf#492#More#Classic#Werewolf / Game1,Youtube,3,Dustin,Seer,Robber,True
Youtube / One#Night#Ultimate#Werewolf#493#Even#More#Classic#Werewolf / Game1,Youtube,0,Pete,Robber,Robber,False
Youtube / One#Night#Ultimate#Werewolf#493#Even#More#Classic#Werewolf / Game1,Youtube,1,Katie,Tanner,Tanner,False
Youtube / One#Night#Ultimate#Werewolf#493#Even#More#Classic#Werewolf / Game1,Youtube,2,Brett,Seer,Seer,False
Youtube / One#Night#Ultimate#Werewolf#493#Even#More#Classic#Werewolf / Game1,Youtube,3,Dustin,Werewolf,Werewolf,False
Youtube / ONE#NIGHT#ULTIMATE#WEREWOLF#5##October#29th#2016 / Game1,Youtube,0,Mitchell,Drunk,Insomniac,True
Youtube / ONE#NIGHT#ULTIMATE#WEREWOLF#5##October#29th#2016 / Game1,Youtube,1,Chris,Werewolf,Werewolf,False
Youtube / ONE#NIGHT#ULTIMATE#WEREWOLF#5##October#29th#2016 / Game1,Youtube,2,Caitlynn,Troublemaker,Troublemaker,False
Youtube / ONE#NIGHT#ULTIMATE#WEREWOLF#5##October#29th#2016 / Game1,Youtube,3,Mike,Robber,Robber,False
Youtube / One#Night#Ultimate#Werewolf#531#Classic#ONUW / Game1,Youtube,0,Ryan,Drunk,Robber,True
Youtube / One#Night#Ultimate#Werewolf#531#Classic#ONUW / Game1,Youtube,1,Katie,Tanner,Minion,True
Youtube / One#Night#Ultimate#Werewolf#531#Classic#ONUW / Game1,Youtube,2,Brett,Minion,Tanner,True
Youtube / One#Night#Ultimate#Werewolf#531#Classic#ONUW / Game1,Youtube,3,DeAndre,Troublemaker,Troublemaker,False
Youtube / One#Night#Ultimate#Werewolf#532#More#Classic#ONUW / Game1,Youtube,0,Ryan,Robber,Troublemaker,True
Youtube / One#Night#Ultimate#Werewolf#532#More#Classic#ONUW / Game1,Youtube,1,Katie,Tanner,Drunk,True
Youtube / One#Night#Ultimate#Werewolf#532#More#Classic#ONUW / Game1,Youtube,2,Brett,Troublemaker,Robber,True
Youtube / One#Night#Ultimate#Werewolf#532#More#Classic#ONUW / Game1,Youtube,3,DeAndre,Drunk,Werewolf,True
Youtube / One#Night#Ultimate#Werewolf#533#Even#More#Classic#ONUW / Game1,Youtube,0,Ryan,Troublemaker,Robber,True
Youtube / One#Night#Ultimate#Werewolf#533#Even#More#Classic#ONUW / Game1,Youtube,1,Katie,Robber,Tanner,True
Youtube / One#Night#Ultimate#Werewolf#533#Even#More#Classic#ONUW / Game1,Youtube,2,Brett,Tanner,Troublemaker,True
Youtube / One#Night#Ultimate#Werewolf#533#Even#More#Classic#ONUW / Game1,Youtube,3,DeAndre,Drunk,Minion,True
Youtube / ONE#NIGHT#ULTIMATE#WEREWOLF#55##January#26th#2019 / Game3,Youtube,0,Justin,Werewolf,Werewolf,False
Youtube / ONE#NIGHT#ULTIMATE#WEREWOLF#55##January#26th#2019 / Game3,Youtube,1,Caitlynn,Werewolf,Werewolf,False
Youtube / ONE#NIGHT#ULTIMATE#WEREWOLF#55##January#26th#2019 / Game3,Youtube,2,Mitchell,Insomniac,Insomniac,False
Youtube / ONE#NIGHT#ULTIMATE#WEREWOLF#55##January#26th#2019 / Game3,Youtube,3,Brad,Tanner,Tanner,False
Youtube / ONE#NIGHT#ULTIMATE#WEREWOLF#55##January#26th#2019 / Game3,Youtube,4,Mike,Seer,Seer,False
Youtube / ONE#NIGHT#ULTIMATE#WEREWOLF#6##November#6th#2016 / Game1,Youtube,0,Caitlynn,Werewolf,Robber,True
Youtube / ONE#NIGHT#ULTIMATE#WEREWOLF#6##November#6th#2016 / Game1,Youtube,1,Mitchell,Robber,Werewolf,True
Youtube / ONE#NIGHT#ULTIMATE#WEREWOLF#6##November#6th#2016 / Game1,Youtube,2,Alana,Troublemaker,Troublemaker,False
Youtube / ONE#NIGHT#ULTIMATE#WEREWOLF#6##November#6th#2016 / Game1,Youtube,3,Mike,Werewolf,Werewolf,False
Youtube / ONE#NIGHT#ULTIMATE#WEREWOLF#6##November#6th#2016 / Game2,Youtube,0,Caitlynn,Seer,Werewolf,True
Youtube / ONE#NIGHT#ULTIMATE#WEREWOLF#6##November#6th#2016 / Game2,Youtube,1,Mitchell,Werewolf,Robber,True
Youtube / ONE#NIGHT#ULTIMATE#WEREWOLF#6##November#6th#2016 / Game2,Youtube,2,Alana,Robber,Seer,True
Youtube / ONE#NIGHT#ULTIMATE#WEREWOLF#6##November#6th#2016 / Game2,Youtube,3,Mike,Troublemaker,Troublemaker,False
Youtube / ONE#NIGHT#ULTIMATE#WEREWOLF#62##March#23rd#2019 / Game1,Youtube,0,Justin,Tanner,Werewolf,True
Youtube / ONE#NIGHT#ULTIMATE#WEREWOLF#62##March#23rd#2019 / Game1,Youtube,1,James,Seer,Seer,False
Youtube / ONE#NIGHT#ULTIMATE#WEREWOLF#62##March#23rd#2019 / Game1,Youtube,2,Paul,Werewolf,Tanner,True
Youtube / ONE#NIGHT#ULTIMATE#WEREWOLF#62##March#23rd#2019 / Game1,Youtube,3,Mitchell,Troublemaker,Troublemaker,False
Youtube / ONE#NIGHT#ULTIMATE#WEREWOLF#62##March#23rd#2019 / Game2,Youtube,0,Justin,Tanner,Seer,True
Youtube / ONE#NIGHT#ULTIMATE#WEREWOLF#62##March#23rd#2019 / Game2,Youtube,1,James,Troublemaker,Troublemaker,False
Youtube / ONE#NIGHT#ULTIMATE#WEREWOLF#62##March#23rd#2019 / Game2,Youtube,2,Paul,Werewolf,Werewolf,False
Youtube / ONE#NIGHT#ULTIMATE#WEREWOLF#62##March#23rd#2019 / Game2,Youtube,3,Mitchell,Seer,Tanner,True
Youtube / ONE#NIGHT#ULTIMATE#WEREWOLF#63##March#23rd#2019 / Game1,Youtube,0,Justin,Tanner,Tanner,False
Youtube / ONE#NIGHT#ULTIMATE#WEREWOLF#63##March#23rd#2019 / Game1,Youtube,1,James,Werewolf,Werewolf,False
Youtube / ONE#NIGHT#ULTIMATE#WEREWOLF#63##March#23rd#2019 / Game1,Youtube,2,Paul,Werewolf,Robber,True
Youtube / ONE#NIGHT#ULTIMATE#WEREWOLF#63##March#23rd#2019 / Game1,Youtube,3,Mitchell,Robber,Werewolf,True
Youtube / ONE#NIGHT#ULTIMATE#WEREWOLF#64##March#23rd#2019 / Game3,Youtube,0,Justin,Tanner,Robber,True
Youtube / ONE#NIGHT#ULTIMATE#WEREWOLF#64##March#23rd#2019 / Game3,Youtube,1,James,Robber,Werewolf,True
Youtube / ONE#NIGHT#ULTIMATE#WEREWOLF#64##March#23rd#2019 / Game3,Youtube,2,Paul,Troublemaker,Troublemaker,False
Youtube / ONE#NIGHT#ULTIMATE#WEREWOLF#64##March#23rd#2019 / Game3,Youtube,3,Mitchell,Werewolf,Tanner,True
Youtube / ONE#NIGHT#ULTIMATE#WEREWOLF#64##March#23rd#2019 / Game4,Youtube,0,Justin,Werewolf,Werewolf,False
Youtube / ONE#NIGHT#ULTIMATE#WEREWOLF#64##March#23rd#2019 / Game4,Youtube,1,James,Seer,Robber,True
Youtube / ONE#NIGHT#ULTIMATE#WEREWOLF#64##March#23rd#2019 / Game4,Youtube,2,Paul,Werewolf,Werewolf,False
Youtube / ONE#NIGHT#ULTIMATE#WEREWOLF#64##March#23rd#2019 / Game4,Youtube,3,Mitchell,Robber,Seer,True
Youtube / ONE#NIGHT#ULTIMATE#WEREWOLF#64##March#23rd#2019 / Game5,Youtube,0,Justin,Seer,Werewolf,True
Youtube / ONE#NIGHT#ULTIMATE#WEREWOLF#64##March#23rd#2019 / Game5,Youtube,1,James,Werewolf,Robber,True
Youtube / ONE#NIGHT#ULTIMATE#WEREWOLF#64##March#23rd#2019 / Game5,Youtube,2,Paul,Robber,Seer,True
Youtube / ONE#NIGHT#ULTIMATE#WEREWOLF#64##March#23rd#2019 / Game5,Youtube,3,Mitchell,Troublemaker,Troublemaker,False
Youtube / ONE#NIGHT#ULTIMATE#WEREWOLF#7##November#6th#2016 / Game1,Youtube,0,Caitlynn,Werewolf,Troublemaker,True
Youtube / ONE#NIGHT#ULTIMATE#WEREWOLF#7##November#6th#2016 / Game1,Youtube,1,Mitchell,Troublemaker,Robber,True
Youtube / ONE#NIGHT#ULTIMATE#WEREWOLF#7##November#6th#2016 / Game1,Youtube,2,Alana,Robber,Werewolf,True
Youtube / ONE#NIGHT#ULTIMATE#WEREWOLF#7##November#6th#2016 / Game1,Youtube,3,Mike,Drunk,Villager,True
Youtube / ONE#NIGHT#ULTIMATE#WEREWOLF#7##November#6th#2016 / Game2,Youtube,0,Caitlynn,Tanner,Tanner,False
Youtube / ONE#NIGHT#ULTIMATE#WEREWOLF#7##November#6th#2016 / Game2,Youtube,1,Mitchell,Robber,Seer,True
Youtube / ONE#NIGHT#ULTIMATE#WEREWOLF#7##November#6th#2016 / Game2,Youtube,2,Alana,Werewolf,Werewolf,False
Youtube / ONE#NIGHT#ULTIMATE#WEREWOLF#7##November#6th#2016 / Game2,Youtube,3,Mike,Seer,Robber,True
Youtube / ONE#NIGHT#ULTIMATE#WEREWOLF#7##November#6th#2016 / Game3,Youtube,0,Caitlynn,Werewolf,Werewolf,False
Youtube / ONE#NIGHT#ULTIMATE#WEREWOLF#7##November#6th#2016 / Game3,Youtube,1,Mitchell,Werewolf,Werewolf,False
Youtube / ONE#NIGHT#ULTIMATE#WEREWOLF#7##November#6th#2016 / Game3,Youtube,2,Alana,Drunk,Troublemaker,True
Youtube / ONE#NIGHT#ULTIMATE#WEREWOLF#7##November#6th#2016 / Game3,Youtube,3,Mike,Tanner,Tanner,False
Youtube / ONE#NIGHT#ULTIMATE#WEREWOLF#7##November#6th#2016 / Game4,Youtube,0,Caitlynn,Werewolf,Werewolf,False
Youtube / ONE#NIGHT#ULTIMATE#WEREWOLF#7##November#6th#2016 / Game4,Youtube,1,Mitchell,Werewolf,Werewolf,False
Youtube / ONE#NIGHT#ULTIMATE#WEREWOLF#7##November#6th#2016 / Game4,Youtube,2,Alana,Drunk,Troublemaker,True
Youtube / ONE#NIGHT#ULTIMATE#WEREWOLF#7##November#6th#2016 / Game4,Youtube,3,Mike,Tanner,Tanner,False
Youtube / ONE#NIGHT#ULTIMATE#WEREWOLF#8##November#6th#2016 / Game1,Youtube,0,Matt,Robber,Robber,False
Youtube / ONE#NIGHT#ULTIMATE#WEREWOLF#8##November#6th#2016 / Game1,Youtube,1,Caitlynn,Werewolf,Werewolf,False
Youtube / ONE#NIGHT#ULTIMATE#WEREWOLF#8##November#6th#2016 / Game1,Youtube,2,Mitchell,Tanner,Tanner,False
Youtube / ONE#NIGHT#ULTIMATE#WEREWOLF#8##November#6th#2016 / Game1,Youtube,3,Alana,Insomniac,Insomniac,False
Youtube / ONE#NIGHT#ULTIMATE#WEREWOLF#8##November#6th#2016 / Game1,Youtube,4,Mike,Troublemaker,Troublemaker,False
Youtube / ONE#NIGHT#ULTIMATE#WEREWOLF#8##November#6th#2016 / Game4,Youtube,0,Matt,Insomniac,Tanner,True
Youtube / ONE#NIGHT#ULTIMATE#WEREWOLF#8##November#6th#2016 / Game4,Youtube,1,Caitlynn,Seer,Seer,False
Youtube / ONE#NIGHT#ULTIMATE#WEREWOLF#8##November#6th#2016 / Game4,Youtube,2,Mitchell,Werewolf,Werewolf,False
Youtube / ONE#NIGHT#ULTIMATE#WEREWOLF#8##November#6th#2016 / Game4,Youtube,3,Alana,Tanner,Insomniac,True
Youtube / ONE#NIGHT#ULTIMATE#WEREWOLF#8##November#6th#2016 / Game4,Youtube,4,Mike,Troublemaker,Troublemaker,False
Youtube / ONE#NIGHT#ULTIMATE#WEREWOLF#83##October#15th#2019 / Game2,Youtube,0,Justin,Werewolf,Werewolf,False
Youtube / ONE#NIGHT#ULTIMATE#WEREWOLF#83##October#15th#2019 / Game2,Youtube,1,Meghan,Troublemaker,Troublemaker,False
Youtube / ONE#NIGHT#ULTIMATE#WEREWOLF#83##October#15th#2019 / Game2,Youtube,2,Caitlynn,Robber,Robber,False
Youtube / ONE#NIGHT#ULTIMATE#WEREWOLF#83##October#15th#2019 / Game2,Youtube,3,Mike,Tanner,Tanner,False
Youtube / ONE#NIGHT#ULTIMATE#WEREWOLF#83##October#15th#2019 / Game3,Youtube,0,Justin,Robber,Troublemaker,True
Youtube / ONE#NIGHT#ULTIMATE#WEREWOLF#83##October#15th#2019 / Game3,Youtube,1,Meghan,Tanner,Werewolf,True
Youtube / ONE#NIGHT#ULTIMATE#WEREWOLF#83##October#15th#2019 / Game3,Youtube,2,Caitlynn,Werewolf,Tanner,True
Youtube / ONE#NIGHT#ULTIMATE#WEREWOLF#83##October#15th#2019 / Game3,Youtube,3,Mike,Troublemaker,Robber,True
Youtube / ONE#NIGHT#ULTIMATE#WEREWOLF#86##November#9th#2019 / Game1,Youtube,0,Justin,Troublemaker,Robber,True
Youtube / ONE#NIGHT#ULTIMATE#WEREWOLF#86##November#9th#2019 / Game1,Youtube,1,Mitchell,Werewolf,Werewolf,False
Youtube / ONE#NIGHT#ULTIMATE#WEREWOLF#86##November#9th#2019 / Game1,Youtube,2,Paul,Robber,Werewolf,True
Youtube / ONE#NIGHT#ULTIMATE#WEREWOLF#86##November#9th#2019 / Game1,Youtube,3,Mike,Werewolf,Troublemaker,True
Youtube / ONE#NIGHT#ULTIMATE#WEREWOLF#86##November#9th#2019 / Game3,Youtube,0,Justin,Troublemaker,Troublemaker,False
Youtube / ONE#NIGHT#ULTIMATE#WEREWOLF#86##November#9th#2019 / Game3,Youtube,1,Mitchell,Werewolf,Robber,True
Youtube / ONE#NIGHT#ULTIMATE#WEREWOLF#86##November#9th#2019 / Game3,Youtube,2,Paul,Werewolf,Werewolf,False
Youtube / ONE#NIGHT#ULTIMATE#WEREWOLF#86##November#9th#2019 / Game3,Youtube,3,Mike,Robber,Werewolf,True
Youtube / ONE#NIGHT#ULTIMATE#WEREWOLF#86##November#9th#2019 / Game4,Youtube,0,Justin,Troublemaker,Troublemaker,False
Youtube / ONE#NIGHT#ULTIMATE#WEREWOLF#86##November#9th#2019 / Game4,Youtube,1,Mitchell,Werewolf,Tanner,True
Youtube / ONE#NIGHT#ULTIMATE#WEREWOLF#86##November#9th#2019 / Game4,Youtube,2,Paul,Seer,Seer,False
Youtube / ONE#NIGHT#ULTIMATE#WEREWOLF#86##November#9th#2019 / Game4,Youtube,3,Mike,Tanner,Werewolf,True
Youtube / ONE#NIGHT#ULTIMATE#WEREWOLF#87##November#9th#2019 / Game1,Youtube,0,Justin,Robber,Werewolf,True
Youtube / ONE#NIGHT#ULTIMATE#WEREWOLF#87##November#9th#2019 / Game1,Youtube,1,Mitchell,Werewolf,Robber,True
Youtube / ONE#NIGHT#ULTIMATE#WEREWOLF#87##November#9th#2019 / Game1,Youtube,2,Paul,Werewolf,Werewolf,False
Youtube / ONE#NIGHT#ULTIMATE#WEREWOLF#87##November#9th#2019 / Game1,Youtube,3,Mike,Troublemaker,Troublemaker,False
Youtube / ONE#NIGHT#ULTIMATE#WEREWOLF#87##November#9th#2019 / Game2,Youtube,0,Justin,Troublemaker,Robber,True
Youtube / ONE#NIGHT#ULTIMATE#WEREWOLF#87##November#9th#2019 / Game2,Youtube,1,Mitchell,Robber,Troublemaker,True
Youtube / ONE#NIGHT#ULTIMATE#WEREWOLF#87##November#9th#2019 / Game2,Youtube,2,Paul,Werewolf,Werewolf,False
Youtube / ONE#NIGHT#ULTIMATE#WEREWOLF#87##November#9th#2019 / Game2,Youtube,3,Mike,Tanner,Tanner,False
Youtube / ONE#NIGHT#ULTIMATE#WEREWOLF#89##November#30th#2019 / Game2,Youtube,0,Justin,Werewolf,Werewolf,False
Youtube / ONE#NIGHT#ULTIMATE#WEREWOLF#89##November#30th#2019 / Game2,Youtube,1,Mitchell,Werewolf,Werewolf,False
Youtube / ONE#NIGHT#ULTIMATE#WEREWOLF#89##November#30th#2019 / Game2,Youtube,2,Paul,Robber,Robber,False
Youtube / ONE#NIGHT#ULTIMATE#WEREWOLF#89##November#30th#2019 / Game2,Youtube,3,James,Troublemaker,Troublemaker,False
Youtube / ONE#NIGHT#ULTIMATE#WEREWOLF#89##November#30th#2019 / Game3,Youtube,0,Justin,Werewolf,Robber,True
Youtube / ONE#NIGHT#ULTIMATE#WEREWOLF#89##November#30th#2019 / Game3,Youtube,1,Mitchell,Robber,Werewolf,True
Youtube / ONE#NIGHT#ULTIMATE#WEREWOLF#89##November#30th#2019 / Game3,Youtube,2,Paul,Werewolf,Werewolf,False
Youtube / ONE#NIGHT#ULTIMATE#WEREWOLF#89##November#30th#2019 / Game3,Youtube,3,James,Troublemaker,Troublemaker,False
Youtube / ONE#NIGHT#ULTIMATE#WEREWOLF#9##November#6th#2016 / Game1,Youtube,0,Caitlynn,Tanner,Tanner,False
Youtube / ONE#NIGHT#ULTIMATE#WEREWOLF#9##November#6th#2016 / Game1,Youtube,1,Mitchell,Seer,Seer,False
Youtube / ONE#NIGHT#ULTIMATE#WEREWOLF#9##November#6th#2016 / Game1,Youtube,2,Alana,Werewolf,Werewolf,False
Youtube / ONE#NIGHT#ULTIMATE#WEREWOLF#9##November#6th#2016 / Game1,Youtube,3,Mike,Insomniac,Insomniac,False
Youtube / ONE#NIGHT#ULTIMATE#WEREWOLF#9##November#6th#2016 / Game2,Youtube,0,Caitlynn,Seer,Seer,False
Youtube / ONE#NIGHT#ULTIMATE#WEREWOLF#9##November#6th#2016 / Game2,Youtube,1,Mitchell,Robber,Troublemaker,True
Youtube / ONE#NIGHT#ULTIMATE#WEREWOLF#9##November#6th#2016 / Game2,Youtube,2,Alana,Werewolf,Werewolf,False
Youtube / ONE#NIGHT#ULTIMATE#WEREWOLF#9##November#6th#2016 / Game2,Youtube,3,Mike,Troublemaker,Robber,True
Youtube / ONE#NIGHT#ULTIMATE#WEREWOLF#9##November#6th#2016 / Game3,Youtube,0,Caitlynn,Werewolf,Werewolf,False
Youtube / ONE#NIGHT#ULTIMATE#WEREWOLF#9##November#6th#2016 / Game3,Youtube,1,Mitchell,Robber,Insomniac,True
Youtube / ONE#NIGHT#ULTIMATE#WEREWOLF#9##November#6th#2016 / Game3,Youtube,2,Alana,Insomniac,Robber,True
Youtube / ONE#NIGHT#ULTIMATE#WEREWOLF#9##November#6th#2016 / Game3,Youtube,3,Mike,Werewolf,Werewolf,False
Youtube / ONE#NIGHT#ULTIMATE#WEREWOLF#9##November#6th#2016 / Game4,Youtube,0,Caitlynn,Insomniac,Insomniac,False
Youtube / ONE#NIGHT#ULTIMATE#WEREWOLF#9##November#6th#2016 / Game4,Youtube,1,Mitchell,Troublemaker,Troublemaker,False
Youtube / ONE#NIGHT#ULTIMATE#WEREWOLF#9##November#6th#2016 / Game4,Youtube,2,Alana,Seer,Werewolf,True
Youtube / ONE#NIGHT#ULTIMATE#WEREWOLF#9##November#6th#2016 / Game4,Youtube,3,Mike,Werewolf,Seer,True
Youtube / One#Night#Ultimate#Werewolf#GAME#NIGHT!! / Game2,Youtube,0,Eric,Werewolf,Robber,True
Youtube / One#Night#Ultimate#Werewolf#GAME#NIGHT!! / Game2,Youtube,1,Shane,Robber,Werewolf,True
Youtube / One#Night#Ultimate#Werewolf#GAME#NIGHT!! / Game2,Youtube,2,Calvin,Villager,Villager,False
Youtube / One#Night#Ultimate#Werewolf#GAME#NIGHT!! / Game2,Youtube,3,Aaron,Seer,Seer,False
Youtube / One#Night#Ultimate#Werewolf#GAME#NIGHT!! / Game2,Youtube,4,Rick,Villager,Villager,False
Youtube / Retrovision##ONE#NIGHT#ULTIMATE#WEREWOLF##Retro#7 / Game1,Youtube,0,Justin,Seer,Seer,False
Youtube / Retrovision##ONE#NIGHT#ULTIMATE#WEREWOLF##Retro#7 / Game1,Youtube,1,Eric,Robber,Werewolf,True
Youtube / Retrovision##ONE#NIGHT#ULTIMATE#WEREWOLF##Retro#7 / Game1,Youtube,2,Paul,Werewolf,Werewolf,False
Youtube / Retrovision##ONE#NIGHT#ULTIMATE#WEREWOLF##Retro#7 / Game1,Youtube,3,Mitchell,Werewolf,Robber,True
Youtube / Retrovision##ONE#NIGHT#ULTIMATE#WEREWOLF##Retro#7 / Game1,Youtube,4,Mike,Villager,Villager,False
Youtube / Retrovision##ONE#NIGHT#ULTIMATE#WEREWOLF##Retro#7 / Game2,Youtube,0,Justin,Insomniac,Insomniac,False
Youtube / Retrovision##ONE#NIGHT#ULTIMATE#WEREWOLF##Retro#7 / Game2,Youtube,1,Eric,Seer,Seer,False
Youtube / Retrovision##ONE#NIGHT#ULTIMATE#WEREWOLF##Retro#7 / Game2,Youtube,2,Paul,Villager,Villager,False
Youtube / Retrovision##ONE#NIGHT#ULTIMATE#WEREWOLF##Retro#7 / Game2,Youtube,3,Mitchell,Villager,Villager,False
Youtube / Retrovision##ONE#NIGHT#ULTIMATE#WEREWOLF##Retro#7 / Game2,Youtube,4,Mike,Werewolf,Werewolf,False
Youtube / Retrovision##ONE#NIGHT#ULTIMATE#WEREWOLF##Retro#7 / Game3,Youtube,0,Justin,Seer,Werewolf,True
Youtube / Retrovision##ONE#NIGHT#ULTIMATE#WEREWOLF##Retro#7 / Game3,Youtube,1,Eric,Villager,Villager,False
Youtube / Retrovision##ONE#NIGHT#ULTIMATE#WEREWOLF##Retro#7 / Game3,Youtube,2,Paul,Werewolf,Seer,True
Youtube / Retrovision##ONE#NIGHT#ULTIMATE#WEREWOLF##Retro#7 / Game3,Youtube,3,Mitchell,Troublemaker,Troublemaker,False
Youtube / Retrovision##ONE#NIGHT#ULTIMATE#WEREWOLF##Retro#7 / Game3,Youtube,4,Mike,Robber,Robber,False
Youtube / Retrovision##ONE#NIGHT#ULTIMATE#WEREWOLF##Retro#7 / Game4,Youtube,0,Justin,Werewolf,Werewolf,False
Youtube / Retrovision##ONE#NIGHT#ULTIMATE#WEREWOLF##Retro#7 / Game4,Youtube,1,Eric,Werewolf,Tanner,True
Youtube / Retrovision##ONE#NIGHT#ULTIMATE#WEREWOLF##Retro#7 / Game4,Youtube,2,Paul,Villager,Villager,False
Youtube / Retrovision##ONE#NIGHT#ULTIMATE#WEREWOLF##Retro#7 / Game4,Youtube,3,Mitchell,Troublemaker,Troublemaker,False
Youtube / Retrovision##ONE#NIGHT#ULTIMATE#WEREWOLF##Retro#7 / Game4,Youtube,4,Mike,Tanner,Werewolf,True
Youtube / Retrovision##ONE#NIGHT#ULTIMATE#WEREWOLF##Retro#7 / Game5,Youtube,0,Justin,Werewolf,Werewolf,False
Youtube / Retrovision##ONE#NIGHT#ULTIMATE#WEREWOLF##Retro#7 / Game5,Youtube,1,Eric,Werewolf,Tanner,True
Youtube / Retrovision##ONE#NIGHT#ULTIMATE#WEREWOLF##Retro#7 / Game5,Youtube,2,Paul,Villager,Villager,False
Youtube / Retrovision##ONE#NIGHT#ULTIMATE#WEREWOLF##Retro#7 / Game5,Youtube,3,Mitchell,Troublemaker,Troublemaker,False
Youtube / Retrovision##ONE#NIGHT#ULTIMATE#WEREWOLF##Retro#7 / Game5,Youtube,4,Mike,Tanner,Werewolf,True
Youtube / The#Return#of#the#King##ONE#NIGHT#ULTIMATE#WEREWOLF / Game5,Youtube,0,Justin,Seer,Tanner,True
Youtube / The#Return#of#the#King##ONE#NIGHT#ULTIMATE#WEREWOLF / Game5,Youtube,1,Mitchell,Werewolf,Werewolf,False
Youtube / The#Return#of#the#King##ONE#NIGHT#ULTIMATE#WEREWOLF / Game5,Youtube,2,Paul,Troublemaker,Troublemaker,False
Youtube / The#Return#of#the#King##ONE#NIGHT#ULTIMATE#WEREWOLF / Game5,Youtube,3,James,Tanner,Seer,True
Youtube / The#Return#of#the#King##ONE#NIGHT#ULTIMATE#WEREWOLF / Game5,Youtube,4,Tyler,Werewolf,Werewolf,False
Youtube / The#Return#of#the#King##ONE#NIGHT#ULTIMATE#WEREWOLF / Game6,Youtube,0,Justin,Tanner,Tanner,False
Youtube / The#Return#of#the#King##ONE#NIGHT#ULTIMATE#WEREWOLF / Game6,Youtube,1,Mitchell,Seer,Robber,True
Youtube / The#Return#of#the#King##ONE#NIGHT#ULTIMATE#WEREWOLF / Game6,Youtube,2,Paul,Werewolf,Werewolf,False
Youtube / The#Return#of#the#King##ONE#NIGHT#ULTIMATE#WEREWOLF / Game6,Youtube,3,James,Werewolf,Werewolf,False
Youtube / The#Return#of#the#King##ONE#NIGHT#ULTIMATE#WEREWOLF / Game6,Youtube,4,Tyler,Robber,Seer,True
Youtube / The#Return#of#the#King##ONE#NIGHT#ULTIMATE#WEREWOLF / Game7,Youtube,0,Justin,Troublemaker,Robber,True
Youtube / The#Return#of#the#King##ONE#NIGHT#ULTIMATE#WEREWOLF / Game7,Youtube,1,Mitchell,Minion,Minion,False
Youtube / The#Return#of#the#King##ONE#NIGHT#ULTIMATE#WEREWOLF / Game7,Youtube,2,Paul,Tanner,Werewolf,True
Youtube / The#Return#of#the#King##ONE#NIGHT#ULTIMATE#WEREWOLF / Game7,Youtube,3,James,Robber,Troublemaker,True
Youtube / The#Return#of#the#King##ONE#NIGHT#ULTIMATE#WEREWOLF / Game7,Youtube,4,Tyler,Werewolf,Tanner,True
Youtube / Visions#from#2016##ONE#NIGHT#ULTIMATE#WEREWOLF##Retro#11 / Game1,Youtube,0,Justin,Werewolf,Werewolf,False
Youtube / Visions#from#2016##ONE#NIGHT#ULTIMATE#WEREWOLF##Retro#11 / Game1,Youtube,1,Laura,Robber,Insomniac,True
Youtube / Visions#from#2016##ONE#NIGHT#ULTIMATE#WEREWOLF##Retro#11 / Game1,Youtube,2,Paul,Seer,Seer,False
Youtube / Visions#from#2016##ONE#NIGHT#ULTIMATE#WEREWOLF##Retro#11 / Game1,Youtube,3,James,Tanner,Tanner,False
Youtube / Visions#from#2016##ONE#NIGHT#ULTIMATE#WEREWOLF##Retro#11 / Game1,Youtube,4,Mitchell,Insomniac,Robber,True
Youtube / Visions#from#2016##ONE#NIGHT#ULTIMATE#WEREWOLF##Retro#11 / Game2,Youtube,0,Justin,Werewolf,Werewolf,False
Youtube / Visions#from#2016##ONE#NIGHT#ULTIMATE#WEREWOLF##Retro#11 / Game2,Youtube,1,Laura,Insomniac,Insomniac,False
Youtube / Visions#from#2016##ONE#NIGHT#ULTIMATE#WEREWOLF##Retro#11 / Game2,Youtube,2,Paul,Tanner,Tanner,False
Youtube / Visions#from#2016##ONE#NIGHT#ULTIMATE#WEREWOLF##Retro#11 / Game2,Youtube,3,James,Troublemaker,Troublemaker,False
Youtube / Visions#from#2016##ONE#NIGHT#ULTIMATE#WEREWOLF##Retro#11 / Game2,Youtube,4,Mitchell,Mason,Mason,False
Youtube / Visions#from#2016##ONE#NIGHT#ULTIMATE#WEREWOLF##Retro#11 / Game3,Youtube,0,Justin,Tanner,Tanner,False
Youtube / Visions#from#2016##ONE#NIGHT#ULTIMATE#WEREWOLF##Retro#11 / Game3,Youtube,1,Laura,Werewolf,Werewolf,False
Youtube / Visions#from#2016##ONE#NIGHT#ULTIMATE#WEREWOLF##Retro#11 / Game3,Youtube,2,Paul,Mason,Mason,False
Youtube / Visions#from#2016##ONE#NIGHT#ULTIMATE#WEREWOLF##Retro#11 / Game3,Youtube,3,James,Werewolf,Werewolf,False
Youtube / Visions#from#2016##ONE#NIGHT#ULTIMATE#WEREWOLF##Retro#11 / Game3,Youtube,4,Mitchell,Hunter,Hunter,False
Youtube / Visions#from#2016##ONE#NIGHT#ULTIMATE#WEREWOLF##Retro#11 / Game4,Youtube,0,Justin,Troublemaker,Troublemaker,False
Youtube / Visions#from#2016##ONE#NIGHT#ULTIMATE#WEREWOLF##Retro#11 / Game4,Youtube,1,Laura,Hunter,Hunter,False
Youtube / Visions#from#2016##ONE#NIGHT#ULTIMATE#WEREWOLF##Retro#11 / Game4,Youtube,2,Paul,Mason,Werewolf,True
Youtube / Visions#from#2016##ONE#NIGHT#ULTIMATE#WEREWOLF##Retro#11 / Game4,Youtube,3,James,Tanner,Tanner,False
Youtube / Visions#from#2016##ONE#NIGHT#ULTIMATE#WEREWOLF##Retro#11 / Game4,Youtube,4,Mitchell,Werewolf,Mason,True
Youtube / Visions#from#2016##ONE#NIGHT#ULTIMATE#WEREWOLF##Retro#11 / Game5,Youtube,0,Justin,Tanner,Tanner,False
Youtube / Visions#from#2016##ONE#NIGHT#ULTIMATE#WEREWOLF##Retro#11 / Game5,Youtube,1,Laura,Insomniac,Insomniac,False
Youtube / Visions#from#2016##ONE#NIGHT#ULTIMATE#WEREWOLF##Retro#11 / Game5,Youtube,2,Paul,Mason,Mason,False
Youtube / Visions#from#2016##ONE#NIGHT#ULTIMATE#WEREWOLF##Retro#11 / Game5,Youtube,3,James,Mason,Mason,False
Youtube / Visions#from#2016##ONE#NIGHT#ULTIMATE#WEREWOLF##Retro#11 / Game5,Youtube,4,Mitchell,Werewolf,Werewolf,False
Youtube / Way#Way#Back##ONE#NIGHT#ULTIMATE#WEREWOLF##Retro#10 / Game1,Youtube,0,Justin,Werewolf,Villager,True
Youtube / Way#Way#Back##ONE#NIGHT#ULTIMATE#WEREWOLF##Retro#10 / Game1,Youtube,1,Laura,Villager,Werewolf,True
Youtube / Way#Way#Back##ONE#NIGHT#ULTIMATE#WEREWOLF##Retro#10 / Game1,Youtube,2,Paul,Troublemaker,Troublemaker,False
Youtube / Way#Way#Back##ONE#NIGHT#ULTIMATE#WEREWOLF##Retro#10 / Game1,Youtube,3,James,Insomniac,Insomniac,False
Youtube / Way#Way#Back##ONE#NIGHT#ULTIMATE#WEREWOLF##Retro#10 / Game1,Youtube,4,Mitchell,Tanner,Tanner,False
Youtube / Way#Way#Back##ONE#NIGHT#ULTIMATE#WEREWOLF##Retro#10 / Game2,Youtube,0,Justin,Tanner,Werewolf,True
Youtube / Way#Way#Back##ONE#NIGHT#ULTIMATE#WEREWOLF##Retro#10 / Game2,Youtube,1,Laura,Troublemaker,Troublemaker,False
Youtube / Way#Way#Back##ONE#NIGHT#ULTIMATE#WEREWOLF##Retro#10 / Game2,Youtube,2,Paul,Werewolf,Tanner,True
Youtube / Way#Way#Back##ONE#NIGHT#ULTIMATE#WEREWOLF##Retro#10 / Game2,Youtube,3,James,Villager,Villager,False
Youtube / Way#Way#Back##ONE#NIGHT#ULTIMATE#WEREWOLF##Retro#10 / Game2,Youtube,4,Mitchell,Seer,Seer,False
Youtube / Way#Way#Back##ONE#NIGHT#ULTIMATE#WEREWOLF##Retro#10 / Game3,Youtube,0,Justin,Werewolf,Werewolf,False
Youtube / Way#Way#Back##ONE#NIGHT#ULTIMATE#WEREWOLF##Retro#10 / Game3,Youtube,1,Laura,Werewolf,Werewolf,False
Youtube / Way#Way#Back##ONE#NIGHT#ULTIMATE#WEREWOLF##Retro#10 / Game3,Youtube,2,Paul,Troublemaker,Troublemaker,False
Youtube / Way#Way#Back##ONE#NIGHT#ULTIMATE#WEREWOLF##Retro#10 / Game3,Youtube,3,James,Robber,Robber,False
Youtube / Way#Way#Back##ONE#NIGHT#ULTIMATE#WEREWOLF##Retro#10 / Game3,Youtube,4,Mitchell,Insomniac,Insomniac,False
Youtube / Way#Way#Back##ONE#NIGHT#ULTIMATE#WEREWOLF##Retro#10 / Game4,Youtube,0,Justin,Insomniac,Insomniac,False
Youtube / Way#Way#Back##ONE#NIGHT#ULTIMATE#WEREWOLF##Retro#10 / Game4,Youtube,1,Laura,Werewolf,Werewolf,False
Youtube / Way#Way#Back##ONE#NIGHT#ULTIMATE#WEREWOLF##Retro#10 / Game4,Youtube,2,Paul,Hunter,Hunter,False
Youtube / Way#Way#Back##ONE#NIGHT#ULTIMATE#WEREWOLF##Retro#10 / Game4,Youtube,3,James,Tanner,Tanner,False
Youtube / Way#Way#Back##ONE#NIGHT#ULTIMATE#WEREWOLF##Retro#10 / Game4,Youtube,4,Mitchell,Troublemaker,Troublemaker,False
Youtube / Way#Way#Back##ONE#NIGHT#ULTIMATE#WEREWOLF##Retro#10 / Game5,Youtube,0,Justin,Robber,Insomniac,True
Youtube / Way#Way#Back##ONE#NIGHT#ULTIMATE#WEREWOLF##Retro#10 / Game5,Youtube,1,Laura,Werewolf,Werewolf,False
Youtube / Way#Way#Back##ONE#NIGHT#ULTIMATE#WEREWOLF##Retro#10 / Game5,Youtube,2,Paul,Insomniac,Robber,True
Youtube / Way#Way#Back##ONE#NIGHT#ULTIMATE#WEREWOLF##Retro#10 / Game5,Youtube,3,James,Werewolf,Werewolf,False
Youtube / Way#Way#Back##ONE#NIGHT#ULTIMATE#WEREWOLF##Retro#10 / Game5,Youtube,4,Mitchell,Hunter,Hunter,False
Youtube / Ye#Olde#Times##ONE#NIGHT#ULTIMATE#WEREWOLF##Retro#8 / Game1,Youtube,0,Justin,Werewolf,Werewolf,False
Youtube / Ye#Olde#Times##ONE#NIGHT#ULTIMATE#WEREWOLF##Retro#8 / Game1,Youtube,1,Eric,Robber,Seer,True
Youtube / Ye#Olde#Times##ONE#NIGHT#ULTIMATE#WEREWOLF##Retro#8 / Game1,Youtube,2,Paul,Troublemaker,Troublemaker,False
Youtube / Ye#Olde#Times##ONE#NIGHT#ULTIMATE#WEREWOLF##Retro#8 / Game1,Youtube,3,Mitchell,Seer,Hunter,True
Youtube / Ye#Olde#Times##ONE#NIGHT#ULTIMATE#WEREWOLF##Retro#8 / Game1,Youtube,4,Mike,Hunter,Robber,True
Youtube / Ye#Olde#Times##ONE#NIGHT#ULTIMATE#WEREWOLF##Retro#8 / Game2,Youtube,0,Justin,Hunter,Hunter,False
Youtube / Ye#Olde#Times##ONE#NIGHT#ULTIMATE#WEREWOLF##Retro#8 / Game2,Youtube,1,Eric,Insomniac,Robber,True
Youtube / Ye#Olde#Times##ONE#NIGHT#ULTIMATE#WEREWOLF##Retro#8 / Game2,Youtube,2,Paul,Tanner,Insomniac,True
Youtube / Ye#Olde#Times##ONE#NIGHT#ULTIMATE#WEREWOLF##Retro#8 / Game2,Youtube,3,Mitchell,Troublemaker,Troublemaker,False
Youtube / Ye#Olde#Times##ONE#NIGHT#ULTIMATE#WEREWOLF##Retro#8 / Game2,Youtube,4,Mike,Robber,Tanner,True
Youtube / Ye#Olde#Times##ONE#NIGHT#ULTIMATE#WEREWOLF##Retro#8 / Game3,Youtube,0,Justin,Insomniac,Hunter,True
Youtube / Ye#Olde#Times##ONE#NIGHT#ULTIMATE#WEREWOLF##Retro#8 / Game3,Youtube,1,Eric,Troublemaker,Troublemaker,False
Youtube / Ye#Olde#Times##ONE#NIGHT#ULTIMATE#WEREWOLF##Retro#8 / Game3,Youtube,2,Paul,Werewolf,Werewolf,False
Youtube / Ye#Olde#Times##ONE#NIGHT#ULTIMATE#WEREWOLF##Retro#8 / Game3,Youtube,3,Mitchell,Hunter,Insomniac,True
Youtube / Ye#Olde#Times##ONE#NIGHT#ULTIMATE#WEREWOLF##Retro#8 / Game3,Youtube,4,Mike,Seer,Seer,False
Youtube / Ye#Olde#Times##ONE#NIGHT#ULTIMATE#WEREWOLF##Retro#8 / Game4,Youtube,0,Justin,Werewolf,Werewolf,False
Youtube / Ye#Olde#Times##ONE#NIGHT#ULTIMATE#WEREWOLF##Retro#8 / Game4,Youtube,1,Eric,Tanner,Hunter,True
Youtube / Ye#Olde#Times##ONE#NIGHT#ULTIMATE#WEREWOLF##Retro#8 / Game4,Youtube,2,Paul,Robber,Tanner,True
Youtube / Ye#Olde#Times##ONE#NIGHT#ULTIMATE#WEREWOLF##Retro#8 / Game4,Youtube,3,Mitchell,Hunter,Robber,True
Youtube / Ye#Olde#Times##ONE#NIGHT#ULTIMATE#WEREWOLF##Retro#8 / Game4,Youtube,4,Mike,Troublemaker,Troublemaker,False
Ego4D / 0a6ef9dc-a2dc-452b-a907-d6fa2ed4cae0 / Game1,Ego4D,0,Erin,Werewolf,Robber,True
Ego4D / 0a6ef9dc-a2dc-452b-a907-d6fa2ed4cae0 / Game1,Ego4D,1,Sebastian,Robber,Seer,True
Ego4D / 0a6ef9dc-a2dc-452b-a907-d6fa2ed4cae0 / Game1,Ego4D,2,Jack,Moderator,Moderator,False
Ego4D / 0a6ef9dc-a2dc-452b-a907-d6fa2ed4cae0 / Game1,Ego4D,3,Brent,Seer,Werewolf,True
Ego4D / 0a6ef9dc-a2dc-452b-a907-d6fa2ed4cae0 / Game1,Ego4D,4,Hailey,Troublemaker,Troublemaker,False
Ego4D / 0a6ef9dc-a2dc-452b-a907-d6fa2ed4cae0 / Game2,Ego4D,0,Erin,Moderator,Moderator,False
Ego4D / 0a6ef9dc-a2dc-452b-a907-d6fa2ed4cae0 / Game2,Ego4D,1,Sebastian,Robber,Villager,True
Ego4D / 0a6ef9dc-a2dc-452b-a907-d6fa2ed4cae0 / Game2,Ego4D,2,Jack,Werewolf,Werewolf,False
Ego4D / 0a6ef9dc-a2dc-452b-a907-d6fa2ed4cae0 / Game2,Ego4D,3,Brent,Villager,Villager,False
Ego4D / 0a6ef9dc-a2dc-452b-a907-d6fa2ed4cae0 / Game2,Ego4D,4,Hailey,Villager,Robber,True
Ego4D / 0c2659db-7bd4-4b37-9b08-4e247befe382 / Game4,Ego4D,0,Elliot,Robber,Tanner,True
Ego4D / 0c2659db-7bd4-4b37-9b08-4e247befe382 / Game4,Ego4D,1,Ashley,Werewolf,Werewolf,False
Ego4D / 0c2659db-7bd4-4b37-9b08-4e247befe382 / Game4,Ego4D,2,James,Insomniac,Insomniac,False
Ego4D / 0c2659db-7bd4-4b37-9b08-4e247befe382 / Game4,Ego4D,3,Chris,Seer,Seer,False
Ego4D / 0c2659db-7bd4-4b37-9b08-4e247befe382 / Game4,Ego4D,4,Sukeshi,Werewolf,Werewolf,False
Ego4D / 0c2659db-7bd4-4b37-9b08-4e247befe382 / Game4,Ego4D,5,Sian,Tanner,Robber,True
Ego4D / 0c2659db-7bd4-4b37-9b08-4e247befe382 / Game5,Ego4D,0,Elliot,Seer,Seer,False
Ego4D / 0c2659db-7bd4-4b37-9b08-4e247befe382 / Game5,Ego4D,1,Ashley,Werewolf,Werewolf,False
Ego4D / 0c2659db-7bd4-4b37-9b08-4e247befe382 / Game5,Ego4D,2,James,Doppelganger,Doppelganger,False
Ego4D / 0c2659db-7bd4-4b37-9b08-4e247befe382 / Game5,Ego4D,3,Chris,Werewolf,Werewolf,False
Ego4D / 0c2659db-7bd4-4b37-9b08-4e247befe382 / Game5,Ego4D,4,Sukeshi,Insomniac,Insomniac,False
Ego4D / 0c2659db-7bd4-4b37-9b08-4e247befe382 / Game5,Ego4D,5,Sian,Villager,Villager,False
Ego4D / 0c2659db-7bd4-4b37-9b08-4e247befe382 / Game6,Ego4D,0,Elliot,Werewolf,Werewolf,False
Ego4D / 0c2659db-7bd4-4b37-9b08-4e247befe382 / Game6,Ego4D,1,Ashley,Seer,Robber,True
Ego4D / 0c2659db-7bd4-4b37-9b08-4e247befe382 / Game6,Ego4D,2,James,Troublemaker,Troublemaker,False
Ego4D / 0c2659db-7bd4-4b37-9b08-4e247befe382 / Game6,Ego4D,3,Chris,Hunter,Seer,True
Ego4D / 0c2659db-7bd4-4b37-9b08-4e247befe382 / Game6,Ego4D,4,Sukeshi,Robber,Hunter,True
Ego4D / 0c2659db-7bd4-4b37-9b08-4e247befe382 / Game6,Ego4D,5,Sian,Tanner,Tanner,False
Ego4D / 0c2659db-7bd4-4b37-9b08-4e247befe382 / Game7,Ego4D,0,Elliot,Robber,Tanner,True
Ego4D / 0c2659db-7bd4-4b37-9b08-4e247befe382 / Game7,Ego4D,1,Ashley,Minion,Doppelganger,True
Ego4D / 0c2659db-7bd4-4b37-9b08-4e247befe382 / Game7,Ego4D,2,James,Doppelganger,Seer,True
Ego4D / 0c2659db-7bd4-4b37-9b08-4e247befe382 / Game7,Ego4D,3,Chris,Troublemaker,Troublemaker,False
Ego4D / 0c2659db-7bd4-4b37-9b08-4e247befe382 / Game7,Ego4D,4,Sukeshi,Tanner,Robber,True
Ego4D / 0c2659db-7bd4-4b37-9b08-4e247befe382 / Game7,Ego4D,5,Sian,Seer,Minion,True
Ego4D / 0c2659db-7bd4-4b37-9b08-4e247befe382 / Game8,Ego4D,0,Elliot,Werewolf,Werewolf,False
Ego4D / 0c2659db-7bd4-4b37-9b08-4e247befe382 / Game8,Ego4D,1,Ashley,Robber,Hunter,True
Ego4D / 0c2659db-7bd4-4b37-9b08-4e247befe382 / Game8,Ego4D,2,James,Doppelganger,Robber,True
Ego4D / 0c2659db-7bd4-4b37-9b08-4e247befe382 / Game8,Ego4D,3,Chris,Hunter,Doppelganger,True
Ego4D / 0c2659db-7bd4-4b37-9b08-4e247befe382 / Game8,Ego4D,4,Sukeshi,Minion,Minion,False
Ego4D / 0c2659db-7bd4-4b37-9b08-4e247befe382 / Game8,Ego4D,5,Sian,Tanner,Tanner,False
Ego4D / 0c2659db-7bd4-4b37-9b08-4e247befe382 / Game9,Ego4D,0,Elliot,Villager,Villager,False
Ego4D / 0c2659db-7bd4-4b37-9b08-4e247befe382 / Game9,Ego4D,1,Ashley,Hunter,Hunter,False
Ego4D / 0c2659db-7bd4-4b37-9b08-4e247befe382 / Game9,Ego4D,2,James,Robber,Villager,True
Ego4D / 0c2659db-7bd4-4b37-9b08-4e247befe382 / Game9,Ego4D,3,Chris,Werewolf,Werewolf,False
Ego4D / 0c2659db-7bd4-4b37-9b08-4e247befe382 / Game9,Ego4D,4,Sukeshi,Villager,Robber,True
Ego4D / 0c2659db-7bd4-4b37-9b08-4e247befe382 / Game9,Ego4D,5,Sian,Seer,Seer,False
Ego4D / 1a0d3e22-a6d6-4723-91a0-52fc2c87d5ce / Game10,Ego4D,0,Zack,Werewolf,Villager,True
Ego4D / 1a0d3e22-a6d6-4723-91a0-52fc2c87d5ce / Game10,Ego4D,1,Sean,Villager,Werewolf,True
Ego4D / 1a0d3e22-a6d6-4723-91a0-52fc2c87d5ce / Game10,Ego4D,2,Hunter,Troublemaker,Troublemaker,False
Ego4D / 1a0d3e22-a6d6-4723-91a0-52fc2c87d5ce / Game10,Ego4D,3,Jacob,Werewolf,Werewolf,False
Ego4D / 1a0d3e22-a6d6-4723-91a0-52fc2c87d5ce / Game11,Ego4D,0,Zack,Insomniac,Drunk,True
Ego4D / 1a0d3e22-a6d6-4723-91a0-52fc2c87d5ce / Game11,Ego4D,1,Sean,Werewolf,Werewolf,False
Ego4D / 1a0d3e22-a6d6-4723-91a0-52fc2c87d5ce / Game11,Ego4D,2,Hunter,Troublemaker,Troublemaker,False
Ego4D / 1a0d3e22-a6d6-4723-91a0-52fc2c87d5ce / Game11,Ego4D,3,Jacob,Drunk,Villager,True
Ego4D / 1a0d3e22-a6d6-4723-91a0-52fc2c87d5ce / Game6,Ego4D,0,Zack,Robber,Villager,True
Ego4D / 1a0d3e22-a6d6-4723-91a0-52fc2c87d5ce / Game6,Ego4D,1,Sean,Villager,Robber,True
Ego4D / 1a0d3e22-a6d6-4723-91a0-52fc2c87d5ce / Game6,Ego4D,2,Hunter,Villager,Villager,False
Ego4D / 1a0d3e22-a6d6-4723-91a0-52fc2c87d5ce / Game6,Ego4D,3,Jacob,Seer,Seer,False
Ego4D / 1a0d3e22-a6d6-4723-91a0-52fc2c87d5ce / Game7,Ego4D,0,Zack,Werewolf,Seer,True
Ego4D / 1a0d3e22-a6d6-4723-91a0-52fc2c87d5ce / Game7,Ego4D,1,Sean,Seer,Werewolf,True
Ego4D / 1a0d3e22-a6d6-4723-91a0-52fc2c87d5ce / Game7,Ego4D,2,Hunter,Troublemaker,Robber,True
Ego4D / 1a0d3e22-a6d6-4723-91a0-52fc2c87d5ce / Game7,Ego4D,3,Jacob,Robber,Troublemaker,True
Ego4D / 1a0d3e22-a6d6-4723-91a0-52fc2c87d5ce / Game8,Ego4D,0,Zack,Robber,Werewolf,True
Ego4D / 1a0d3e22-a6d6-4723-91a0-52fc2c87d5ce / Game8,Ego4D,1,Sean,Troublemaker,Robber,True
Ego4D / 1a0d3e22-a6d6-4723-91a0-52fc2c87d5ce / Game8,Ego4D,2,Hunter,Werewolf,Troublemaker,True
Ego4D / 1a0d3e22-a6d6-4723-91a0-52fc2c87d5ce / Game8,Ego4D,3,Jacob,Villager,Villager,False
Ego4D / 1a0d3e22-a6d6-4723-91a0-52fc2c87d5ce / Game9,Ego4D,0,Zack,Werewolf,Werewolf,False
Ego4D / 1a0d3e22-a6d6-4723-91a0-52fc2c87d5ce / Game9,Ego4D,1,Sean,Villager,Villager,False
Ego4D / 1a0d3e22-a6d6-4723-91a0-52fc2c87d5ce / Game9,Ego4D,2,Hunter,Villager,Villager,False
Ego4D / 1a0d3e22-a6d6-4723-91a0-52fc2c87d5ce / Game9,Ego4D,3,Jacob,Seer,Seer,False
Ego4D / 2ba4023c-a8bf-43ad-ad5a-80ba222ce990 / Game10,Ego4D,0,Tyler,Werewolf,Werewolf,False
Ego4D / 2ba4023c-a8bf-43ad-ad5a-80ba222ce990 / Game10,Ego4D,1,Margaret,Tanner,Robber,True
Ego4D / 2ba4023c-a8bf-43ad-ad5a-80ba222ce990 / Game10,Ego4D,2,Erin,Werewolf,Werewolf,False
Ego4D / 2ba4023c-a8bf-43ad-ad5a-80ba222ce990 / Game10,Ego4D,3,Clint,Robber,Tanner,True
Ego4D / 2ba4023c-a8bf-43ad-ad5a-80ba222ce990 / Game6,Ego4D,0,Tyler,Drunk,Werewolf,True
Ego4D / 2ba4023c-a8bf-43ad-ad5a-80ba222ce990 / Game6,Ego4D,1,Margaret,Troublemaker,Robber,True
Ego4D / 2ba4023c-a8bf-43ad-ad5a-80ba222ce990 / Game6,Ego4D,2,Erin,Robber,Drunk,True
Ego4D / 2ba4023c-a8bf-43ad-ad5a-80ba222ce990 / Game6,Ego4D,3,Clint,Werewolf,Werewolf,False
Ego4D / 2ba4023c-a8bf-43ad-ad5a-80ba222ce990 / Game7,Ego4D,0,Tyler,Insomniac,Robber,True
Ego4D / 2ba4023c-a8bf-43ad-ad5a-80ba222ce990 / Game7,Ego4D,1,Margaret,Robber,Insomniac,True
Ego4D / 2ba4023c-a8bf-43ad-ad5a-80ba222ce990 / Game7,Ego4D,2,Erin,Drunk,Hunter,True
Ego4D / 2ba4023c-a8bf-43ad-ad5a-80ba222ce990 / Game7,Ego4D,3,Clint,Werewolf,Werewolf,False
Ego4D / 2ba4023c-a8bf-43ad-ad5a-80ba222ce990 / Game8,Ego4D,0,Tyler,Werewolf,Werewolf,False
Ego4D / 2ba4023c-a8bf-43ad-ad5a-80ba222ce990 / Game8,Ego4D,1,Margaret,Hunter,Hunter,False
Ego4D / 2ba4023c-a8bf-43ad-ad5a-80ba222ce990 / Game8,Ego4D,2,Erin,Drunk,Troublemaker,True
Ego4D / 2ba4023c-a8bf-43ad-ad5a-80ba222ce990 / Game8,Ego4D,3,Clint,Werewolf,Werewolf,False
Ego4D / 2ba4023c-a8bf-43ad-ad5a-80ba222ce990 / Game9,Ego4D,0,Tyler,Werewolf,Werewolf,False
Ego4D / 2ba4023c-a8bf-43ad-ad5a-80ba222ce990 / Game9,Ego4D,1,Margaret,Robber,Hunter,True
Ego4D / 2ba4023c-a8bf-43ad-ad5a-80ba222ce990 / Game9,Ego4D,2,Erin,Insomniac,Insomniac,False
Ego4D / 2ba4023c-a8bf-43ad-ad5a-80ba222ce990 / Game9,Ego4D,3,Clint,Hunter,Robber,True
Ego4D / 324bccd2-adff-4e9a-8ff4-03491e144ac3 / Game1,Ego4D,0,Zack,Troublemaker,Troublemaker,False
Ego4D / 324bccd2-adff-4e9a-8ff4-03491e144ac3 / Game1,Ego4D,1,Sean,Werewolf,Villager,True
Ego4D / 324bccd2-adff-4e9a-8ff4-03491e144ac3 / Game1,Ego4D,2,Hunter,Villager,Werewolf,True
Ego4D / 324bccd2-adff-4e9a-8ff4-03491e144ac3 / Game1,Ego4D,3,Jacob,Villager,Villager,False
Ego4D / 324bccd2-adff-4e9a-8ff4-03491e144ac3 / Game2,Ego4D,0,Zack,Robber,Werewolf,True
Ego4D / 324bccd2-adff-4e9a-8ff4-03491e144ac3 / Game2,Ego4D,1,Sean,Seer,Robber,True
Ego4D / 324bccd2-adff-4e9a-8ff4-03491e144ac3 / Game2,Ego4D,2,Hunter,Werewolf,Seer,True
Ego4D / 324bccd2-adff-4e9a-8ff4-03491e144ac3 / Game2,Ego4D,3,Jacob,Troublemaker,Troublemaker,False
Ego4D / 324bccd2-adff-4e9a-8ff4-03491e144ac3 / Game3,Ego4D,0,Zack,Seer,Seer,False
Ego4D / 324bccd2-adff-4e9a-8ff4-03491e144ac3 / Game3,Ego4D,1,Sean,Troublemaker,Troublemaker,False
Ego4D / 324bccd2-adff-4e9a-8ff4-03491e144ac3 / Game3,Ego4D,2,Hunter,Robber,Robber,False
Ego4D / 324bccd2-adff-4e9a-8ff4-03491e144ac3 / Game3,Ego4D,3,Jacob,Werewolf,Werewolf,False
Ego4D / 324bccd2-adff-4e9a-8ff4-03491e144ac3 / Game4,Ego4D,0,Zack,Werewolf,Troublemaker,True
Ego4D / 324bccd2-adff-4e9a-8ff4-03491e144ac3 / Game4,Ego4D,1,Sean,Troublemaker,Robber,True
Ego4D / 324bccd2-adff-4e9a-8ff4-03491e144ac3 / Game4,Ego4D,2,Hunter,Robber,Werewolf,True
Ego4D / 324bccd2-adff-4e9a-8ff4-03491e144ac3 / Game4,Ego4D,3,Jacob,Werewolf,Werewolf,False
Ego4D / 324bccd2-adff-4e9a-8ff4-03491e144ac3 / Game5,Ego4D,0,Zack,Villager,Villager,False
Ego4D / 324bccd2-adff-4e9a-8ff4-03491e144ac3 / Game5,Ego4D,1,Sean,Werewolf,Werewolf,False
Ego4D / 324bccd2-adff-4e9a-8ff4-03491e144ac3 / Game5,Ego4D,2,Hunter,Troublemaker,Troublemaker,False
Ego4D / 324bccd2-adff-4e9a-8ff4-03491e144ac3 / Game5,Ego4D,3,Jacob,Werewolf,Werewolf,False
Ego4D / 3ba069be-60fa-47fc-bd7b-f85bf649a5bd / Game1,Ego4D,0,Kevin,Robber,Werewolf,True
Ego4D / 3ba069be-60fa-47fc-bd7b-f85bf649a5bd / Game1,Ego4D,1,Kaelan,Troublemaker,Robber,True
Ego4D / 3ba069be-60fa-47fc-bd7b-f85bf649a5bd / Game1,Ego4D,2,Jessica,Werewolf,Troublemaker,True
Ego4D / 3ba069be-60fa-47fc-bd7b-f85bf649a5bd / Game1,Ego4D,3,Daniel,Drunk,Center Card,True
Ego4D / 3ba069be-60fa-47fc-bd7b-f85bf649a5bd / Game2,Ego4D,0,Kevin,Troublemaker,Troublemaker,False
Ego4D / 3ba069be-60fa-47fc-bd7b-f85bf649a5bd / Game2,Ego4D,1,Kaelan,Robber,Minion,True
Ego4D / 3ba069be-60fa-47fc-bd7b-f85bf649a5bd / Game2,Ego4D,2,Jessica,Minion,Villager,True
Ego4D / 3ba069be-60fa-47fc-bd7b-f85bf649a5bd / Game2,Ego4D,3,Daniel,Villager,Robber,True
Ego4D / 3ba069be-60fa-47fc-bd7b-f85bf649a5bd / Game3,Ego4D,0,Kevin,Minion,Doppelganger,True
Ego4D / 3ba069be-60fa-47fc-bd7b-f85bf649a5bd / Game3,Ego4D,1,Kaelan,Troublemaker,Troublemaker,False
Ego4D / 3ba069be-60fa-47fc-bd7b-f85bf649a5bd / Game3,Ego4D,2,Jessica,Doppelganger,Werewolf,True
Ego4D / 3ba069be-60fa-47fc-bd7b-f85bf649a5bd / Game3,Ego4D,3,Daniel,Werewolf,Minion,True
Ego4D / 3ba069be-60fa-47fc-bd7b-f85bf649a5bd / Game4,Ego4D,0,Kevin,Troublemaker,Troublemaker,False
Ego4D / 3ba069be-60fa-47fc-bd7b-f85bf649a5bd / Game4,Ego4D,1,Kaelan,Seer,Minion,True
Ego4D / 3ba069be-60fa-47fc-bd7b-f85bf649a5bd / Game4,Ego4D,2,Jessica,Robber,Seer,True
Ego4D / 3ba069be-60fa-47fc-bd7b-f85bf649a5bd / Game4,Ego4D,3,Daniel,Minion,Robber,True
Ego4D / 3ba069be-60fa-47fc-bd7b-f85bf649a5bd / Game5,Ego4D,0,Kevin,Troublemaker,Robber,True
Ego4D / 3ba069be-60fa-47fc-bd7b-f85bf649a5bd / Game5,Ego4D,1,Kaelan,Drunk,Center Card,True
Ego4D / 3ba069be-60fa-47fc-bd7b-f85bf649a5bd / Game5,Ego4D,2,Jessica,Tanner,Troublemaker,True
Ego4D / 3ba069be-60fa-47fc-bd7b-f85bf649a5bd / Game5,Ego4D,3,Daniel,Robber,Tanner,True
Ego4D / 3ba069be-60fa-47fc-bd7b-f85bf649a5bd / Game6,Ego4D,0,Kevin,Doppelganger,Robber,True
Ego4D / 3ba069be-60fa-47fc-bd7b-f85bf649a5bd / Game6,Ego4D,1,Kaelan,Robber,Center Card,True
Ego4D / 3ba069be-60fa-47fc-bd7b-f85bf649a5bd / Game6,Ego4D,2,Jessica,Insomniac,Insomniac,False
Ego4D / 3ba069be-60fa-47fc-bd7b-f85bf649a5bd / Game6,Ego4D,3,Daniel,Drunk,Center Card,True
Ego4D / 62c4bc58-3776-4791-ac30-4c9ca5619503 / Game10,Ego4D,0,Kevin,Minion,Minion,False
Ego4D / 62c4bc58-3776-4791-ac30-4c9ca5619503 / Game10,Ego4D,1,Kaelan,Villager,Villager,False
Ego4D / 62c4bc58-3776-4791-ac30-4c9ca5619503 / Game10,Ego4D,2,Jessica,Villager,Villager,False
Ego4D / 62c4bc58-3776-4791-ac30-4c9ca5619503 / Game10,Ego4D,3,Daniel,Werewolf,Werewolf,False
Ego4D / 62c4bc58-3776-4791-ac30-4c9ca5619503 / Game11,Ego4D,0,Kevin,Villager,Villager,False
Ego4D / 62c4bc58-3776-4791-ac30-4c9ca5619503 / Game11,Ego4D,1,Kaelan,Villager,Villager,False
Ego4D / 62c4bc58-3776-4791-ac30-4c9ca5619503 / Game11,Ego4D,2,Jessica,Minion,Minion,False
Ego4D / 62c4bc58-3776-4791-ac30-4c9ca5619503 / Game11,Ego4D,3,Daniel,Werewolf,Werewolf,False
Ego4D / 62c4bc58-3776-4791-ac30-4c9ca5619503 / Game12,Ego4D,0,Kevin,Mason,Seer,True
Ego4D / 62c4bc58-3776-4791-ac30-4c9ca5619503 / Game12,Ego4D,1,Kaelan,Troublemaker,Troublemaker,False
Ego4D / 62c4bc58-3776-4791-ac30-4c9ca5619503 / Game12,Ego4D,2,Jessica,Minion,Minion,False
Ego4D / 62c4bc58-3776-4791-ac30-4c9ca5619503 / Game12,Ego4D,3,Daniel,Seer,Mason,True
Ego4D / 62c4bc58-3776-4791-ac30-4c9ca5619503 / Game7,Ego4D,0,Kevin,Seer,Seer,False
Ego4D / 62c4bc58-3776-4791-ac30-4c9ca5619503 / Game7,Ego4D,1,Kaelan,Drunk,Center Card,True
Ego4D / 62c4bc58-3776-4791-ac30-4c9ca5619503 / Game7,Ego4D,2,Jessica,Werewolf,Werewolf,False
Ego4D / 62c4bc58-3776-4791-ac30-4c9ca5619503 / Game7,Ego4D,3,Daniel,Werewolf,Werewolf,False
Ego4D / 62c4bc58-3776-4791-ac30-4c9ca5619503 / Game8,Ego4D,0,Kevin,Seer,Seer,False
Ego4D / 62c4bc58-3776-4791-ac30-4c9ca5619503 / Game8,Ego4D,1,Kaelan,Robber,Drunk,True
Ego4D / 62c4bc58-3776-4791-ac30-4c9ca5619503 / Game8,Ego4D,2,Jessica,Minion,Minion,False
Ego4D / 62c4bc58-3776-4791-ac30-4c9ca5619503 / Game8,Ego4D,3,Daniel,Drunk,Center Card,True
Ego4D / 62c4bc58-3776-4791-ac30-4c9ca5619503 / Game9,Ego4D,0,Kevin,Troublemaker,Troublemaker,False
Ego4D / 62c4bc58-3776-4791-ac30-4c9ca5619503 / Game9,Ego4D,1,Kaelan,Doppelganger,Robber,True
Ego4D / 62c4bc58-3776-4791-ac30-4c9ca5619503 / Game9,Ego4D,2,Jessica,Werewolf,Werewolf,False
Ego4D / 62c4bc58-3776-4791-ac30-4c9ca5619503 / Game9,Ego4D,3,Daniel,Robber,Doppelganger,True
Ego4D / 64076f60-f3fc-4ee6-93e1-3489d8ec7b12 / Game3,Ego4D,0,Erin,Troublemaker,Troublemaker,False
Ego4D / 64076f60-f3fc-4ee6-93e1-3489d8ec7b12 / Game3,Ego4D,1,Sebastian,Moderator,Moderator,False
Ego4D / 64076f60-f3fc-4ee6-93e1-3489d8ec7b12 / Game3,Ego4D,2,Jack,Werewolf,Robber,True
Ego4D / 64076f60-f3fc-4ee6-93e1-3489d8ec7b12 / Game3,Ego4D,3,Brent,Villager,Werewolf,True
Ego4D / 64076f60-f3fc-4ee6-93e1-3489d8ec7b12 / Game3,Ego4D,4,Hailey,Robber,Villager,True
Ego4D / 698f6bbe-4347-4a06-bd5d-3482f5e4fbbe / Game1,Ego4D,0,Elliot,Robber,Werewolf,True
Ego4D / 698f6bbe-4347-4a06-bd5d-3482f5e4fbbe / Game1,Ego4D,1,Ashley,Werewolf,Werewolf,False
Ego4D / 698f6bbe-4347-4a06-bd5d-3482f5e4fbbe / Game1,Ego4D,2,James,Werewolf,Robber,True
Ego4D / 698f6bbe-4347-4a06-bd5d-3482f5e4fbbe / Game1,Ego4D,3,Chris,Minion,Drunk,True
Ego4D / 698f6bbe-4347-4a06-bd5d-3482f5e4fbbe / Game1,Ego4D,4,Sukeshi,Troublemaker,Troublemaker,False
Ego4D / 698f6bbe-4347-4a06-bd5d-3482f5e4fbbe / Game1,Ego4D,5,Sian,Drunk,Seer,True
Ego4D / 698f6bbe-4347-4a06-bd5d-3482f5e4fbbe / Game2,Ego4D,0,Elliot,Villager,Seer,True
Ego4D / 698f6bbe-4347-4a06-bd5d-3482f5e4fbbe / Game2,Ego4D,1,Ashley,Troublemaker,Troublemaker,False
Ego4D / 698f6bbe-4347-4a06-bd5d-3482f5e4fbbe / Game2,Ego4D,2,James,Robber,Hunter,True
Ego4D / 698f6bbe-4347-4a06-bd5d-3482f5e4fbbe / Game2,Ego4D,3,Chris,Seer,Villager,True
Ego4D / 698f6bbe-4347-4a06-bd5d-3482f5e4fbbe / Game2,Ego4D,4,Sukeshi,Werewolf,Werewolf,False
Ego4D / 698f6bbe-4347-4a06-bd5d-3482f5e4fbbe / Game2,Ego4D,5,Sian,Hunter,Robber,True
Ego4D / 698f6bbe-4347-4a06-bd5d-3482f5e4fbbe / Game3,Ego4D,0,Elliot,Hunter,Robber,True
Ego4D / 698f6bbe-4347-4a06-bd5d-3482f5e4fbbe / Game3,Ego4D,1,Ashley,Troublemaker,Troublemaker,False
Ego4D / 698f6bbe-4347-4a06-bd5d-3482f5e4fbbe / Game3,Ego4D,2,James,Drunk,Werewolf,True
Ego4D / 698f6bbe-4347-4a06-bd5d-3482f5e4fbbe / Game3,Ego4D,3,Chris,Robber,Hunter,True
Ego4D / 698f6bbe-4347-4a06-bd5d-3482f5e4fbbe / Game3,Ego4D,4,Sukeshi,Seer,Villager,True
Ego4D / 698f6bbe-4347-4a06-bd5d-3482f5e4fbbe / Game3,Ego4D,5,Sian,Villager,Seer,True
