model,decoding_group,pair,joint_prevalence_mean,prevalence_a_mean,prevalence_b_mean,support_mean,support_total,lift_mean,lift_sd,support_is_thin,min_support_threshold
Gemma 4 2B,Stochastic,Payoff + SocialJudgment,0.5567190226876091,0.9092495636998255,0.5933682373472949,106.33333333333333,319,1.0326073591628948,0.009438008157514671,False,10.0
Gemma 4 2B,Stochastic,Payoff + Uncertainty,0.5305410122164048,0.9092495636998255,0.5968586387434555,101.33333333333333,304,0.9776867284766039,0.013761054734909796,False,10.0
Gemma 4 2B,Stochastic,Payoff + Testimony,0.4886561954624782,0.9092495636998255,0.5340314136125655,93.33333333333333,280,1.0067844807780604,0.016423226528446508,False,10.0
Gemma 4 2B,Stochastic,SocialJudgment + Uncertainty,0.3019197207678883,0.5933682373472949,0.5968586387434555,57.666666666666664,173,0.8534254876093891,0.03407711405977059,False,10.0
Gemma 4 2B,Stochastic,SocialJudgment + Testimony,0.2949389179755672,0.5933682373472949,0.5340314136125655,56.333333333333336,169,0.9272557076230528,0.047202415773736475,False,10.0
Gemma 4 2B,Stochastic,Testimony + Uncertainty,0.24781849912739964,0.5340314136125655,0.5968586387434555,47.333333333333336,142,0.7761615710538381,0.08008063294606024,False,10.0
Gemma 4 2B,Stochastic,Behavioral + Payoff,0.14659685863874347,0.1675392670157068,0.9092495636998255,28.0,84,0.9614671090363548,0.05391283743462214,False,10.0
Gemma 4 2B,Stochastic,Behavioral + Uncertainty,0.11169284467713787,0.1675392670157068,0.5968586387434555,21.333333333333332,64,1.1259667987172233,0.2510880715120141,False,10.0
Gemma 4 2B,Stochastic,Behavioral + SocialJudgment,0.08726003490401396,0.1675392670157068,0.5933682373472949,16.666666666666668,50,0.8792005854364012,0.05702771203210504,False,10.0
Gemma 4 2B,Stochastic,Behavioral + Testimony,0.07678883071553229,0.1675392670157068,0.5340314136125655,14.666666666666666,44,0.857353668348768,0.13452081752275916,False,10.0
Gemma 4 2B,Stochastic,ClaimComparison + Testimony,0.07678883071553229,0.07853403141361257,0.5340314136125655,14.666666666666666,44,1.8373895495540271,0.1014642462803112,False,10.0
Gemma 4 2B,Stochastic,ClaimComparison + Payoff,0.06457242582897033,0.07853403141361257,0.9092495636998255,12.333333333333334,37,0.9053907777323204,0.015893760583411118,False,10.0
Gemma 4 2B,Stochastic,ClaimComparison + Uncertainty,0.04013961605584642,0.07853403141361257,0.5968586387434555,7.666666666666667,23,0.8526289328146914,0.16341833101280867,True,10.0
Gemma 4 2B,Stochastic,ClaimComparison + SocialJudgment,0.034904013961605584,0.07853403141361257,0.5933682373472949,6.666666666666667,20,0.705024483183173,0.2962543538331649,True,10.0
Gemma 4 2B,Stochastic,Mechanical + Payoff,0.02617801047120419,0.029668411867364745,0.9092495636998255,5.0,15,0.9453802010033359,0.1189243289146408,True,10.0
Gemma 4 2B,Stochastic,Mechanical + Testimony,0.022687609075043632,0.029668411867364745,0.5340314136125655,4.333333333333333,13,1.4836169314324656,0.3137570125602782,True,10.0
Gemma 4 2B,Stochastic,Behavioral + ClaimComparison,0.017452006980802792,0.1675392670157068,0.07853403141361257,3.3333333333333335,10,1.298548468187937,0.3046381276037555,True,10.0
Gemma 4 2B,Stochastic,Mechanical + Uncertainty,0.012216404886561954,0.029668411867364745,0.5968586387434555,2.3333333333333335,7,0.7180451127819549,0.20728176957747838,True,10.0
Gemma 4 2B,Stochastic,Mechanical + SocialJudgment,0.010471204188481674,0.029668411867364745,0.5933682373472949,2.0,6,0.5770263944924715,0.18361327392857715,True,10.0
Gemma 4 2B,Stochastic,Behavioral + Mechanical,0.005235602094240839,0.1675392670157068,0.029668411867364745,1.0,3,1.1189271407487726,0.36601518355296214,True,10.0
Gemma 4 2B,Stochastic,ClaimComparison + Mechanical,0.0017452006980802793,0.07853403141361257,0.029668411867364745,0.3333333333333333,1,0.6996336996336997,1.2118011144529508,True,10.0
Gemma 4 4B,Stochastic,Payoff + Testimony,0.5567190226876091,0.719022687609075,0.7539267015706805,106.33333333333333,319,1.0270285852263326,0.011525108212044595,False,10.0
Gemma 4 4B,Stochastic,Behavioral + Testimony,0.4450261780104712,0.581151832460733,0.7539267015706805,85.0,255,1.014649801721556,0.047675582501053373,False,10.0
Gemma 4 4B,Stochastic,Payoff + SocialJudgment,0.4153577661431065,0.719022687609075,0.56195462478185,79.33333333333333,238,1.0283820346320345,0.022786729630728548,False,10.0
Gemma 4 4B,Stochastic,Behavioral + Payoff,0.3961605584642234,0.581151832460733,0.719022687609075,75.66666666666667,227,0.9490189386882291,0.03551223330713211,False,10.0
Gemma 4 4B,Stochastic,SocialJudgment + Testimony,0.3909249563699826,0.56195462478185,0.7539267015706805,74.66666666666667,224,0.9235820008305501,0.03562185866147558,False,10.0
Gemma 4 4B,Stochastic,Behavioral + SocialJudgment,0.3158813263525306,0.581151832460733,0.56195462478185,60.333333333333336,181,0.9672265201919618,0.023332745152789564,False,10.0
Gemma 4 4B,Stochastic,Testimony + Uncertainty,0.29319371727748694,0.7539267015706805,0.4258289703315881,56.0,168,0.9145544073302906,0.04426883465851245,False,10.0
Gemma 4 4B,Stochastic,Payoff + Uncertainty,0.26701570680628267,0.719022687609075,0.4258289703315881,51.0,153,0.8718576395869352,0.018944310521017974,False,10.0
Gemma 4 4B,Stochastic,SocialJudgment + Uncertainty,0.21640488656195464,0.56195462478185,0.4258289703315881,41.333333333333336,124,0.9004789633029265,0.10407588045992566,False,10.0
Gemma 4 4B,Stochastic,Behavioral + Uncertainty,0.21116928446771377,0.581151832460733,0.4258289703315881,40.333333333333336,121,0.855341609614252,0.0058986724139414295,False,10.0
Gemma 4 4B,Stochastic,ClaimComparison + Testimony,0.17452006980802792,0.18324607329842932,0.7539267015706805,33.333333333333336,100,1.267391739816152,0.060856837464581134,False,10.0
Gemma 4 4B,Stochastic,ClaimComparison + Payoff,0.12914485165794065,0.18324607329842932,0.719022687609075,24.666666666666668,74,0.9775624822651189,0.08424203860732651,False,10.0
Gemma 4 4B,Stochastic,Behavioral + ClaimComparison,0.12390924956369982,0.581151832460733,0.18324607329842932,23.666666666666668,71,1.1492936552420037,0.1495805068186994,False,10.0
Gemma 4 4B,Stochastic,ClaimComparison + SocialJudgment,0.09075043630017453,0.18324607329842932,0.56195462478185,17.333333333333332,52,0.8931740622616559,0.19674316590942192,False,10.0
Gemma 4 4B,Stochastic,Mechanical + Testimony,0.06457242582897033,0.06980802792321117,0.7539267015706805,12.333333333333334,37,1.2353331075917,0.11808920917051223,False,10.0
Gemma 4 4B,Stochastic,ClaimComparison + Uncertainty,0.05584642233856893,0.18324607329842932,0.4258289703315881,10.666666666666666,32,0.7125390863930762,0.20056787785254526,False,10.0
Gemma 4 4B,Stochastic,Mechanical + Payoff,0.05410122164048866,0.06980802792321117,0.719022687609075,10.333333333333334,31,1.0807111434317316,0.09688735036134657,False,10.0
Gemma 4 4B,Stochastic,Behavioral + Mechanical,0.027923211169284468,0.581151832460733,0.06980802792321117,5.333333333333333,16,0.6673427187912289,0.17087384616763823,True,10.0
Gemma 4 4B,Stochastic,Mechanical + SocialJudgment,0.02617801047120419,0.06980802792321117,0.56195462478185,5.0,15,0.6559802080635414,0.17683248189970865,True,10.0
Gemma 4 4B,Stochastic,Mechanical + Uncertainty,0.017452006980802792,0.06980802792321117,0.4258289703315881,3.3333333333333335,10,0.5889176430294851,0.24994626302154435,True,10.0
Gemma 4 4B,Stochastic,ClaimComparison + Mechanical,0.008726003490401396,0.18324607329842932,0.06980802792321117,1.6666666666666667,5,0.6513053898877329,0.35596932045851293,True,10.0
Gemma 4 31B,Stochastic,Behavioral + Testimony,0.6073298429319371,0.6160558464223386,0.9825479930191973,116.0,348,1.0032990245699673,0.005170066137203984,False,10.0
Gemma 4 31B,Stochastic,ClaimComparison + Testimony,0.5724258289703316,0.5724258289703316,0.9825479930191973,109.33333333333333,328,1.0178843457118933,0.013686748125981677,False,10.0
Gemma 4 31B,Stochastic,Mechanical + Testimony,0.518324607329843,0.5287958115183246,0.9825479930191973,99.0,297,0.9976385524815005,0.003584368494177661,False,10.0
Gemma 4 31B,Stochastic,Behavioral + ClaimComparison,0.39092495636998253,0.6160558464223386,0.5724258289703316,74.66666666666667,224,1.109474716186452,0.02545800507184195,False,10.0
Gemma 4 31B,Stochastic,Behavioral + Mechanical,0.29842931937172773,0.6160558464223386,0.5287958115183246,57.0,171,0.9164124503693881,0.039527791999357624,False,10.0
Gemma 4 31B,Stochastic,SocialJudgment + Testimony,0.2914485165794067,0.29842931937172773,0.9825479930191973,55.666666666666664,167,0.991593206772131,0.01762495423934996,False,10.0
Gemma 4 31B,Stochastic,Payoff + Testimony,0.2670157068062827,0.2757417102966841,0.9825479930191973,51.0,153,0.9866125430814062,0.009497572299454006,False,10.0
Gemma 4 31B,Stochastic,ClaimComparison + Mechanical,0.2582897033158813,0.5724258289703316,0.5287958115183246,49.333333333333336,148,0.8550787584005538,0.05605916424137581,False,10.0
Gemma 4 31B,Stochastic,Behavioral + SocialJudgment,0.18150087260034906,0.6160558464223386,0.29842931937172773,34.666666666666664,104,0.9835543400586418,0.03973986200982995,False,10.0
Gemma 4 31B,Stochastic,Behavioral + Payoff,0.15706806282722513,0.6160558464223386,0.2757417102966841,30.0,90,0.9267660105496974,0.08467422964965747,False,10.0
Gemma 4 31B,Stochastic,ClaimComparison + SocialJudgment,0.14136125654450263,0.5724258289703316,0.29842931937172773,27.0,81,0.8316497393269534,0.08821450423099961,False,10.0
Gemma 4 31B,Stochastic,Mechanical + Payoff,0.12914485165794065,0.5287958115183246,0.2757417102966841,24.666666666666668,74,0.8670162778989763,0.19315901831873833,False,10.0
Gemma 4 31B,Stochastic,ClaimComparison + Payoff,0.1273996509598604,0.5724258289703316,0.2757417102966841,24.333333333333332,73,0.8096658425967872,0.08787395660314809,False,10.0
Gemma 4 31B,Stochastic,Mechanical + SocialJudgment,0.12390924956369982,0.5287958115183246,0.29842931937172773,23.666666666666668,71,0.7846982439840624,0.053255525355719084,False,10.0
Gemma 4 31B,Stochastic,Testimony + Uncertainty,0.10645724258289703,0.9825479930191973,0.10820244328097732,20.333333333333332,61,1.0022414300689777,0.015450114034936437,False,10.0
Gemma 4 31B,Stochastic,ClaimComparison + Uncertainty,0.055846422338568937,0.5724258289703316,0.10820244328097732,10.666666666666666,32,0.920009935318784,0.19739613706637946,False,10.0
Gemma 4 31B,Stochastic,Payoff + SocialJudgment,0.05410122164048866,0.2757417102966841,0.29842931937172773,10.333333333333334,31,0.664582772470827,0.1415298930238725,False,10.0
Gemma 4 31B,Stochastic,Behavioral + Uncertainty,0.04886561954624782,0.6160558464223386,0.10820244328097732,9.333333333333334,28,0.723040389269074,0.1407968044857338,True,10.0
Gemma 4 31B,Stochastic,SocialJudgment + Uncertainty,0.03664921465968587,0.29842931937172773,0.10820244328097732,7.0,21,1.1112243429568798,0.2546799211718117,True,10.0
Gemma 4 31B,Stochastic,Payoff + Uncertainty,0.034904013961605584,0.2757417102966841,0.10820244328097732,6.666666666666667,20,1.187414398219483,0.22646843453363952,True,10.0
Gemma 4 31B,Stochastic,Mechanical + Uncertainty,0.0331588132635253,0.5287958115183246,0.10820244328097732,6.333333333333333,19,0.5838021302130213,0.10762717624705571,True,10.0
Gemma 4 2B,Greedy,Payoff + Uncertainty,0.5445026178010471,0.900523560209424,0.6387434554973822,104.0,104,0.9466260007624858,,False,10.0
Gemma 4 2B,Greedy,Payoff + Testimony,0.5287958115183246,0.900523560209424,0.5445026178010471,101.0,101,1.0784324686940965,,False,10.0
Gemma 4 2B,Greedy,Payoff + SocialJudgment,0.4607329842931937,0.900523560209424,0.5078534031413613,88.0,88,1.0074322704387435,,False,10.0
Gemma 4 2B,Greedy,Testimony + Uncertainty,0.2931937172774869,0.5445026178010471,0.6387434554973822,56.0,56,0.8430012610340478,,False,10.0
Gemma 4 2B,Greedy,SocialJudgment + Uncertainty,0.2617801047120419,0.5078534031413613,0.6387434554973822,50.0,50,0.8069967889133005,,False,10.0
Gemma 4 2B,Greedy,SocialJudgment + Testimony,0.24607329842931938,0.5078534031413613,0.5445026178010471,47.0,47,0.8898691514670896,,False,10.0
Gemma 4 2B,Greedy,Behavioral + Payoff,0.16230366492146597,0.17801047120418848,0.900523560209424,31.0,31,1.012482900136799,,False,10.0
Gemma 4 2B,Greedy,Behavioral + Uncertainty,0.1099476439790576,0.17801047120418848,0.6387434554973822,21.0,21,0.9669720347155256,,False,10.0
Gemma 4 2B,Greedy,Behavioral + Testimony,0.10471204188481675,0.17801047120418848,0.5445026178010471,20.0,20,1.080316742081448,,False,10.0
Gemma 4 2B,Greedy,ClaimComparison + Payoff,0.07853403141361257,0.07853403141361257,0.900523560209424,15.0,15,1.11046511627907,,False,10.0
Gemma 4 2B,Greedy,ClaimComparison + Testimony,0.07853403141361257,0.07853403141361257,0.5445026178010471,15.0,15,1.8365384615384615,,False,10.0
Gemma 4 2B,Greedy,Behavioral + SocialJudgment,0.07329842931937172,0.17801047120418848,0.5078534031413613,14.0,14,0.8107944208611279,,False,10.0
Gemma 4 2B,Greedy,ClaimComparison + SocialJudgment,0.03664921465968586,0.07853403141361257,0.5078534031413613,7.0,7,0.9189003436426115,,True,10.0
Gemma 4 2B,Greedy,ClaimComparison + Uncertainty,0.03664921465968586,0.07853403141361257,0.6387434554973822,7.0,7,0.7306010928961748,,True,10.0
Gemma 4 2B,Greedy,Mechanical + Payoff,0.02617801047120419,0.02617801047120419,0.900523560209424,5.0,5,1.1104651162790697,,True,10.0
Gemma 4 2B,Greedy,Mechanical + Testimony,0.02617801047120419,0.02617801047120419,0.5445026178010471,5.0,5,1.8365384615384615,,True,10.0
Gemma 4 2B,Greedy,Behavioral + ClaimComparison,0.010471204188481676,0.17801047120418848,0.07853403141361257,2.0,2,0.7490196078431374,,True,10.0
Gemma 4 2B,Greedy,Behavioral + Mechanical,0.010471204188481676,0.17801047120418848,0.02617801047120419,2.0,2,2.2470588235294118,,True,10.0
Gemma 4 2B,Greedy,Mechanical + SocialJudgment,0.010471204188481676,0.02617801047120419,0.5078534031413613,2.0,2,0.7876288659793814,,True,10.0
Gemma 4 2B,Greedy,Mechanical + Uncertainty,0.005235602094240838,0.02617801047120419,0.6387434554973822,1.0,1,0.3131147540983607,,True,10.0
Gemma 4 2B,Greedy,ClaimComparison + Mechanical,0.0,0.07853403141361257,0.02617801047120419,0.0,0,0.0,,True,10.0
Gemma 4 4B,Greedy,Payoff + Testimony,0.5445026178010471,0.7172774869109948,0.7172774869109948,104.0,104,1.058340881240343,,False,10.0
Gemma 4 4B,Greedy,Payoff + SocialJudgment,0.418848167539267,0.7172774869109948,0.5392670157068062,80.0,80,1.0828431719934803,,False,10.0
Gemma 4 4B,Greedy,Behavioral + Testimony,0.36649214659685864,0.5026178010471204,0.7172774869109948,70.0,70,1.0165754257907542,,False,10.0
Gemma 4 4B,Greedy,SocialJudgment + Testimony,0.35602094240837695,0.5392670157068062,0.7172774869109948,68.0,68,0.9204166961944582,,False,10.0
Gemma 4 4B,Greedy,Behavioral + Payoff,0.3036649214659686,0.5026178010471204,0.7172774869109948,58.0,58,0.8423053527980535,,False,10.0
Gemma 4 4B,Greedy,Payoff + Uncertainty,0.27225130890052357,0.7172774869109948,0.4031413612565445,52.0,52,0.9415110437008247,,False,10.0
Gemma 4 4B,Greedy,Behavioral + SocialJudgment,0.25654450261780104,0.5026178010471204,0.5392670157068062,49.0,49,0.9465008090614887,,False,10.0
Gemma 4 4B,Greedy,Testimony + Uncertainty,0.2513089005235602,0.7172774869109948,0.4031413612565445,48.0,48,0.8690871172622997,,False,10.0
Gemma 4 4B,Greedy,ClaimComparison + Testimony,0.19895287958115182,0.19895287958115182,0.7172774869109948,38.0,38,1.3941605839416058,,False,10.0
Gemma 4 4B,Greedy,SocialJudgment + Uncertainty,0.193717277486911,0.5392670157068062,0.4031413612565445,37.0,37,0.8910603959147649,,False,10.0
Gemma 4 4B,Greedy,Behavioral + Uncertainty,0.18324607329842932,0.5026178010471204,0.4031413612565445,35.0,35,0.9043560606060607,,False,10.0
Gemma 4 4B,Greedy,Behavioral + ClaimComparison,0.14136125654450263,0.5026178010471204,0.19895287958115182,27.0,27,1.413651315789474,,False,10.0
Gemma 4 4B,Greedy,ClaimComparison + Payoff,0.12041884816753927,0.19895287958115182,0.7172774869109948,23.0,23,0.8438340376488667,,False,10.0
Gemma 4 4B,Greedy,Mechanical + Testimony,0.07329842931937172,0.07329842931937172,0.7172774869109948,14.0,14,1.3941605839416058,,False,10.0
Gemma 4 4B,Greedy,ClaimComparison + SocialJudgment,0.06806282722513089,0.19895287958115182,0.5392670157068062,13.0,13,0.6343893714869699,,False,10.0
Gemma 4 4B,Greedy,Mechanical + Payoff,0.06282722513089005,0.07329842931937172,0.7172774869109948,12.0,12,1.194994786235662,,False,10.0
Gemma 4 4B,Greedy,ClaimComparison + Uncertainty,0.04712041884816754,0.19895287958115182,0.4031413612565445,9.0,9,0.5874914559125086,,True,10.0
Gemma 4 4B,Greedy,Behavioral + Mechanical,0.03664921465968586,0.5026178010471204,0.07329842931937172,7.0,7,0.9947916666666667,,True,10.0
Gemma 4 4B,Greedy,Mechanical + SocialJudgment,0.02617801047120419,0.07329842931937172,0.5392670157068062,5.0,5,0.6622746185852983,,True,10.0
Gemma 4 4B,Greedy,Mechanical + Uncertainty,0.015706806282722512,0.07329842931937172,0.4031413612565445,3.0,3,0.5315398886827458,,True,10.0
Gemma 4 4B,Greedy,ClaimComparison + Mechanical,0.010471204188481676,0.19895287958115182,0.07329842931937172,2.0,2,0.718045112781955,,True,10.0
Gemma 4 31B,Greedy,Behavioral + Testimony,0.6073298429319371,0.612565445026178,0.9895287958115183,116.0,116,1.0019445575001131,,False,10.0
Gemma 4 31B,Greedy,ClaimComparison + Testimony,0.5968586387434555,0.5968586387434555,0.9895287958115183,114.0,114,1.0105820105820107,,False,10.0
Gemma 4 31B,Greedy,Mechanical + Testimony,0.5340314136125655,0.5392670157068062,0.9895287958115183,102.0,102,1.0007705347511173,,False,10.0
Gemma 4 31B,Greedy,Behavioral + ClaimComparison,0.387434554973822,0.612565445026178,0.5968586387434555,74.0,74,1.0596791123106915,,False,10.0
Gemma 4 31B,Greedy,ClaimComparison + Mechanical,0.29842931937172773,0.5968586387434555,0.5392670157068062,57.0,57,0.9271844660194175,,False,10.0
Gemma 4 31B,Greedy,SocialJudgment + Testimony,0.29842931937172773,0.3036649214659686,0.9895287958115183,57.0,57,0.9931581828133552,,False,10.0
Gemma 4 31B,Greedy,Behavioral + Mechanical,0.2879581151832461,0.612565445026178,0.5392670157068062,55.0,55,0.8717118911293669,,False,10.0
Gemma 4 31B,Greedy,Payoff + Testimony,0.2879581151832461,0.2931937172774869,0.9895287958115183,55.0,55,0.9925359032501891,,False,10.0
Gemma 4 31B,Greedy,Behavioral + SocialJudgment,0.19895287958115182,0.612565445026178,0.3036649214659686,38.0,38,1.06955496610669,,False,10.0
Gemma 4 31B,Greedy,Behavioral + Payoff,0.16753926701570682,0.612565445026178,0.2931937172774869,32.0,32,0.932844932844933,,False,10.0
Gemma 4 31B,Greedy,ClaimComparison + SocialJudgment,0.16230366492146597,0.5968586387434555,0.3036649214659686,31.0,31,0.8954930429522082,,False,10.0
Gemma 4 31B,Greedy,ClaimComparison + Payoff,0.15706806282722513,0.5968586387434555,0.2931937172774869,30.0,30,0.8975563909774437,,False,10.0
Gemma 4 31B,Greedy,Mechanical + Payoff,0.14659685863874344,0.5392670157068062,0.2931937172774869,28.0,28,0.9271844660194176,,False,10.0
Gemma 4 31B,Greedy,Mechanical + SocialJudgment,0.12041884816753927,0.5392670157068062,0.3036649214659686,23.0,23,0.735353197187814,,False,10.0
Gemma 4 31B,Greedy,Testimony + Uncertainty,0.07329842931937172,0.9895287958115183,0.07853403141361257,14.0,14,0.9432098765432099,,False,10.0
Gemma 4 31B,Greedy,Payoff + SocialJudgment,0.06806282722513089,0.2931937172774869,0.3036649214659686,13.0,13,0.7644704433497538,,False,10.0
Gemma 4 31B,Greedy,ClaimComparison + Uncertainty,0.03664921465968586,0.5968586387434555,0.07853403141361257,7.0,7,0.7818713450292397,,True,10.0
Gemma 4 31B,Greedy,Mechanical + Uncertainty,0.031413612565445025,0.5392670157068062,0.07853403141361257,6.0,6,0.7417475728155339,,True,10.0
Gemma 4 31B,Greedy,SocialJudgment + Uncertainty,0.031413612565445025,0.3036649214659686,0.07853403141361257,6.0,6,1.3172413793103448,,True,10.0
Gemma 4 31B,Greedy,Behavioral + Uncertainty,0.02617801047120419,0.612565445026178,0.07853403141361257,5.0,5,0.5441595441595442,,True,10.0
Gemma 4 31B,Greedy,Payoff + Uncertainty,0.02617801047120419,0.2931937172774869,0.07853403141361257,5.0,5,1.1369047619047619,,True,10.0
