game_id,run_1,run_2,run_3,greedy_t0,n_unique_votes,all_same,agreement_type,vote_pattern,correct_run_1,correct_run_2,correct_run_3,n_correct_runs,agreement_case
Ego4D / 0a6ef9dc-a2dc-452b-a907-d6fa2ed4cae0 / Game1,Hailey,Hailey,No Werewolf,Hailey,2,False,two_vs_one,Hailey | Hailey | No Werewolf,False,False,False,0,different_votes_all_wrong
Ego4D / 0a6ef9dc-a2dc-452b-a907-d6fa2ed4cae0 / Game2,No Werewolf,No Werewolf,No Werewolf,No Werewolf,1,True,unanimous,No Werewolf | No Werewolf | No Werewolf,False,False,False,0,same_vote_all_wrong
Ego4D / 0c2659db-7bd4-4b37-9b08-4e247befe382 / Game4,Elliot,Ashley,Ashley,Sian,2,False,two_vs_one,Elliot | Ashley | Ashley,False,True,True,2,different_votes_mixed_correctness
Ego4D / 0c2659db-7bd4-4b37-9b08-4e247befe382 / Game5,Chris,No Werewolf,Chris,Chris,2,False,two_vs_one,Chris | No Werewolf | Chris,True,False,True,2,different_votes_mixed_correctness
Ego4D / 0c2659db-7bd4-4b37-9b08-4e247befe382 / Game6,James,Elliot,James,James,2,False,two_vs_one,James | Elliot | James,False,True,False,1,different_votes_mixed_correctness
Ego4D / 0c2659db-7bd4-4b37-9b08-4e247befe382 / Game7,No Werewolf,No Werewolf,No Werewolf,No Werewolf,1,True,unanimous,No Werewolf | No Werewolf | No Werewolf,True,True,True,3,same_vote_all_correct
Ego4D / 0c2659db-7bd4-4b37-9b08-4e247befe382 / Game8,Sian,No Werewolf,Sian,Sian,2,False,two_vs_one,Sian | No Werewolf | Sian,False,False,False,0,different_votes_all_wrong
Ego4D / 0c2659db-7bd4-4b37-9b08-4e247befe382 / Game9,Chris,Chris,James,Chris,2,False,two_vs_one,Chris | Chris | James,True,True,False,2,different_votes_mixed_correctness
Ego4D / 1a0d3e22-a6d6-4723-91a0-52fc2c87d5ce / Game10,Sean,Hunter,Hunter,No Werewolf,2,False,two_vs_one,Sean | Hunter | Hunter,True,False,False,1,different_votes_mixed_correctness
Ego4D / 1a0d3e22-a6d6-4723-91a0-52fc2c87d5ce / Game11,No Werewolf,No Werewolf,No Werewolf,No Werewolf,1,True,unanimous,No Werewolf | No Werewolf | No Werewolf,False,False,False,0,same_vote_all_wrong
Ego4D / 1a0d3e22-a6d6-4723-91a0-52fc2c87d5ce / Game6,Hunter,Hunter,Hunter,Hunter,1,True,unanimous,Hunter | Hunter | Hunter,False,False,False,0,same_vote_all_wrong
Ego4D / 1a0d3e22-a6d6-4723-91a0-52fc2c87d5ce / Game7,Hunter,No Werewolf,Hunter,No Werewolf,2,False,two_vs_one,Hunter | No Werewolf | Hunter,False,False,False,0,different_votes_all_wrong
Ego4D / 1a0d3e22-a6d6-4723-91a0-52fc2c87d5ce / Game8,No Werewolf,Zack,No Werewolf,Zack,2,False,two_vs_one,No Werewolf | Zack | No Werewolf,False,True,False,1,different_votes_mixed_correctness
Ego4D / 1a0d3e22-a6d6-4723-91a0-52fc2c87d5ce / Game9,Sean,Zack,Zack,Zack,2,False,two_vs_one,Sean | Zack | Zack,False,True,True,2,different_votes_mixed_correctness
Ego4D / 2ba4023c-a8bf-43ad-ad5a-80ba222ce990 / Game10,Tyler,Tyler,Tyler,Tyler,1,True,unanimous,Tyler | Tyler | Tyler,True,True,True,3,same_vote_all_correct
Ego4D / 2ba4023c-a8bf-43ad-ad5a-80ba222ce990 / Game6,Clint,Clint,No Werewolf,Clint,2,False,two_vs_one,Clint | Clint | No Werewolf,True,True,False,2,different_votes_mixed_correctness
Ego4D / 2ba4023c-a8bf-43ad-ad5a-80ba222ce990 / Game7,Erin,Erin,Erin,Erin,1,True,unanimous,Erin | Erin | Erin,False,False,False,0,same_vote_all_wrong
Ego4D / 2ba4023c-a8bf-43ad-ad5a-80ba222ce990 / Game8,Erin,Erin,Erin,Erin,1,True,unanimous,Erin | Erin | Erin,False,False,False,0,same_vote_all_wrong
Ego4D / 2ba4023c-a8bf-43ad-ad5a-80ba222ce990 / Game9,Tyler,Erin,Erin,Clint,2,False,two_vs_one,Tyler | Erin | Erin,True,False,False,1,different_votes_mixed_correctness
Ego4D / 324bccd2-adff-4e9a-8ff4-03491e144ac3 / Game1,No Werewolf,No Werewolf,No Werewolf,No Werewolf,1,True,unanimous,No Werewolf | No Werewolf | No Werewolf,False,False,False,0,same_vote_all_wrong
Ego4D / 324bccd2-adff-4e9a-8ff4-03491e144ac3 / Game2,Hunter,No Werewolf,No Werewolf,Hunter,2,False,two_vs_one,Hunter | No Werewolf | No Werewolf,False,False,False,0,different_votes_all_wrong
Ego4D / 324bccd2-adff-4e9a-8ff4-03491e144ac3 / Game3,No Werewolf,No Werewolf,No Werewolf,No Werewolf,1,True,unanimous,No Werewolf | No Werewolf | No Werewolf,False,False,False,0,same_vote_all_wrong
Ego4D / 324bccd2-adff-4e9a-8ff4-03491e144ac3 / Game4,No Werewolf,No Werewolf,No Werewolf,No Werewolf,1,True,unanimous,No Werewolf | No Werewolf | No Werewolf,False,False,False,0,same_vote_all_wrong
Ego4D / 324bccd2-adff-4e9a-8ff4-03491e144ac3 / Game5,Sean,No Werewolf,Sean,Jacob,2,False,two_vs_one,Sean | No Werewolf | Sean,True,False,True,2,different_votes_mixed_correctness
Ego4D / 3ba069be-60fa-47fc-bd7b-f85bf649a5bd / Game1,No Werewolf,No Werewolf,No Werewolf,No Werewolf,1,True,unanimous,No Werewolf | No Werewolf | No Werewolf,False,False,False,0,same_vote_all_wrong
Ego4D / 3ba069be-60fa-47fc-bd7b-f85bf649a5bd / Game2,No Werewolf,No Werewolf,Kaelan,No Werewolf,2,False,two_vs_one,No Werewolf | No Werewolf | Kaelan,True,True,False,2,different_votes_mixed_correctness
Ego4D / 3ba069be-60fa-47fc-bd7b-f85bf649a5bd / Game3,Jessica,Jessica,Jessica,Jessica,1,True,unanimous,Jessica | Jessica | Jessica,True,True,True,3,same_vote_all_correct
Ego4D / 3ba069be-60fa-47fc-bd7b-f85bf649a5bd / Game4,Daniel,No Werewolf,Daniel,Daniel,2,False,two_vs_one,Daniel | No Werewolf | Daniel,False,True,False,1,different_votes_mixed_correctness
Ego4D / 3ba069be-60fa-47fc-bd7b-f85bf649a5bd / Game5,Daniel,Daniel,Daniel,Daniel,1,True,unanimous,Daniel | Daniel | Daniel,False,False,False,0,same_vote_all_wrong
Ego4D / 3ba069be-60fa-47fc-bd7b-f85bf649a5bd / Game6,No Werewolf,No Werewolf,No Werewolf,No Werewolf,1,True,unanimous,No Werewolf | No Werewolf | No Werewolf,True,True,True,3,same_vote_all_correct
Ego4D / 62c4bc58-3776-4791-ac30-4c9ca5619503 / Game10,No Werewolf,No Werewolf,No Werewolf,No Werewolf,1,True,unanimous,No Werewolf | No Werewolf | No Werewolf,False,False,False,0,same_vote_all_wrong
Ego4D / 62c4bc58-3776-4791-ac30-4c9ca5619503 / Game11,Kaelan,Jessica,Kaelan,No Werewolf,2,False,two_vs_one,Kaelan | Jessica | Kaelan,False,False,False,0,different_votes_all_wrong
Ego4D / 62c4bc58-3776-4791-ac30-4c9ca5619503 / Game12,No Werewolf,Daniel,No Werewolf,No Werewolf,2,False,two_vs_one,No Werewolf | Daniel | No Werewolf,True,False,True,2,different_votes_mixed_correctness
Ego4D / 62c4bc58-3776-4791-ac30-4c9ca5619503 / Game7,Jessica,Jessica,Jessica,Kevin,1,True,unanimous,Jessica | Jessica | Jessica,True,True,True,3,same_vote_all_correct
Ego4D / 62c4bc58-3776-4791-ac30-4c9ca5619503 / Game8,No Werewolf,Jessica,No Werewolf,No Werewolf,2,False,two_vs_one,No Werewolf | Jessica | No Werewolf,True,False,True,2,different_votes_mixed_correctness
Ego4D / 62c4bc58-3776-4791-ac30-4c9ca5619503 / Game9,No Werewolf,No Werewolf,No Werewolf,No Werewolf,1,True,unanimous,No Werewolf | No Werewolf | No Werewolf,False,False,False,0,same_vote_all_wrong
Ego4D / 64076f60-f3fc-4ee6-93e1-3489d8ec7b12 / Game3,Jack,Hailey,No Werewolf,Jack,3,False,all_different,Jack | Hailey | No Werewolf,False,False,False,0,different_votes_all_wrong
Ego4D / 698f6bbe-4347-4a06-bd5d-3482f5e4fbbe / Game1,Elliot,No Werewolf,Elliot,Elliot,2,False,two_vs_one,Elliot | No Werewolf | Elliot,True,False,True,2,different_votes_mixed_correctness
Ego4D / 698f6bbe-4347-4a06-bd5d-3482f5e4fbbe / Game2,Sukeshi,Sukeshi,Sukeshi,Sukeshi,1,True,unanimous,Sukeshi | Sukeshi | Sukeshi,True,True,True,3,same_vote_all_correct
Ego4D / 698f6bbe-4347-4a06-bd5d-3482f5e4fbbe / Game3,Sukeshi,Sukeshi,James,No Werewolf,2,False,two_vs_one,Sukeshi | Sukeshi | James,False,False,True,1,different_votes_mixed_correctness
Youtube / Flashback##ONE#NIGHT#ULTIMATE#WEREWOLF##Retro#9 / Game1,Mitchell,Mitchell,Mitchell,Mitchell,1,True,unanimous,Mitchell | Mitchell | Mitchell,False,False,False,0,same_vote_all_wrong
Youtube / Flashback##ONE#NIGHT#ULTIMATE#WEREWOLF##Retro#9 / Game2,Laura,Mitchell,Paul,Mitchell,3,False,all_different,Laura | Mitchell | Paul,True,False,False,1,different_votes_mixed_correctness
Youtube / Flashback##ONE#NIGHT#ULTIMATE#WEREWOLF##Retro#9 / Game3,James,No Werewolf,Mitchell,Mitchell,3,False,all_different,James | No Werewolf | Mitchell,False,False,True,1,different_votes_mixed_correctness
Youtube / Flashback##ONE#NIGHT#ULTIMATE#WEREWOLF##Retro#9 / Game4,No Werewolf,No Werewolf,No Werewolf,Laura,1,True,unanimous,No Werewolf | No Werewolf | No Werewolf,True,True,True,3,same_vote_all_correct
Youtube / Flashback##ONE#NIGHT#ULTIMATE#WEREWOLF##Retro#9 / Game5,Laura,Laura,Mitchell,Mitchell,2,False,two_vs_one,Laura | Laura | Mitchell,True,True,False,2,different_votes_mixed_correctness
Youtube / ONE#NIGHT#ULTIMATE#WEREWOLF##Retro#1 / Game1,Mitchell,Mitchell,Mitchell,Mitchell,1,True,unanimous,Mitchell | Mitchell | Mitchell,True,True,True,3,same_vote_all_correct
Youtube / ONE#NIGHT#ULTIMATE#WEREWOLF##Retro#1 / Game10,Justin,Justin,Mitchell,Mitchell,2,False,two_vs_one,Justin | Justin | Mitchell,False,False,True,1,different_votes_mixed_correctness
Youtube / ONE#NIGHT#ULTIMATE#WEREWOLF##Retro#1 / Game2,Mitchell,Mitchell,James,No Werewolf,2,False,two_vs_one,Mitchell | Mitchell | James,False,False,False,0,different_votes_all_wrong
Youtube / ONE#NIGHT#ULTIMATE#WEREWOLF##Retro#1 / Game3,Justin,Justin,No Werewolf,Alvin,2,False,two_vs_one,Justin | Justin | No Werewolf,False,False,False,0,different_votes_all_wrong
Youtube / ONE#NIGHT#ULTIMATE#WEREWOLF##Retro#1 / Game4,James,Mitchell,James,James,2,False,two_vs_one,James | Mitchell | James,False,True,False,1,different_votes_mixed_correctness
Youtube / ONE#NIGHT#ULTIMATE#WEREWOLF##Retro#1 / Game5,Mitchell,Mitchell,Mitchell,Mitchell,1,True,unanimous,Mitchell | Mitchell | Mitchell,True,True,True,3,same_vote_all_correct
Youtube / ONE#NIGHT#ULTIMATE#WEREWOLF##Retro#1 / Game6,Justin,Justin,Justin,Justin,1,True,unanimous,Justin | Justin | Justin,True,True,True,3,same_vote_all_correct
Youtube / ONE#NIGHT#ULTIMATE#WEREWOLF##Retro#1 / Game7,James,James,James,James,1,True,unanimous,James | James | James,True,True,True,3,same_vote_all_correct
Youtube / ONE#NIGHT#ULTIMATE#WEREWOLF##Retro#1 / Game8,Alvin,No Werewolf,Mitchell,No Werewolf,3,False,all_different,Alvin | No Werewolf | Mitchell,True,False,True,2,different_votes_mixed_correctness
Youtube / ONE#NIGHT#ULTIMATE#WEREWOLF##Retro#1 / Game9,Mitchell,Mitchell,Mitchell,Mitchell,1,True,unanimous,Mitchell | Mitchell | Mitchell,True,True,True,3,same_vote_all_correct
Youtube / ONE#NIGHT#ULTIMATE#WEREWOLF##Retro#2 / Game1,Caitlynn,Caitlynn,Caitlynn,Caitlynn,1,True,unanimous,Caitlynn | Caitlynn | Caitlynn,True,True,True,3,same_vote_all_correct
Youtube / ONE#NIGHT#ULTIMATE#WEREWOLF##Retro#2 / Game2,No Werewolf,No Werewolf,No Werewolf,No Werewolf,1,True,unanimous,No Werewolf | No Werewolf | No Werewolf,True,True,True,3,same_vote_all_correct
Youtube / ONE#NIGHT#ULTIMATE#WEREWOLF##Retro#2 / Game4,Mike,Mike,Mike,Mike,1,True,unanimous,Mike | Mike | Mike,True,True,True,3,same_vote_all_correct
Youtube / ONE#NIGHT#ULTIMATE#WEREWOLF##Retro#2 / Game5,Justin,Justin,Justin,Justin,1,True,unanimous,Justin | Justin | Justin,False,False,False,0,same_vote_all_wrong
Youtube / ONE#NIGHT#ULTIMATE#WEREWOLF##Retro#2 / Game6,Mitchell,Mitchell,Mitchell,Mitchell,1,True,unanimous,Mitchell | Mitchell | Mitchell,False,False,False,0,same_vote_all_wrong
Youtube / ONE#NIGHT#ULTIMATE#WEREWOLF##Retro#2 / Game7,Caitlynn,Caitlynn,Caitlynn,Caitlynn,1,True,unanimous,Caitlynn | Caitlynn | Caitlynn,True,True,True,3,same_vote_all_correct
Youtube / ONE#NIGHT#ULTIMATE#WEREWOLF##Retro#2 / Game8,Dan,Dan,Justin,Justin,2,False,two_vs_one,Dan | Dan | Justin,True,True,False,2,different_votes_mixed_correctness
Youtube / ONE#NIGHT#ULTIMATE#WEREWOLF##Retro#3 / Game2,Mike,No Werewolf,Mike,Mike,2,False,two_vs_one,Mike | No Werewolf | Mike,False,False,False,0,different_votes_all_wrong
Youtube / ONE#NIGHT#ULTIMATE#WEREWOLF##Retro#3 / Game4,Mitchell,No Werewolf,Mike,Mike,3,False,all_different,Mitchell | No Werewolf | Mike,False,False,True,1,different_votes_mixed_correctness
Youtube / ONE#NIGHT#ULTIMATE#WEREWOLF##Retro#3 / Game5,Mitchell,Mitchell,Mitchell,James,1,True,unanimous,Mitchell | Mitchell | Mitchell,False,False,False,0,same_vote_all_wrong
Youtube / ONE#NIGHT#ULTIMATE#WEREWOLF##Retro#3 / Game6,Mike,Mike,Mike,Mike,1,True,unanimous,Mike | Mike | Mike,True,True,True,3,same_vote_all_correct
Youtube / ONE#NIGHT#ULTIMATE#WEREWOLF##Retro#3 / Game7,Mitchell,Mitchell,Mitchell,Mitchell,1,True,unanimous,Mitchell | Mitchell | Mitchell,True,True,True,3,same_vote_all_correct
Youtube / ONE#NIGHT#ULTIMATE#WEREWOLF##Retro#3 / Game8,No Werewolf,No Werewolf,No Werewolf,No Werewolf,1,True,unanimous,No Werewolf | No Werewolf | No Werewolf,True,True,True,3,same_vote_all_correct
Youtube / ONE#NIGHT#ULTIMATE#WEREWOLF##Retro#4 / Game10,Mitchell,No Werewolf,No Werewolf,Mitchell,2,False,two_vs_one,Mitchell | No Werewolf | No Werewolf,False,False,False,0,different_votes_all_wrong
Youtube / ONE#NIGHT#ULTIMATE#WEREWOLF##Retro#4 / Game11,Mitchell,Mitchell,Justin,Mitchell,2,False,two_vs_one,Mitchell | Mitchell | Justin,False,False,True,1,different_votes_mixed_correctness
Youtube / ONE#NIGHT#ULTIMATE#WEREWOLF##Retro#4 / Game3,Mitchell,Mitchell,Mitchell,Mitchell,1,True,unanimous,Mitchell | Mitchell | Mitchell,True,True,True,3,same_vote_all_correct
Youtube / ONE#NIGHT#ULTIMATE#WEREWOLF##Retro#4 / Game4,Mitchell,Mitchell,Mitchell,Mitchell,1,True,unanimous,Mitchell | Mitchell | Mitchell,False,False,False,0,same_vote_all_wrong
Youtube / ONE#NIGHT#ULTIMATE#WEREWOLF##Retro#4 / Game5,Justin,Justin,Justin,Justin,1,True,unanimous,Justin | Justin | Justin,False,False,False,0,same_vote_all_wrong
Youtube / ONE#NIGHT#ULTIMATE#WEREWOLF##Retro#4 / Game6,Mitchell,Mitchell,No Werewolf,Mitchell,2,False,two_vs_one,Mitchell | Mitchell | No Werewolf,False,False,True,1,different_votes_mixed_correctness
Youtube / ONE#NIGHT#ULTIMATE#WEREWOLF##Retro#4 / Game7,Caitlynn,Caitlynn,Caitlynn,No Werewolf,1,True,unanimous,Caitlynn | Caitlynn | Caitlynn,False,False,False,0,same_vote_all_wrong
Youtube / ONE#NIGHT#ULTIMATE#WEREWOLF##Retro#4 / Game9,Justin,Justin,Justin,Justin,1,True,unanimous,Justin | Justin | Justin,False,False,False,0,same_vote_all_wrong
Youtube / ONE#NIGHT#ULTIMATE#WEREWOLF##Retro#5 / Game1,No Werewolf,Mitchell,Mitchell,Mitchell,2,False,two_vs_one,No Werewolf | Mitchell | Mitchell,True,False,False,1,different_votes_mixed_correctness
Youtube / ONE#NIGHT#ULTIMATE#WEREWOLF##Retro#5 / Game2,Mitchell,No Werewolf,No Werewolf,Justin,2,False,two_vs_one,Mitchell | No Werewolf | No Werewolf,True,False,False,1,different_votes_mixed_correctness
Youtube / ONE#NIGHT#ULTIMATE#WEREWOLF##Retro#5 / Game3,Paul,No Werewolf,Paul,Paul,2,False,two_vs_one,Paul | No Werewolf | Paul,True,False,True,2,different_votes_mixed_correctness
Youtube / ONE#NIGHT#ULTIMATE#WEREWOLF##Retro#5 / Game4,No Werewolf,Paul,No Werewolf,No Werewolf,2,False,two_vs_one,No Werewolf | Paul | No Werewolf,True,False,True,2,different_votes_mixed_correctness
Youtube / ONE#NIGHT#ULTIMATE#WEREWOLF##Retro#5 / Game5,Justin,Justin,Mitchell,Justin,2,False,two_vs_one,Justin | Justin | Mitchell,True,True,False,2,different_votes_mixed_correctness
Youtube / ONE#NIGHT#ULTIMATE#WEREWOLF##Retro#5 / Game6,No Werewolf,No Werewolf,No Werewolf,No Werewolf,1,True,unanimous,No Werewolf | No Werewolf | No Werewolf,False,False,False,0,same_vote_all_wrong
Youtube / ONE#NIGHT#ULTIMATE#WEREWOLF##Retro#5 / Game7,Paul,Paul,Justin,Justin,2,False,two_vs_one,Paul | Paul | Justin,True,True,False,2,different_votes_mixed_correctness
Youtube / ONE#NIGHT#ULTIMATE#WEREWOLF##Retro#5 / Game8,No Werewolf,Justin,Mitchell,No Werewolf,3,False,all_different,No Werewolf | Justin | Mitchell,False,True,False,1,different_votes_mixed_correctness
Youtube / ONE#NIGHT#ULTIMATE#WEREWOLF#-#Drinking#Play#Through / Game1,Meryl,Jordan1,Jordan2,Jordan2,3,False,all_different,Meryl | Jordan1 | Jordan2,False,False,False,0,different_votes_all_wrong
Youtube / ONE#NIGHT#ULTIMATE#WEREWOLF#-#Drinking#Play#Through / Game2,Haak,Jordan2,No Werewolf,Jordan2,3,False,all_different,Haak | Jordan2 | No Werewolf,False,False,False,0,different_votes_all_wrong
Youtube / ONE#NIGHT#ULTIMATE#WEREWOLF#1##July#5th#2016 / Game2,Mike,Mike,Mike,Mike,1,True,unanimous,Mike | Mike | Mike,False,False,False,0,same_vote_all_wrong
Youtube / ONE#NIGHT#ULTIMATE#WEREWOLF#10##November#6th#2016 / Game1,Mitchell,No Werewolf,Mitchell,Mitchell,2,False,two_vs_one,Mitchell | No Werewolf | Mitchell,False,True,False,1,different_votes_mixed_correctness
Youtube / ONE#NIGHT#ULTIMATE#WEREWOLF#13##July#29th#2017 / Game1,Mike,Justin,Mike,Julie,2,False,two_vs_one,Mike | Justin | Mike,True,False,True,2,different_votes_mixed_correctness
Youtube / ONE#NIGHT#ULTIMATE#WEREWOLF#13##July#29th#2017 / Game2,Mitchell,Mitchell,No Werewolf,Mitchell,2,False,two_vs_one,Mitchell | Mitchell | No Werewolf,True,True,False,2,different_votes_mixed_correctness
Youtube / ONE#NIGHT#ULTIMATE#WEREWOLF#13##July#29th#2017 / Game3,Justin,Justin,Justin,Justin,1,True,unanimous,Justin | Justin | Justin,False,False,False,0,same_vote_all_wrong
Youtube / ONE#NIGHT#ULTIMATE#WEREWOLF#14##August#26th#2017 / Game1,Caitlynn,Justin,Caitlynn,Justin,2,False,two_vs_one,Caitlynn | Justin | Caitlynn,True,False,True,2,different_votes_mixed_correctness
Youtube / ONE#NIGHT#ULTIMATE#WEREWOLF#14##August#26th#2017 / Game2,Justin,Justin,Justin,Justin,1,True,unanimous,Justin | Justin | Justin,True,True,True,3,same_vote_all_correct
Youtube / ONE#NIGHT#ULTIMATE#WEREWOLF#18##September#30th#2017 / Game1,Paul,Paul,No Werewolf,Paul,2,False,two_vs_one,Paul | Paul | No Werewolf,False,False,False,0,different_votes_all_wrong
Youtube / ONE#NIGHT#ULTIMATE#WEREWOLF#26##January#20th#2018 / Game2,Meghan,Meghan,Meghan,Meghan,1,True,unanimous,Meghan | Meghan | Meghan,True,True,True,3,same_vote_all_correct
Youtube / ONE#NIGHT#ULTIMATE#WEREWOLF#26##January#20th#2018 / Game3,Meghan,Meghan,Meghan,Meghan,1,True,unanimous,Meghan | Meghan | Meghan,True,True,True,3,same_vote_all_correct
Youtube / ONE#NIGHT#ULTIMATE#WEREWOLF#28##February#17th#2018 / Game1,Mitchell,Mitchell,Mitchell,Mitchell,1,True,unanimous,Mitchell | Mitchell | Mitchell,True,True,True,3,same_vote_all_correct
Youtube / ONE#NIGHT#ULTIMATE#WEREWOLF#28##February#17th#2018 / Game2,Mike,Mike,Mike,Mike,1,True,unanimous,Mike | Mike | Mike,False,False,False,0,same_vote_all_wrong
Youtube / ONE#NIGHT#ULTIMATE#WEREWOLF#28##February#17th#2018 / Game3,Justin,Justin,Justin,Justin,1,True,unanimous,Justin | Justin | Justin,False,False,False,0,same_vote_all_wrong
Youtube / ONE#NIGHT#ULTIMATE#WEREWOLF#30##February#17th#2018 / Game4,No Werewolf,Alysha,No Werewolf,Alysha,2,False,two_vs_one,No Werewolf | Alysha | No Werewolf,False,False,False,0,different_votes_all_wrong
Youtube / ONE#NIGHT#ULTIMATE#WEREWOLF#34##March#24th#2018 / Game3,No Werewolf,Mitchell,No Werewolf,No Werewolf,2,False,two_vs_one,No Werewolf | Mitchell | No Werewolf,False,True,False,1,different_votes_mixed_correctness
Youtube / ONE#NIGHT#ULTIMATE#WEREWOLF#37##April#21st#2018 / Game2,No Werewolf,Mitchell,Mike,Mike,3,False,all_different,No Werewolf | Mitchell | Mike,False,True,False,1,different_votes_mixed_correctness
Youtube / ONE#NIGHT#ULTIMATE#WEREWOLF#38##April#21st#2018 / Game3,Mike,James,Mike,James,2,False,two_vs_one,Mike | James | Mike,True,False,True,2,different_votes_mixed_correctness
Youtube / ONE#NIGHT#ULTIMATE#WEREWOLF#38##April#21st#2018 / Game4,No Werewolf,Mike,Mike,Mike,2,False,two_vs_one,No Werewolf | Mike | Mike,False,False,False,0,different_votes_all_wrong
Youtube / ONE#NIGHT#ULTIMATE#WEREWOLF#39##April#21st#2018 / Game3,Mike,Justin,No Werewolf,No Werewolf,3,False,all_different,Mike | Justin | No Werewolf,False,True,False,1,different_votes_mixed_correctness
Youtube / ONE#NIGHT#ULTIMATE#WEREWOLF#4##July#14th#2016 / Game1,No Werewolf,Mitchell,Justin,Justin,3,False,all_different,No Werewolf | Mitchell | Justin,False,False,True,1,different_votes_mixed_correctness
Youtube / ONE#NIGHT#ULTIMATE#WEREWOLF#4##July#14th#2016 / Game2,No Werewolf,Mike,Paul,Mitchell,3,False,all_different,No Werewolf | Mike | Paul,False,False,False,0,different_votes_all_wrong
Youtube / ONE#NIGHT#ULTIMATE#WEREWOLF#4##July#14th#2016 / Game3,No Werewolf,No Werewolf,Mitchell,Mitchell,2,False,two_vs_one,No Werewolf | No Werewolf | Mitchell,True,True,False,2,different_votes_mixed_correctness
Youtube / ONE#NIGHT#ULTIMATE#WEREWOLF#43##October#13th#2018 / Game1,Mitchell,Mitchell,Mitchell,Mitchell,1,True,unanimous,Mitchell | Mitchell | Mitchell,True,True,True,3,same_vote_all_correct
Youtube / ONE#NIGHT#ULTIMATE#WEREWOLF#43##October#13th#2018 / Game3,Justin,Justin,Justin,Justin,1,True,unanimous,Justin | Justin | Justin,False,False,False,0,same_vote_all_wrong
Youtube / ONE#NIGHT#ULTIMATE#WEREWOLF#43##October#13th#2018 / Game4,Mike,Mike,Paul,No Werewolf,2,False,two_vs_one,Mike | Mike | Paul,False,False,True,1,different_votes_mixed_correctness
Youtube / ONE#NIGHT#ULTIMATE#WEREWOLF#44##October#13th#2018 / Game1,No Werewolf,No Werewolf,Mitchell,Mitchell,2,False,two_vs_one,No Werewolf | No Werewolf | Mitchell,False,False,False,0,different_votes_all_wrong
Youtube / ONE#NIGHT#ULTIMATE#WEREWOLF#44##October#13th#2018 / Game2,Justin,Justin,Justin,Justin,1,True,unanimous,Justin | Justin | Justin,True,True,True,3,same_vote_all_correct
Youtube / ONE#NIGHT#ULTIMATE#WEREWOLF#44##October#13th#2018 / Game3,Justin,No Werewolf,Mitchell,No Werewolf,3,False,all_different,Justin | No Werewolf | Mitchell,False,True,False,1,different_votes_mixed_correctness
Youtube / ONE#NIGHT#ULTIMATE#WEREWOLF#44##October#13th#2018 / Game4,No Werewolf,No Werewolf,No Werewolf,Paul,1,True,unanimous,No Werewolf | No Werewolf | No Werewolf,True,True,True,3,same_vote_all_correct
Youtube / ONE#NIGHT#ULTIMATE#WEREWOLF#44##October#13th#2018 / Game5,Mitchell,Mitchell,Mitchell,Mitchell,1,True,unanimous,Mitchell | Mitchell | Mitchell,False,False,False,0,same_vote_all_wrong
Youtube / ONE#NIGHT#ULTIMATE#WEREWOLF#45##October#13th#2018 / Game4,Justin,No Werewolf,Justin,Justin,2,False,two_vs_one,Justin | No Werewolf | Justin,False,False,False,0,different_votes_all_wrong
Youtube / ONE#NIGHT#ULTIMATE#WEREWOLF#45##October#13th#2018 / Game6,Mitchell,No Werewolf,No Werewolf,No Werewolf,2,False,two_vs_one,Mitchell | No Werewolf | No Werewolf,False,True,True,2,different_votes_mixed_correctness
Youtube / ONE#NIGHT#ULTIMATE#WEREWOLF#5##October#29th#2016 / Game1,Chris,Chris,Chris,Chris,1,True,unanimous,Chris | Chris | Chris,True,True,True,3,same_vote_all_correct
Youtube / ONE#NIGHT#ULTIMATE#WEREWOLF#55##January#26th#2019 / Game3,No Werewolf,No Werewolf,No Werewolf,No Werewolf,1,True,unanimous,No Werewolf | No Werewolf | No Werewolf,False,False,False,0,same_vote_all_wrong
Youtube / ONE#NIGHT#ULTIMATE#WEREWOLF#6##November#6th#2016 / Game1,Caitlynn,Caitlynn,Mitchell,Caitlynn,2,False,two_vs_one,Caitlynn | Caitlynn | Mitchell,False,False,True,1,different_votes_mixed_correctness
Youtube / ONE#NIGHT#ULTIMATE#WEREWOLF#6##November#6th#2016 / Game2,Mitchell,Mitchell,Mitchell,Mitchell,1,True,unanimous,Mitchell | Mitchell | Mitchell,False,False,False,0,same_vote_all_wrong
Youtube / ONE#NIGHT#ULTIMATE#WEREWOLF#62##March#23rd#2019 / Game1,Paul,James,Mitchell,No Werewolf,3,False,all_different,Paul | James | Mitchell,False,False,False,0,different_votes_all_wrong
Youtube / ONE#NIGHT#ULTIMATE#WEREWOLF#62##March#23rd#2019 / Game2,James,James,No Werewolf,Mitchell,2,False,two_vs_one,James | James | No Werewolf,False,False,False,0,different_votes_all_wrong
Youtube / ONE#NIGHT#ULTIMATE#WEREWOLF#63##March#23rd#2019 / Game1,Justin,Justin,Justin,Justin,1,True,unanimous,Justin | Justin | Justin,False,False,False,0,same_vote_all_wrong
Youtube / ONE#NIGHT#ULTIMATE#WEREWOLF#64##March#23rd#2019 / Game3,James,James,James,James,1,True,unanimous,James | James | James,True,True,True,3,same_vote_all_correct
Youtube / ONE#NIGHT#ULTIMATE#WEREWOLF#64##March#23rd#2019 / Game4,Paul,Paul,Paul,Paul,1,True,unanimous,Paul | Paul | Paul,True,True,True,3,same_vote_all_correct
Youtube / ONE#NIGHT#ULTIMATE#WEREWOLF#64##March#23rd#2019 / Game5,James,James,No Werewolf,James,2,False,two_vs_one,James | James | No Werewolf,False,False,False,0,different_votes_all_wrong
Youtube / ONE#NIGHT#ULTIMATE#WEREWOLF#7##November#6th#2016 / Game1,Alana,Alana,Mitchell,Mitchell,2,False,two_vs_one,Alana | Alana | Mitchell,True,True,False,2,different_votes_mixed_correctness
Youtube / ONE#NIGHT#ULTIMATE#WEREWOLF#7##November#6th#2016 / Game2,Caitlynn,Caitlynn,Caitlynn,Caitlynn,1,True,unanimous,Caitlynn | Caitlynn | Caitlynn,False,False,False,0,same_vote_all_wrong
Youtube / ONE#NIGHT#ULTIMATE#WEREWOLF#7##November#6th#2016 / Game3,Mitchell,Mitchell,No Werewolf,Mitchell,2,False,two_vs_one,Mitchell | Mitchell | No Werewolf,True,True,False,2,different_votes_mixed_correctness
Youtube / ONE#NIGHT#ULTIMATE#WEREWOLF#7##November#6th#2016 / Game4,Caitlynn,Mitchell,Mitchell,Mitchell,2,False,two_vs_one,Caitlynn | Mitchell | Mitchell,True,True,True,3,different_votes_all_correct
Youtube / ONE#NIGHT#ULTIMATE#WEREWOLF#8##November#6th#2016 / Game1,Mitchell,Mitchell,Mitchell,No Werewolf,1,True,unanimous,Mitchell | Mitchell | Mitchell,False,False,False,0,same_vote_all_wrong
Youtube / ONE#NIGHT#ULTIMATE#WEREWOLF#8##November#6th#2016 / Game4,Alana,Mike,Mike,No Werewolf,2,False,two_vs_one,Alana | Mike | Mike,False,False,False,0,different_votes_all_wrong
Youtube / ONE#NIGHT#ULTIMATE#WEREWOLF#83##October#15th#2019 / Game2,Caitlynn,Mike,Mike,No Werewolf,2,False,two_vs_one,Caitlynn | Mike | Mike,False,False,False,0,different_votes_all_wrong
Youtube / ONE#NIGHT#ULTIMATE#WEREWOLF#83##October#15th#2019 / Game3,Mike,Mike,Mike,Mike,1,True,unanimous,Mike | Mike | Mike,False,False,False,0,same_vote_all_wrong
Youtube / ONE#NIGHT#ULTIMATE#WEREWOLF#86##November#9th#2019 / Game1,No Werewolf,No Werewolf,No Werewolf,No Werewolf,1,True,unanimous,No Werewolf | No Werewolf | No Werewolf,False,False,False,0,same_vote_all_wrong
Youtube / ONE#NIGHT#ULTIMATE#WEREWOLF#86##November#9th#2019 / Game3,Mitchell,Mitchell,Mitchell,Mitchell,1,True,unanimous,Mitchell | Mitchell | Mitchell,False,False,False,0,same_vote_all_wrong
Youtube / ONE#NIGHT#ULTIMATE#WEREWOLF#86##November#9th#2019 / Game4,Mike,Mike,Mike,Mike,1,True,unanimous,Mike | Mike | Mike,True,True,True,3,same_vote_all_correct
Youtube / ONE#NIGHT#ULTIMATE#WEREWOLF#87##November#9th#2019 / Game1,No Werewolf,Mitchell,Mitchell,No Werewolf,2,False,two_vs_one,No Werewolf | Mitchell | Mitchell,False,False,False,0,different_votes_all_wrong
Youtube / ONE#NIGHT#ULTIMATE#WEREWOLF#87##November#9th#2019 / Game2,Justin,Mitchell,No Werewolf,Justin,3,False,all_different,Justin | Mitchell | No Werewolf,False,False,False,0,different_votes_all_wrong
Youtube / ONE#NIGHT#ULTIMATE#WEREWOLF#89##November#30th#2019 / Game2,Justin,Justin,Justin,Justin,1,True,unanimous,Justin | Justin | Justin,True,True,True,3,same_vote_all_correct
Youtube / ONE#NIGHT#ULTIMATE#WEREWOLF#89##November#30th#2019 / Game3,Mitchell,Mitchell,Mitchell,Mitchell,1,True,unanimous,Mitchell | Mitchell | Mitchell,True,True,True,3,same_vote_all_correct
Youtube / ONE#NIGHT#ULTIMATE#WEREWOLF#9##November#6th#2016 / Game1,Caitlynn,Mitchell,Mitchell,Mitchell,2,False,two_vs_one,Caitlynn | Mitchell | Mitchell,False,False,False,0,different_votes_all_wrong
Youtube / ONE#NIGHT#ULTIMATE#WEREWOLF#9##November#6th#2016 / Game2,Mike,Mike,Mike,No Werewolf,1,True,unanimous,Mike | Mike | Mike,False,False,False,0,same_vote_all_wrong
Youtube / ONE#NIGHT#ULTIMATE#WEREWOLF#9##November#6th#2016 / Game3,No Werewolf,Mitchell,Mitchell,Mitchell,2,False,two_vs_one,No Werewolf | Mitchell | Mitchell,False,False,False,0,different_votes_all_wrong
Youtube / ONE#NIGHT#ULTIMATE#WEREWOLF#9##November#6th#2016 / Game4,No Werewolf,No Werewolf,Alana,No Werewolf,2,False,two_vs_one,No Werewolf | No Werewolf | Alana,False,False,True,1,different_votes_mixed_correctness
Youtube / One#Night#Ultimate#Love#Letter##ONE#NIGHT#ULTIMATE#WEREWOLF / Game2,Mitchell,Mitchell,Mitchell,Mitchell,1,True,unanimous,Mitchell | Mitchell | Mitchell,True,True,True,3,same_vote_all_correct
Youtube / One#Night#Ultimate#Love#Letter##ONE#NIGHT#ULTIMATE#WEREWOLF / Game3,Tyler,Justin,Tyler,Justin,2,False,two_vs_one,Tyler | Justin | Tyler,True,True,True,3,different_votes_all_correct
Youtube / One#Night#Ultimate#Love#Letter##ONE#NIGHT#ULTIMATE#WEREWOLF / Game7,Paul,Justin,Paul,No Werewolf,2,False,two_vs_one,Paul | Justin | Paul,False,True,False,1,different_votes_mixed_correctness
Youtube / One#Night#Ultimate#Werewolf#1#How-To#and#Playthrough / Game1,Brett,Audrey,Brett,No Werewolf,2,False,two_vs_one,Brett | Audrey | Brett,False,False,False,0,different_votes_all_wrong
Youtube / One#Night#Ultimate#Werewolf#3#Insomniac / Game1,Brett,Brett,Brett,Brett,1,True,unanimous,Brett | Brett | Brett,True,True,True,3,same_vote_all_correct
Youtube / One#Night#Ultimate#Werewolf#361#Classic#Werewolf / Game1,Dylan,Kelsey,No Werewolf,Dylan,3,False,all_different,Dylan | Kelsey | No Werewolf,True,True,False,2,different_votes_mixed_correctness
Youtube / One#Night#Ultimate#Werewolf#362#More#Classic#Werewolf / Game1,No Werewolf,Kelsey,Kelsey,Kelsey,2,False,two_vs_one,No Werewolf | Kelsey | Kelsey,False,False,False,0,different_votes_all_wrong
Youtube / One#Night#Ultimate#Werewolf#363#Even#More#Classic#Werewolf / Game1,Kelsey,Pete,Katie,Pete,3,False,all_different,Kelsey | Pete | Katie,False,False,True,1,different_votes_mixed_correctness
Youtube / One#Night#Ultimate#Werewolf#381#The#Hunt#Is#On / Game1,Dustin,Dustin,Dustin,Dustin,1,True,unanimous,Dustin | Dustin | Dustin,False,False,False,0,same_vote_all_wrong
Youtube / One#Night#Ultimate#Werewolf#382#Game#100!! / Game1,Dylan,Dylan,Dylan,No Werewolf,1,True,unanimous,Dylan | Dylan | Dylan,False,False,False,0,same_vote_all_wrong
Youtube / One#Night#Ultimate#Werewolf#491#Classic#Werewolf / Game1,Pete,Pete,Pete,Brett,1,True,unanimous,Pete | Pete | Pete,False,False,False,0,same_vote_all_wrong
Youtube / One#Night#Ultimate#Werewolf#492#More#Classic#Werewolf / Game1,Pete,No Werewolf,Pete,Brett,2,False,two_vs_one,Pete | No Werewolf | Pete,False,True,False,1,different_votes_mixed_correctness
Youtube / One#Night#Ultimate#Werewolf#493#Even#More#Classic#Werewolf / Game1,Pete,Katie,No Werewolf,Katie,3,False,all_different,Pete | Katie | No Werewolf,False,False,False,0,different_votes_all_wrong
Youtube / One#Night#Ultimate#Werewolf#531#Classic#ONUW / Game1,No Werewolf,Brett,Brett,Brett,2,False,two_vs_one,No Werewolf | Brett | Brett,True,False,False,1,different_votes_mixed_correctness
Youtube / One#Night#Ultimate#Werewolf#532#More#Classic#ONUW / Game1,DeAndre,DeAndre,DeAndre,No Werewolf,1,True,unanimous,DeAndre | DeAndre | DeAndre,True,True,True,3,same_vote_all_correct
Youtube / One#Night#Ultimate#Werewolf#533#Even#More#Classic#ONUW / Game1,DeAndre,DeAndre,DeAndre,DeAndre,1,True,unanimous,DeAndre | DeAndre | DeAndre,False,False,False,0,same_vote_all_wrong
Youtube / One#Night#Ultimate#Werewolf#GAME#NIGHT!! / Game2,Shane,Shane,Shane,Shane,1,True,unanimous,Shane | Shane | Shane,True,True,True,3,same_vote_all_correct
Youtube / Retrovision##ONE#NIGHT#ULTIMATE#WEREWOLF##Retro#7 / Game1,Paul,Paul,Mike,Paul,2,False,two_vs_one,Paul | Paul | Mike,True,True,False,2,different_votes_mixed_correctness
Youtube / Retrovision##ONE#NIGHT#ULTIMATE#WEREWOLF##Retro#7 / Game2,Mike,Mike,Mike,Mike,1,True,unanimous,Mike | Mike | Mike,True,True,True,3,same_vote_all_correct
Youtube / Retrovision##ONE#NIGHT#ULTIMATE#WEREWOLF##Retro#7 / Game3,Mitchell,Mitchell,Mitchell,Mitchell,1,True,unanimous,Mitchell | Mitchell | Mitchell,False,False,False,0,same_vote_all_wrong
Youtube / Retrovision##ONE#NIGHT#ULTIMATE#WEREWOLF##Retro#7 / Game4,Paul,Paul,No Werewolf,Paul,2,False,two_vs_one,Paul | Paul | No Werewolf,False,False,False,0,different_votes_all_wrong
Youtube / Retrovision##ONE#NIGHT#ULTIMATE#WEREWOLF##Retro#7 / Game5,Eric,Eric,Eric,No Werewolf,1,True,unanimous,Eric | Eric | Eric,False,False,False,0,same_vote_all_wrong
Youtube / The#Return#of#the#King##ONE#NIGHT#ULTIMATE#WEREWOLF / Game5,Mitchell,No Werewolf,Mitchell,Mitchell,2,False,two_vs_one,Mitchell | No Werewolf | Mitchell,True,False,True,2,different_votes_mixed_correctness
Youtube / The#Return#of#the#King##ONE#NIGHT#ULTIMATE#WEREWOLF / Game6,Paul,Paul,Paul,Paul,1,True,unanimous,Paul | Paul | Paul,True,True,True,3,same_vote_all_correct
Youtube / The#Return#of#the#King##ONE#NIGHT#ULTIMATE#WEREWOLF / Game7,Tyler,James,Tyler,Tyler,2,False,two_vs_one,Tyler | James | Tyler,False,False,False,0,different_votes_all_wrong
Youtube / Visions#from#2016##ONE#NIGHT#ULTIMATE#WEREWOLF##Retro#11 / Game1,Justin,Justin,No Werewolf,No Werewolf,2,False,two_vs_one,Justin | Justin | No Werewolf,True,True,False,2,different_votes_mixed_correctness
Youtube / Visions#from#2016##ONE#NIGHT#ULTIMATE#WEREWOLF##Retro#11 / Game2,No Werewolf,No Werewolf,No Werewolf,Paul,1,True,unanimous,No Werewolf | No Werewolf | No Werewolf,False,False,False,0,same_vote_all_wrong
Youtube / Visions#from#2016##ONE#NIGHT#ULTIMATE#WEREWOLF##Retro#11 / Game3,Laura,Laura,No Werewolf,Laura,2,False,two_vs_one,Laura | Laura | No Werewolf,True,True,False,2,different_votes_mixed_correctness
Youtube / Visions#from#2016##ONE#NIGHT#ULTIMATE#WEREWOLF##Retro#11 / Game4,Paul,Paul,Paul,Paul,1,True,unanimous,Paul | Paul | Paul,True,True,True,3,same_vote_all_correct
Youtube / Visions#from#2016##ONE#NIGHT#ULTIMATE#WEREWOLF##Retro#11 / Game5,Mitchell,No Werewolf,No Werewolf,No Werewolf,2,False,two_vs_one,Mitchell | No Werewolf | No Werewolf,True,False,False,1,different_votes_mixed_correctness
Youtube / Way#Way#Back##ONE#NIGHT#ULTIMATE#WEREWOLF##Retro#10 / Game1,Justin,Justin,Justin,Justin,1,True,unanimous,Justin | Justin | Justin,False,False,False,0,same_vote_all_wrong
Youtube / Way#Way#Back##ONE#NIGHT#ULTIMATE#WEREWOLF##Retro#10 / Game2,Mitchell,James,James,Mitchell,2,False,two_vs_one,Mitchell | James | James,False,False,False,0,different_votes_all_wrong
Youtube / Way#Way#Back##ONE#NIGHT#ULTIMATE#WEREWOLF##Retro#10 / Game3,No Werewolf,Laura,Laura,Laura,2,False,two_vs_one,No Werewolf | Laura | Laura,False,True,True,2,different_votes_mixed_correctness
Youtube / Way#Way#Back##ONE#NIGHT#ULTIMATE#WEREWOLF##Retro#10 / Game4,James,Laura,No Werewolf,James,3,False,all_different,James | Laura | No Werewolf,False,True,False,1,different_votes_mixed_correctness
Youtube / Way#Way#Back##ONE#NIGHT#ULTIMATE#WEREWOLF##Retro#10 / Game5,Laura,Laura,Laura,Laura,1,True,unanimous,Laura | Laura | Laura,True,True,True,3,same_vote_all_correct
Youtube / Ye#Olde#Times##ONE#NIGHT#ULTIMATE#WEREWOLF##Retro#8 / Game1,Justin,Justin,Justin,Justin,1,True,unanimous,Justin | Justin | Justin,True,True,True,3,same_vote_all_correct
Youtube / Ye#Olde#Times##ONE#NIGHT#ULTIMATE#WEREWOLF##Retro#8 / Game2,Mike,Mike,Mike,Mike,1,True,unanimous,Mike | Mike | Mike,False,False,False,0,same_vote_all_wrong
Youtube / Ye#Olde#Times##ONE#NIGHT#ULTIMATE#WEREWOLF##Retro#8 / Game3,Paul,Paul,No Werewolf,No Werewolf,2,False,two_vs_one,Paul | Paul | No Werewolf,True,True,False,2,different_votes_mixed_correctness
Youtube / Ye#Olde#Times##ONE#NIGHT#ULTIMATE#WEREWOLF##Retro#8 / Game4,Mitchell,Eric,Justin,No Werewolf,3,False,all_different,Mitchell | Eric | Justin,False,False,True,1,different_votes_mixed_correctness
