speaker_end_role,Accusation,Call for Action,Defense,Evidence,Identity Declaration,Interrogation,No Strategy / Empty
Hunter,3.784287034445681,1.943516526662159,-1.9155094176312897,-2.0383110123862584,1.282492165488148,-2.2140913618018203,-1.9386255915335084
Minion,-0.24508888831216247,-0.48817009891493157,2.751594704606296,1.9011326378680113,-0.44496910797626654,1.3096718497470086,-1.9485855174785272
Insomniac,0.13410858565541695,0.49580145927944486,-2.2166769343221606,-1.566575724560182,0.9386827060134735,0.2795475299017198,2.058458431389006
Villager,-0.9871097226170527,-1.6955707734473293,-2.782105078322033,-1.7828384626510418,2.5781960556721915,-2.4428435683249337,5.21777127725192
Tanner,-0.4325625789636174,-0.2191604657308348,4.1454464816991194,-0.5736970102520527,-0.9734783050978848,1.8706184923608156,-3.3391198285551056
Seer,0.46538454849170563,0.35977912960220326,1.704645024504222,0.7555010402574727,-0.36204720186350325,-0.7976235201434925,-1.374860487246579
Robber,-0.632050912474373,-0.7006800633190329,0.07285573144023871,1.0723053828411775,-0.6574790723803678,-0.5591008476177812,1.1724986096876648
Troublemaker,-1.7259038166239122,0.12155839701038218,-1.4663456247614004,2.735868552499621,-2.0611268445324042,1.7772446730940068,-0.1089749755540339
Werewolf,-0.36106424960169115,0.18292588885793748,-0.29390488721298347,-0.5033854036167504,-0.30027039532338495,0.7765767527844432,0.26143808203912755
