game_id,source,split,session_name,game_key,num_turns,num_players,n_raw_empty_annotation_utterances,n_raw_no_strategy_utterances,n_multi_label_utterances,n_strategy_utterances,n_no_strategy_or_empty_utterances,n_accusation,n_call_for_action,n_defense,n_evidence,n_identity_declaration,n_interrogation,n_no_strategy_empty,n_strategy_labels,strategy_utterance_rate,no_strategy_or_empty_utterance_rate,multi_label_utterance_rate,rate_accusation_per_turn,rate_call_for_action_per_turn,rate_defense_per_turn,rate_evidence_per_turn,rate_identity_declaration_per_turn,rate_interrogation_per_turn
Ego4D / 0a6ef9dc-a2dc-452b-a907-d6fa2ed4cae0 / Game1,Ego4D,val,0a6ef9dc-a2dc-452b-a907-d6fa2ed4cae0,Game1,153,5,0,96,12,57,96,8,5,19,13,5,20,96,70,0.37254901960784315,0.6274509803921569,0.0784313725490196,0.05228758169934641,0.032679738562091505,0.12418300653594772,0.08496732026143791,0.032679738562091505,0.13071895424836602
Ego4D / 0a6ef9dc-a2dc-452b-a907-d6fa2ed4cae0 / Game2,Ego4D,test,0a6ef9dc-a2dc-452b-a907-d6fa2ed4cae0,Game2,188,5,0,108,31,80,108,23,10,29,12,7,32,108,113,0.425531914893617,0.574468085106383,0.16489361702127658,0.12234042553191489,0.05319148936170213,0.15425531914893617,0.06382978723404255,0.03723404255319149,0.1702127659574468
Ego4D / 0c2659db-7bd4-4b37-9b08-4e247befe382 / Game4,Ego4D,train,0c2659db-7bd4-4b37-9b08-4e247befe382,Game4,278,6,0,167,16,111,167,43,21,16,13,9,26,167,128,0.39928057553956836,0.6007194244604317,0.05755395683453238,0.15467625899280577,0.07553956834532374,0.05755395683453238,0.046762589928057555,0.03237410071942446,0.09352517985611511
Ego4D / 0c2659db-7bd4-4b37-9b08-4e247befe382 / Game5,Ego4D,train,0c2659db-7bd4-4b37-9b08-4e247befe382,Game5,162,6,0,101,7,61,101,15,6,13,7,9,18,101,68,0.3765432098765432,0.6234567901234568,0.043209876543209874,0.09259259259259259,0.037037037037037035,0.08024691358024691,0.043209876543209874,0.05555555555555555,0.1111111111111111
Ego4D / 0c2659db-7bd4-4b37-9b08-4e247befe382 / Game6,Ego4D,train,0c2659db-7bd4-4b37-9b08-4e247befe382,Game6,184,6,0,67,24,117,67,54,18,19,11,14,27,67,143,0.6358695652173914,0.3641304347826087,0.13043478260869565,0.29347826086956524,0.09782608695652174,0.10326086956521739,0.059782608695652176,0.07608695652173914,0.14673913043478262
Ego4D / 0c2659db-7bd4-4b37-9b08-4e247befe382 / Game7,Ego4D,train,0c2659db-7bd4-4b37-9b08-4e247befe382,Game7,184,6,0,114,12,70,114,16,10,8,13,9,26,114,82,0.3804347826086957,0.6195652173913043,0.06521739130434782,0.08695652173913043,0.05434782608695652,0.043478260869565216,0.07065217391304347,0.04891304347826087,0.14130434782608695
Ego4D / 0c2659db-7bd4-4b37-9b08-4e247befe382 / Game8,Ego4D,train,0c2659db-7bd4-4b37-9b08-4e247befe382,Game8,138,6,0,61,24,77,61,20,11,22,23,12,15,61,103,0.5579710144927537,0.4420289855072464,0.17391304347826086,0.14492753623188406,0.07971014492753623,0.15942028985507245,0.16666666666666666,0.08695652173913043,0.10869565217391304
Ego4D / 0c2659db-7bd4-4b37-9b08-4e247befe382 / Game9,Ego4D,train,0c2659db-7bd4-4b37-9b08-4e247befe382,Game9,194,6,0,95,31,99,95,34,16,29,21,12,22,95,134,0.5103092783505154,0.4896907216494845,0.15979381443298968,0.17525773195876287,0.08247422680412371,0.14948453608247422,0.10824742268041238,0.061855670103092786,0.1134020618556701
Ego4D / 1a0d3e22-a6d6-4723-91a0-52fc2c87d5ce / Game10,Ego4D,train,1a0d3e22-a6d6-4723-91a0-52fc2c87d5ce,Game10,197,4,0,118,4,79,118,19,1,6,12,12,33,118,83,0.4010152284263959,0.5989847715736041,0.02030456852791878,0.09644670050761421,0.005076142131979695,0.030456852791878174,0.06091370558375635,0.06091370558375635,0.16751269035532995
Ego4D / 1a0d3e22-a6d6-4723-91a0-52fc2c87d5ce / Game11,Ego4D,train,1a0d3e22-a6d6-4723-91a0-52fc2c87d5ce,Game11,152,4,0,98,1,54,98,7,0,8,12,7,21,98,55,0.35526315789473684,0.6447368421052632,0.006578947368421052,0.046052631578947366,0.0,0.05263157894736842,0.07894736842105263,0.046052631578947366,0.13815789473684212
Ego4D / 1a0d3e22-a6d6-4723-91a0-52fc2c87d5ce / Game6,Ego4D,train,1a0d3e22-a6d6-4723-91a0-52fc2c87d5ce,Game6,194,4,0,87,36,107,87,18,6,47,30,11,35,87,147,0.5515463917525774,0.4484536082474227,0.18556701030927836,0.09278350515463918,0.030927835051546393,0.2422680412371134,0.15463917525773196,0.05670103092783505,0.18041237113402062
Ego4D / 1a0d3e22-a6d6-4723-91a0-52fc2c87d5ce / Game7,Ego4D,train,1a0d3e22-a6d6-4723-91a0-52fc2c87d5ce,Game7,42,4,0,17,8,25,17,5,1,8,9,3,8,17,34,0.5952380952380952,0.40476190476190477,0.19047619047619047,0.11904761904761904,0.023809523809523808,0.19047619047619047,0.21428571428571427,0.07142857142857142,0.19047619047619047
Ego4D / 1a0d3e22-a6d6-4723-91a0-52fc2c87d5ce / Game8,Ego4D,train,1a0d3e22-a6d6-4723-91a0-52fc2c87d5ce,Game8,77,4,0,50,7,27,50,4,2,7,4,8,9,50,34,0.35064935064935066,0.6493506493506493,0.09090909090909091,0.05194805194805195,0.025974025974025976,0.09090909090909091,0.05194805194805195,0.1038961038961039,0.11688311688311688
Ego4D / 1a0d3e22-a6d6-4723-91a0-52fc2c87d5ce / Game9,Ego4D,train,1a0d3e22-a6d6-4723-91a0-52fc2c87d5ce,Game9,132,4,0,83,11,49,83,15,7,7,8,8,15,83,60,0.3712121212121212,0.6287878787878788,0.08333333333333333,0.11363636363636363,0.05303030303030303,0.05303030303030303,0.06060606060606061,0.06060606060606061,0.11363636363636363
Ego4D / 2ba4023c-a8bf-43ad-ad5a-80ba222ce990 / Game10,Ego4D,train,2ba4023c-a8bf-43ad-ad5a-80ba222ce990,Game10,130,4,0,74,3,56,74,30,2,2,6,4,15,74,59,0.4307692307692308,0.5692307692307692,0.023076923076923078,0.23076923076923078,0.015384615384615385,0.015384615384615385,0.046153846153846156,0.03076923076923077,0.11538461538461539
Ego4D / 2ba4023c-a8bf-43ad-ad5a-80ba222ce990 / Game6,Ego4D,train,2ba4023c-a8bf-43ad-ad5a-80ba222ce990,Game6,143,4,0,76,3,67,76,28,2,13,7,5,15,76,70,0.46853146853146854,0.5314685314685315,0.02097902097902098,0.1958041958041958,0.013986013986013986,0.09090909090909091,0.04895104895104895,0.03496503496503497,0.1048951048951049
Ego4D / 2ba4023c-a8bf-43ad-ad5a-80ba222ce990 / Game7,Ego4D,train,2ba4023c-a8bf-43ad-ad5a-80ba222ce990,Game7,128,4,0,81,8,47,81,21,0,1,16,5,12,81,55,0.3671875,0.6328125,0.0625,0.1640625,0.0,0.0078125,0.125,0.0390625,0.09375
Ego4D / 2ba4023c-a8bf-43ad-ad5a-80ba222ce990 / Game8,Ego4D,val,2ba4023c-a8bf-43ad-ad5a-80ba222ce990,Game8,124,4,0,67,5,57,67,26,1,4,7,6,18,67,62,0.4596774193548387,0.5403225806451613,0.04032258064516129,0.20967741935483872,0.008064516129032258,0.03225806451612903,0.056451612903225805,0.04838709677419355,0.14516129032258066
Ego4D / 2ba4023c-a8bf-43ad-ad5a-80ba222ce990 / Game9,Ego4D,train,2ba4023c-a8bf-43ad-ad5a-80ba222ce990,Game9,138,4,0,61,4,77,61,24,2,16,14,8,17,61,81,0.5579710144927537,0.4420289855072464,0.028985507246376812,0.17391304347826086,0.014492753623188406,0.11594202898550725,0.10144927536231885,0.057971014492753624,0.12318840579710146
Ego4D / 324bccd2-adff-4e9a-8ff4-03491e144ac3 / Game1,Ego4D,train,324bccd2-adff-4e9a-8ff4-03491e144ac3,Game1,223,4,0,149,8,74,149,14,11,11,6,6,34,149,82,0.33183856502242154,0.6681614349775785,0.03587443946188341,0.06278026905829596,0.04932735426008968,0.04932735426008968,0.026905829596412557,0.026905829596412557,0.15246636771300448
Ego4D / 324bccd2-adff-4e9a-8ff4-03491e144ac3 / Game2,Ego4D,train,324bccd2-adff-4e9a-8ff4-03491e144ac3,Game2,81,4,0,44,7,37,44,5,4,9,12,4,13,44,47,0.4567901234567901,0.5432098765432098,0.08641975308641975,0.06172839506172839,0.04938271604938271,0.1111111111111111,0.14814814814814814,0.04938271604938271,0.16049382716049382
Ego4D / 324bccd2-adff-4e9a-8ff4-03491e144ac3 / Game3,Ego4D,train,324bccd2-adff-4e9a-8ff4-03491e144ac3,Game3,126,4,0,56,20,70,56,11,5,27,20,4,23,56,90,0.5555555555555556,0.4444444444444444,0.15873015873015872,0.0873015873015873,0.03968253968253968,0.21428571428571427,0.15873015873015872,0.031746031746031744,0.18253968253968253
Ego4D / 324bccd2-adff-4e9a-8ff4-03491e144ac3 / Game4,Ego4D,train,324bccd2-adff-4e9a-8ff4-03491e144ac3,Game4,205,4,0,96,37,109,96,27,7,44,40,5,27,96,150,0.5317073170731708,0.4682926829268293,0.18048780487804877,0.13170731707317074,0.03414634146341464,0.2146341463414634,0.1951219512195122,0.024390243902439025,0.13170731707317074
Ego4D / 324bccd2-adff-4e9a-8ff4-03491e144ac3 / Game5,Ego4D,val,324bccd2-adff-4e9a-8ff4-03491e144ac3,Game5,188,4,0,116,11,72,116,18,7,16,12,9,22,116,84,0.3829787234042553,0.6170212765957447,0.05851063829787234,0.09574468085106383,0.03723404255319149,0.0851063829787234,0.06382978723404255,0.047872340425531915,0.11702127659574468
Ego4D / 3ba069be-60fa-47fc-bd7b-f85bf649a5bd / Game1,Ego4D,test,3ba069be-60fa-47fc-bd7b-f85bf649a5bd,Game1,85,4,0,33,18,52,33,8,10,19,13,7,16,33,73,0.611764705882353,0.38823529411764707,0.21176470588235294,0.09411764705882353,0.11764705882352941,0.2235294117647059,0.15294117647058825,0.08235294117647059,0.18823529411764706
Ego4D / 3ba069be-60fa-47fc-bd7b-f85bf649a5bd / Game2,Ego4D,test,3ba069be-60fa-47fc-bd7b-f85bf649a5bd,Game2,49,4,0,17,12,32,17,3,4,13,12,10,7,17,49,0.6530612244897959,0.3469387755102041,0.24489795918367346,0.061224489795918366,0.08163265306122448,0.2653061224489796,0.24489795918367346,0.20408163265306123,0.14285714285714285
Ego4D / 3ba069be-60fa-47fc-bd7b-f85bf649a5bd / Game3,Ego4D,test,3ba069be-60fa-47fc-bd7b-f85bf649a5bd,Game3,43,4,0,6,12,37,6,4,3,16,8,9,12,6,52,0.8604651162790697,0.13953488372093023,0.27906976744186046,0.09302325581395349,0.06976744186046512,0.37209302325581395,0.18604651162790697,0.20930232558139536,0.27906976744186046
Ego4D / 3ba069be-60fa-47fc-bd7b-f85bf649a5bd / Game4,Ego4D,train,3ba069be-60fa-47fc-bd7b-f85bf649a5bd,Game4,63,4,0,12,19,51,12,14,3,24,13,12,8,12,74,0.8095238095238095,0.19047619047619047,0.30158730158730157,0.2222222222222222,0.047619047619047616,0.38095238095238093,0.20634920634920634,0.19047619047619047,0.12698412698412698
Ego4D / 3ba069be-60fa-47fc-bd7b-f85bf649a5bd / Game5,Ego4D,train,3ba069be-60fa-47fc-bd7b-f85bf649a5bd,Game5,66,4,0,19,18,47,19,16,6,20,6,6,12,19,66,0.7121212121212122,0.2878787878787879,0.2727272727272727,0.24242424242424243,0.09090909090909091,0.30303030303030304,0.09090909090909091,0.09090909090909091,0.18181818181818182
Ego4D / 3ba069be-60fa-47fc-bd7b-f85bf649a5bd / Game6,Ego4D,train,3ba069be-60fa-47fc-bd7b-f85bf649a5bd,Game6,47,4,0,19,12,28,19,5,0,9,8,12,9,19,43,0.5957446808510638,0.40425531914893614,0.2553191489361702,0.10638297872340426,0.0,0.19148936170212766,0.1702127659574468,0.2553191489361702,0.19148936170212766
Ego4D / 62c4bc58-3776-4791-ac30-4c9ca5619503 / Game10,Ego4D,train,62c4bc58-3776-4791-ac30-4c9ca5619503,Game10,20,4,0,17,0,3,17,2,0,0,0,1,0,17,3,0.15,0.85,0.0,0.1,0.0,0.0,0.0,0.05,0.0
Ego4D / 62c4bc58-3776-4791-ac30-4c9ca5619503 / Game11,Ego4D,train,62c4bc58-3776-4791-ac30-4c9ca5619503,Game11,66,4,0,41,0,25,41,13,0,7,0,2,3,41,25,0.3787878787878788,0.6212121212121212,0.0,0.19696969696969696,0.0,0.10606060606060606,0.0,0.030303030303030304,0.045454545454545456
Ego4D / 62c4bc58-3776-4791-ac30-4c9ca5619503 / Game12,Ego4D,test,62c4bc58-3776-4791-ac30-4c9ca5619503,Game12,35,4,0,25,1,10,25,1,0,0,5,1,4,25,11,0.2857142857142857,0.7142857142857143,0.02857142857142857,0.02857142857142857,0.0,0.0,0.14285714285714285,0.02857142857142857,0.11428571428571428
Ego4D / 62c4bc58-3776-4791-ac30-4c9ca5619503 / Game7,Ego4D,train,62c4bc58-3776-4791-ac30-4c9ca5619503,Game7,75,4,0,46,6,29,46,7,4,12,5,3,7,46,38,0.38666666666666666,0.6133333333333333,0.08,0.09333333333333334,0.05333333333333334,0.16,0.06666666666666667,0.04,0.09333333333333334
Ego4D / 62c4bc58-3776-4791-ac30-4c9ca5619503 / Game8,Ego4D,train,62c4bc58-3776-4791-ac30-4c9ca5619503,Game8,49,4,0,25,9,24,25,3,1,11,5,7,7,25,34,0.4897959183673469,0.5102040816326531,0.1836734693877551,0.061224489795918366,0.02040816326530612,0.22448979591836735,0.10204081632653061,0.14285714285714285,0.14285714285714285
Ego4D / 62c4bc58-3776-4791-ac30-4c9ca5619503 / Game9,Ego4D,test,62c4bc58-3776-4791-ac30-4c9ca5619503,Game9,47,4,0,32,1,15,32,1,0,0,9,1,5,32,16,0.3191489361702128,0.6808510638297872,0.02127659574468085,0.02127659574468085,0.0,0.0,0.19148936170212766,0.02127659574468085,0.10638297872340426
Ego4D / 64076f60-f3fc-4ee6-93e1-3489d8ec7b12 / Game3,Ego4D,val,64076f60-f3fc-4ee6-93e1-3489d8ec7b12,Game3,219,5,0,154,17,65,154,9,1,13,22,7,33,154,85,0.2968036529680365,0.7031963470319634,0.0776255707762557,0.0410958904109589,0.0045662100456621,0.0593607305936073,0.1004566210045662,0.0319634703196347,0.1506849315068493
Ego4D / 698f6bbe-4347-4a06-bd5d-3482f5e4fbbe / Game1,Ego4D,test,698f6bbe-4347-4a06-bd5d-3482f5e4fbbe,Game1,256,6,0,136,19,120,136,34,15,17,25,12,38,136,141,0.46875,0.53125,0.07421875,0.1328125,0.05859375,0.06640625,0.09765625,0.046875,0.1484375
Ego4D / 698f6bbe-4347-4a06-bd5d-3482f5e4fbbe / Game2,Ego4D,train,698f6bbe-4347-4a06-bd5d-3482f5e4fbbe,Game2,252,6,0,126,24,126,126,49,24,24,18,15,21,126,151,0.5,0.5,0.09523809523809523,0.19444444444444445,0.09523809523809523,0.09523809523809523,0.07142857142857142,0.05952380952380952,0.08333333333333333
Ego4D / 698f6bbe-4347-4a06-bd5d-3482f5e4fbbe / Game3,Ego4D,test,698f6bbe-4347-4a06-bd5d-3482f5e4fbbe,Game3,116,6,0,73,12,43,73,15,10,4,12,6,10,73,57,0.3706896551724138,0.6293103448275862,0.10344827586206896,0.12931034482758622,0.08620689655172414,0.034482758620689655,0.10344827586206896,0.05172413793103448,0.08620689655172414
Youtube / Flashback##ONE#NIGHT#ULTIMATE#WEREWOLF##Retro#9 / Game1,Youtube,train,Flashback##ONE#NIGHT#ULTIMATE#WEREWOLF##Retro#9,Game1,107,5,0,51,7,56,51,16,6,15,8,8,10,51,63,0.5233644859813084,0.4766355140186916,0.06542056074766354,0.14953271028037382,0.056074766355140186,0.14018691588785046,0.07476635514018691,0.07476635514018691,0.09345794392523364
Youtube / Flashback##ONE#NIGHT#ULTIMATE#WEREWOLF##Retro#9 / Game2,Youtube,train,Flashback##ONE#NIGHT#ULTIMATE#WEREWOLF##Retro#9,Game2,147,5,0,59,22,88,59,28,11,20,23,7,23,59,112,0.5986394557823129,0.4013605442176871,0.14965986394557823,0.19047619047619047,0.07482993197278912,0.1360544217687075,0.1564625850340136,0.047619047619047616,0.1564625850340136
Youtube / Flashback##ONE#NIGHT#ULTIMATE#WEREWOLF##Retro#9 / Game3,Youtube,train,Flashback##ONE#NIGHT#ULTIMATE#WEREWOLF##Retro#9,Game3,70,5,0,21,10,49,21,13,7,7,11,6,16,21,60,0.7,0.3,0.14285714285714285,0.18571428571428572,0.1,0.1,0.15714285714285714,0.08571428571428572,0.22857142857142856
Youtube / Flashback##ONE#NIGHT#ULTIMATE#WEREWOLF##Retro#9 / Game4,Youtube,train,Flashback##ONE#NIGHT#ULTIMATE#WEREWOLF##Retro#9,Game4,139,5,0,66,10,73,66,26,9,16,11,10,14,66,86,0.5251798561151079,0.4748201438848921,0.07194244604316546,0.18705035971223022,0.06474820143884892,0.11510791366906475,0.07913669064748201,0.07194244604316546,0.10071942446043165
Youtube / Flashback##ONE#NIGHT#ULTIMATE#WEREWOLF##Retro#9 / Game5,Youtube,train,Flashback##ONE#NIGHT#ULTIMATE#WEREWOLF##Retro#9,Game5,80,5,0,23,11,57,23,21,6,11,7,11,13,23,69,0.7125,0.2875,0.1375,0.2625,0.075,0.1375,0.0875,0.1375,0.1625
Youtube / ONE#NIGHT#ULTIMATE#WEREWOLF##Retro#1 / Game1,Youtube,test,ONE#NIGHT#ULTIMATE#WEREWOLF##Retro#1,Game1,57,4,0,28,4,29,28,10,1,5,3,5,9,28,33,0.5087719298245614,0.49122807017543857,0.07017543859649122,0.17543859649122806,0.017543859649122806,0.08771929824561403,0.05263157894736842,0.08771929824561403,0.15789473684210525
Youtube / ONE#NIGHT#ULTIMATE#WEREWOLF##Retro#1 / Game10,Youtube,train,ONE#NIGHT#ULTIMATE#WEREWOLF##Retro#1,Game10,384,4,0,230,12,154,230,54,15,30,10,12,47,230,168,0.4010416666666667,0.5989583333333334,0.03125,0.140625,0.0390625,0.078125,0.026041666666666668,0.03125,0.12239583333333333
Youtube / ONE#NIGHT#ULTIMATE#WEREWOLF##Retro#1 / Game2,Youtube,train,ONE#NIGHT#ULTIMATE#WEREWOLF##Retro#1,Game2,86,4,0,26,8,60,26,19,10,4,9,8,19,26,69,0.6976744186046512,0.3023255813953488,0.09302325581395349,0.22093023255813954,0.11627906976744186,0.046511627906976744,0.10465116279069768,0.09302325581395349,0.22093023255813954
Youtube / ONE#NIGHT#ULTIMATE#WEREWOLF##Retro#1 / Game3,Youtube,val,ONE#NIGHT#ULTIMATE#WEREWOLF##Retro#1,Game3,79,4,0,33,4,46,33,25,1,4,1,5,15,33,51,0.5822784810126582,0.4177215189873418,0.05063291139240506,0.31645569620253167,0.012658227848101266,0.05063291139240506,0.012658227848101266,0.06329113924050633,0.189873417721519
Youtube / ONE#NIGHT#ULTIMATE#WEREWOLF##Retro#1 / Game4,Youtube,train,ONE#NIGHT#ULTIMATE#WEREWOLF##Retro#1,Game4,130,4,0,41,10,89,41,49,3,8,6,12,21,41,99,0.6846153846153846,0.3153846153846154,0.07692307692307693,0.3769230769230769,0.023076923076923078,0.06153846153846154,0.046153846153846156,0.09230769230769231,0.16153846153846155
Youtube / ONE#NIGHT#ULTIMATE#WEREWOLF##Retro#1 / Game5,Youtube,train,ONE#NIGHT#ULTIMATE#WEREWOLF##Retro#1,Game5,118,4,0,47,6,71,47,27,4,8,8,7,23,47,77,0.6016949152542372,0.3983050847457627,0.05084745762711865,0.2288135593220339,0.03389830508474576,0.06779661016949153,0.06779661016949153,0.059322033898305086,0.19491525423728814
Youtube / ONE#NIGHT#ULTIMATE#WEREWOLF##Retro#1 / Game6,Youtube,val,ONE#NIGHT#ULTIMATE#WEREWOLF##Retro#1,Game6,109,4,0,28,21,81,28,29,9,32,8,13,14,28,105,0.7431192660550459,0.25688073394495414,0.1926605504587156,0.26605504587155965,0.08256880733944955,0.29357798165137616,0.07339449541284404,0.11926605504587157,0.12844036697247707
Youtube / ONE#NIGHT#ULTIMATE#WEREWOLF##Retro#1 / Game7,Youtube,train,ONE#NIGHT#ULTIMATE#WEREWOLF##Retro#1,Game7,94,4,0,51,6,43,51,13,6,12,6,5,11,51,53,0.4574468085106383,0.5425531914893617,0.06382978723404255,0.13829787234042554,0.06382978723404255,0.1276595744680851,0.06382978723404255,0.05319148936170213,0.11702127659574468
Youtube / ONE#NIGHT#ULTIMATE#WEREWOLF##Retro#1 / Game8,Youtube,train,ONE#NIGHT#ULTIMATE#WEREWOLF##Retro#1,Game8,104,4,0,35,8,69,35,26,7,8,8,10,19,35,78,0.6634615384615384,0.33653846153846156,0.07692307692307693,0.25,0.0673076923076923,0.07692307692307693,0.07692307692307693,0.09615384615384616,0.18269230769230768
Youtube / ONE#NIGHT#ULTIMATE#WEREWOLF##Retro#1 / Game9,Youtube,train,ONE#NIGHT#ULTIMATE#WEREWOLF##Retro#1,Game9,105,4,0,38,7,67,38,23,6,21,4,3,17,38,74,0.638095238095238,0.3619047619047619,0.06666666666666667,0.21904761904761905,0.05714285714285714,0.2,0.0380952380952381,0.02857142857142857,0.1619047619047619
Youtube / ONE#NIGHT#ULTIMATE#WEREWOLF##Retro#2 / Game1,Youtube,train,ONE#NIGHT#ULTIMATE#WEREWOLF##Retro#2,Game1,103,5,0,58,10,45,58,18,3,5,7,12,12,58,57,0.4368932038834951,0.5631067961165048,0.0970873786407767,0.17475728155339806,0.02912621359223301,0.04854368932038835,0.06796116504854369,0.11650485436893204,0.11650485436893204
Youtube / ONE#NIGHT#ULTIMATE#WEREWOLF##Retro#2 / Game2,Youtube,val,ONE#NIGHT#ULTIMATE#WEREWOLF##Retro#2,Game2,59,5,0,35,1,24,35,2,3,2,6,1,11,35,25,0.4067796610169492,0.5932203389830508,0.01694915254237288,0.03389830508474576,0.05084745762711865,0.03389830508474576,0.1016949152542373,0.01694915254237288,0.1864406779661017
Youtube / ONE#NIGHT#ULTIMATE#WEREWOLF##Retro#2 / Game3,Youtube,train,ONE#NIGHT#ULTIMATE#WEREWOLF##Retro#2,Game3,59,5,0,19,5,40,19,6,0,5,9,6,20,19,46,0.6779661016949152,0.3220338983050847,0.0847457627118644,0.1016949152542373,0.0,0.0847457627118644,0.15254237288135594,0.1016949152542373,0.3389830508474576
Youtube / ONE#NIGHT#ULTIMATE#WEREWOLF##Retro#2 / Game4,Youtube,train,ONE#NIGHT#ULTIMATE#WEREWOLF##Retro#2,Game4,92,5,0,29,8,63,29,22,2,12,10,6,20,29,72,0.6847826086956522,0.31521739130434784,0.08695652173913043,0.2391304347826087,0.021739130434782608,0.13043478260869565,0.10869565217391304,0.06521739130434782,0.21739130434782608
Youtube / ONE#NIGHT#ULTIMATE#WEREWOLF##Retro#2 / Game5,Youtube,train,ONE#NIGHT#ULTIMATE#WEREWOLF##Retro#2,Game5,111,5,0,37,8,74,37,25,2,6,16,5,28,37,82,0.6666666666666666,0.3333333333333333,0.07207207207207207,0.22522522522522523,0.018018018018018018,0.05405405405405406,0.14414414414414414,0.04504504504504504,0.25225225225225223
Youtube / ONE#NIGHT#ULTIMATE#WEREWOLF##Retro#2 / Game6,Youtube,train,ONE#NIGHT#ULTIMATE#WEREWOLF##Retro#2,Game6,150,5,0,74,7,76,74,33,2,14,10,5,20,74,84,0.5066666666666667,0.49333333333333335,0.04666666666666667,0.22,0.013333333333333334,0.09333333333333334,0.06666666666666667,0.03333333333333333,0.13333333333333333
Youtube / ONE#NIGHT#ULTIMATE#WEREWOLF##Retro#2 / Game7,Youtube,train,ONE#NIGHT#ULTIMATE#WEREWOLF##Retro#2,Game7,107,5,0,30,16,77,30,31,7,16,11,8,22,30,95,0.719626168224299,0.2803738317757009,0.14953271028037382,0.2897196261682243,0.06542056074766354,0.14953271028037382,0.102803738317757,0.07476635514018691,0.205607476635514
Youtube / ONE#NIGHT#ULTIMATE#WEREWOLF##Retro#2 / Game8,Youtube,val,ONE#NIGHT#ULTIMATE#WEREWOLF##Retro#2,Game8,116,5,0,55,7,61,55,18,4,17,6,5,18,55,68,0.5258620689655172,0.47413793103448276,0.0603448275862069,0.15517241379310345,0.034482758620689655,0.14655172413793102,0.05172413793103448,0.04310344827586207,0.15517241379310345
Youtube / ONE#NIGHT#ULTIMATE#WEREWOLF##Retro#3 / Game2,Youtube,train,ONE#NIGHT#ULTIMATE#WEREWOLF##Retro#3,Game2,95,4,0,46,5,49,46,16,2,9,6,7,15,46,55,0.5157894736842106,0.4842105263157895,0.05263157894736842,0.16842105263157894,0.021052631578947368,0.09473684210526316,0.06315789473684211,0.07368421052631578,0.15789473684210525
Youtube / ONE#NIGHT#ULTIMATE#WEREWOLF##Retro#3 / Game3,Youtube,train,ONE#NIGHT#ULTIMATE#WEREWOLF##Retro#3,Game3,35,4,0,21,2,14,21,1,3,3,3,2,4,21,16,0.4,0.6,0.05714285714285714,0.02857142857142857,0.08571428571428572,0.08571428571428572,0.08571428571428572,0.05714285714285714,0.11428571428571428
Youtube / ONE#NIGHT#ULTIMATE#WEREWOLF##Retro#3 / Game4,Youtube,train,ONE#NIGHT#ULTIMATE#WEREWOLF##Retro#3,Game4,114,4,0,35,9,79,35,24,5,19,7,5,28,35,88,0.6929824561403509,0.30701754385964913,0.07894736842105263,0.21052631578947367,0.043859649122807015,0.16666666666666666,0.06140350877192982,0.043859649122807015,0.24561403508771928
Youtube / ONE#NIGHT#ULTIMATE#WEREWOLF##Retro#3 / Game5,Youtube,train,ONE#NIGHT#ULTIMATE#WEREWOLF##Retro#3,Game5,131,4,0,41,11,90,41,24,8,22,9,10,29,41,102,0.6870229007633588,0.31297709923664124,0.08396946564885496,0.183206106870229,0.061068702290076333,0.16793893129770993,0.06870229007633588,0.07633587786259542,0.22137404580152673
Youtube / ONE#NIGHT#ULTIMATE#WEREWOLF##Retro#3 / Game6,Youtube,test,ONE#NIGHT#ULTIMATE#WEREWOLF##Retro#3,Game6,117,4,0,38,14,79,38,28,6,10,12,11,27,38,94,0.6752136752136753,0.3247863247863248,0.11965811965811966,0.23931623931623933,0.05128205128205128,0.08547008547008547,0.10256410256410256,0.09401709401709402,0.23076923076923078
Youtube / ONE#NIGHT#ULTIMATE#WEREWOLF##Retro#3 / Game7,Youtube,test,ONE#NIGHT#ULTIMATE#WEREWOLF##Retro#3,Game7,73,4,0,14,6,59,14,16,3,11,7,8,20,14,65,0.8082191780821918,0.1917808219178082,0.0821917808219178,0.2191780821917808,0.0410958904109589,0.1506849315068493,0.0958904109589041,0.1095890410958904,0.273972602739726
Youtube / ONE#NIGHT#ULTIMATE#WEREWOLF##Retro#3 / Game8,Youtube,train,ONE#NIGHT#ULTIMATE#WEREWOLF##Retro#3,Game8,60,4,0,35,4,25,35,6,5,3,5,2,9,35,30,0.4166666666666667,0.5833333333333334,0.06666666666666667,0.1,0.08333333333333333,0.05,0.08333333333333333,0.03333333333333333,0.15
Youtube / ONE#NIGHT#ULTIMATE#WEREWOLF##Retro#4 / Game10,Youtube,train,ONE#NIGHT#ULTIMATE#WEREWOLF##Retro#4,Game10,123,5,0,63,5,60,63,11,1,6,11,6,30,63,65,0.4878048780487805,0.5121951219512195,0.04065040650406504,0.08943089430894309,0.008130081300813009,0.04878048780487805,0.08943089430894309,0.04878048780487805,0.24390243902439024
Youtube / ONE#NIGHT#ULTIMATE#WEREWOLF##Retro#4 / Game11,Youtube,train,ONE#NIGHT#ULTIMATE#WEREWOLF##Retro#4,Game11,97,5,0,43,10,54,43,13,3,4,12,10,22,43,64,0.5567010309278351,0.44329896907216493,0.10309278350515463,0.13402061855670103,0.030927835051546393,0.041237113402061855,0.12371134020618557,0.10309278350515463,0.2268041237113402
Youtube / ONE#NIGHT#ULTIMATE#WEREWOLF##Retro#4 / Game3,Youtube,train,ONE#NIGHT#ULTIMATE#WEREWOLF##Retro#4,Game3,18,5,0,5,5,13,5,5,2,2,4,4,1,5,18,0.7222222222222222,0.2777777777777778,0.2777777777777778,0.2777777777777778,0.1111111111111111,0.1111111111111111,0.2222222222222222,0.2222222222222222,0.05555555555555555
Youtube / ONE#NIGHT#ULTIMATE#WEREWOLF##Retro#4 / Game4,Youtube,train,ONE#NIGHT#ULTIMATE#WEREWOLF##Retro#4,Game4,103,5,0,64,6,39,64,8,8,6,5,3,15,64,45,0.3786407766990291,0.6213592233009708,0.05825242718446602,0.07766990291262135,0.07766990291262135,0.05825242718446602,0.04854368932038835,0.02912621359223301,0.14563106796116504
Youtube / ONE#NIGHT#ULTIMATE#WEREWOLF##Retro#4 / Game5,Youtube,train,ONE#NIGHT#ULTIMATE#WEREWOLF##Retro#4,Game5,35,5,0,23,2,12,23,1,3,1,4,3,2,23,14,0.34285714285714286,0.6571428571428571,0.05714285714285714,0.02857142857142857,0.08571428571428572,0.02857142857142857,0.11428571428571428,0.08571428571428572,0.05714285714285714
Youtube / ONE#NIGHT#ULTIMATE#WEREWOLF##Retro#4 / Game6,Youtube,test,ONE#NIGHT#ULTIMATE#WEREWOLF##Retro#4,Game6,74,5,0,38,1,36,38,4,0,5,9,4,15,38,37,0.4864864864864865,0.5135135135135135,0.013513513513513514,0.05405405405405406,0.0,0.06756756756756757,0.12162162162162163,0.05405405405405406,0.20270270270270271
Youtube / ONE#NIGHT#ULTIMATE#WEREWOLF##Retro#4 / Game7,Youtube,train,ONE#NIGHT#ULTIMATE#WEREWOLF##Retro#4,Game7,52,5,0,32,1,20,32,0,2,1,8,2,8,32,21,0.38461538461538464,0.6153846153846154,0.019230769230769232,0.0,0.038461538461538464,0.019230769230769232,0.15384615384615385,0.038461538461538464,0.15384615384615385
Youtube / ONE#NIGHT#ULTIMATE#WEREWOLF##Retro#4 / Game9,Youtube,train,ONE#NIGHT#ULTIMATE#WEREWOLF##Retro#4,Game9,121,5,0,44,8,77,44,18,2,8,19,11,28,44,86,0.6363636363636364,0.36363636363636365,0.06611570247933884,0.1487603305785124,0.01652892561983471,0.06611570247933884,0.15702479338842976,0.09090909090909091,0.23140495867768596
Youtube / ONE#NIGHT#ULTIMATE#WEREWOLF##Retro#5 / Game1,Youtube,train,ONE#NIGHT#ULTIMATE#WEREWOLF##Retro#5,Game1,61,3,0,24,3,37,24,7,5,10,3,1,14,24,40,0.6065573770491803,0.39344262295081966,0.04918032786885246,0.11475409836065574,0.08196721311475409,0.16393442622950818,0.04918032786885246,0.01639344262295082,0.22950819672131148
Youtube / ONE#NIGHT#ULTIMATE#WEREWOLF##Retro#5 / Game2,Youtube,val,ONE#NIGHT#ULTIMATE#WEREWOLF##Retro#5,Game2,97,3,0,45,13,52,45,16,3,11,7,16,13,45,66,0.5360824742268041,0.4639175257731959,0.13402061855670103,0.16494845360824742,0.030927835051546393,0.1134020618556701,0.07216494845360824,0.16494845360824742,0.13402061855670103
Youtube / ONE#NIGHT#ULTIMATE#WEREWOLF##Retro#5 / Game3,Youtube,train,ONE#NIGHT#ULTIMATE#WEREWOLF##Retro#5,Game3,99,3,0,32,7,67,32,18,2,9,10,13,22,32,74,0.6767676767676768,0.32323232323232326,0.0707070707070707,0.18181818181818182,0.020202020202020204,0.09090909090909091,0.10101010101010101,0.13131313131313133,0.2222222222222222
Youtube / ONE#NIGHT#ULTIMATE#WEREWOLF##Retro#5 / Game4,Youtube,train,ONE#NIGHT#ULTIMATE#WEREWOLF##Retro#5,Game4,84,3,0,48,2,36,48,9,2,5,3,7,12,48,38,0.42857142857142855,0.5714285714285714,0.023809523809523808,0.10714285714285714,0.023809523809523808,0.05952380952380952,0.03571428571428571,0.08333333333333333,0.14285714285714285
Youtube / ONE#NIGHT#ULTIMATE#WEREWOLF##Retro#5 / Game5,Youtube,train,ONE#NIGHT#ULTIMATE#WEREWOLF##Retro#5,Game5,85,3,0,35,4,50,35,18,4,8,4,3,17,35,54,0.5882352941176471,0.4117647058823529,0.047058823529411764,0.21176470588235294,0.047058823529411764,0.09411764705882353,0.047058823529411764,0.03529411764705882,0.2
Youtube / ONE#NIGHT#ULTIMATE#WEREWOLF##Retro#5 / Game6,Youtube,train,ONE#NIGHT#ULTIMATE#WEREWOLF##Retro#5,Game6,37,3,0,22,5,15,22,2,2,1,7,2,6,22,20,0.40540540540540543,0.5945945945945946,0.13513513513513514,0.05405405405405406,0.05405405405405406,0.02702702702702703,0.1891891891891892,0.05405405405405406,0.16216216216216217
Youtube / ONE#NIGHT#ULTIMATE#WEREWOLF##Retro#5 / Game7,Youtube,train,ONE#NIGHT#ULTIMATE#WEREWOLF##Retro#5,Game7,55,3,0,30,2,25,30,8,1,0,3,3,12,30,27,0.45454545454545453,0.5454545454545454,0.03636363636363636,0.14545454545454545,0.01818181818181818,0.0,0.05454545454545454,0.05454545454545454,0.21818181818181817
Youtube / ONE#NIGHT#ULTIMATE#WEREWOLF##Retro#5 / Game8,Youtube,train,ONE#NIGHT#ULTIMATE#WEREWOLF##Retro#5,Game8,90,3,0,39,6,51,39,14,5,4,8,6,20,39,57,0.5666666666666667,0.43333333333333335,0.06666666666666667,0.15555555555555556,0.05555555555555555,0.044444444444444446,0.08888888888888889,0.06666666666666667,0.2222222222222222
Youtube / ONE#NIGHT#ULTIMATE#WEREWOLF#-#Drinking#Play#Through / Game1,Youtube,test,ONE#NIGHT#ULTIMATE#WEREWOLF#-#Drinking#Play#Through,Game1,158,6,0,71,11,87,71,40,8,10,8,14,20,71,100,0.5506329113924051,0.44936708860759494,0.06962025316455696,0.25316455696202533,0.05063291139240506,0.06329113924050633,0.05063291139240506,0.08860759493670886,0.12658227848101267
Youtube / ONE#NIGHT#ULTIMATE#WEREWOLF#-#Drinking#Play#Through / Game2,Youtube,test,ONE#NIGHT#ULTIMATE#WEREWOLF#-#Drinking#Play#Through,Game2,114,6,0,45,15,69,45,32,2,6,8,20,18,45,86,0.6052631578947368,0.39473684210526316,0.13157894736842105,0.2807017543859649,0.017543859649122806,0.05263157894736842,0.07017543859649122,0.17543859649122806,0.15789473684210525
Youtube / ONE#NIGHT#ULTIMATE#WEREWOLF#1##July#5th#2016 / Game2,Youtube,test,ONE#NIGHT#ULTIMATE#WEREWOLF#1##July#5th#2016,Game2,138,6,0,64,9,74,64,25,7,10,8,9,24,64,83,0.5362318840579711,0.463768115942029,0.06521739130434782,0.18115942028985507,0.050724637681159424,0.07246376811594203,0.057971014492753624,0.06521739130434782,0.17391304347826086
Youtube / ONE#NIGHT#ULTIMATE#WEREWOLF#10##November#6th#2016 / Game1,Youtube,train,ONE#NIGHT#ULTIMATE#WEREWOLF#10##November#6th#2016,Game1,94,4,0,40,15,54,40,9,15,22,14,4,7,40,71,0.574468085106383,0.425531914893617,0.1595744680851064,0.09574468085106383,0.1595744680851064,0.23404255319148937,0.14893617021276595,0.0425531914893617,0.07446808510638298
Youtube / ONE#NIGHT#ULTIMATE#WEREWOLF#13##July#29th#2017 / Game1,Youtube,train,ONE#NIGHT#ULTIMATE#WEREWOLF#13##July#29th#2017,Game1,139,4,0,50,30,89,50,17,9,36,20,9,35,50,126,0.6402877697841727,0.3597122302158273,0.2158273381294964,0.1223021582733813,0.06474820143884892,0.2589928057553957,0.14388489208633093,0.06474820143884892,0.2517985611510791
Youtube / ONE#NIGHT#ULTIMATE#WEREWOLF#13##July#29th#2017 / Game2,Youtube,train,ONE#NIGHT#ULTIMATE#WEREWOLF#13##July#29th#2017,Game2,120,4,2,27,30,91,29,23,4,34,24,11,27,29,123,0.7583333333333333,0.24166666666666667,0.25,0.19166666666666668,0.03333333333333333,0.2833333333333333,0.2,0.09166666666666666,0.225
Youtube / ONE#NIGHT#ULTIMATE#WEREWOLF#13##July#29th#2017 / Game3,Youtube,train,ONE#NIGHT#ULTIMATE#WEREWOLF#13##July#29th#2017,Game3,121,4,1,41,23,79,42,18,4,25,27,6,24,42,104,0.6528925619834711,0.34710743801652894,0.19008264462809918,0.1487603305785124,0.03305785123966942,0.2066115702479339,0.2231404958677686,0.049586776859504134,0.19834710743801653
Youtube / ONE#NIGHT#ULTIMATE#WEREWOLF#14##August#26th#2017 / Game1,Youtube,train,ONE#NIGHT#ULTIMATE#WEREWOLF#14##August#26th#2017,Game1,135,4,0,73,21,62,73,23,2,25,12,4,22,73,88,0.45925925925925926,0.5407407407407407,0.15555555555555556,0.17037037037037037,0.014814814814814815,0.18518518518518517,0.08888888888888889,0.02962962962962963,0.16296296296296298
Youtube / ONE#NIGHT#ULTIMATE#WEREWOLF#14##August#26th#2017 / Game2,Youtube,train,ONE#NIGHT#ULTIMATE#WEREWOLF#14##August#26th#2017,Game2,125,4,0,49,26,76,49,24,6,31,15,4,23,49,103,0.608,0.392,0.208,0.192,0.048,0.248,0.12,0.032,0.184
Youtube / ONE#NIGHT#ULTIMATE#WEREWOLF#18##September#30th#2017 / Game1,Youtube,test,ONE#NIGHT#ULTIMATE#WEREWOLF#18##September#30th#2017,Game1,87,4,0,27,23,60,27,14,15,20,17,9,15,27,90,0.6896551724137931,0.3103448275862069,0.26436781609195403,0.16091954022988506,0.1724137931034483,0.22988505747126436,0.19540229885057472,0.10344827586206896,0.1724137931034483
Youtube / ONE#NIGHT#ULTIMATE#WEREWOLF#26##January#20th#2018 / Game2,Youtube,train,ONE#NIGHT#ULTIMATE#WEREWOLF#26##January#20th#2018,Game2,161,5,2,38,29,121,40,23,10,41,24,12,43,40,153,0.7515527950310559,0.2484472049689441,0.18012422360248448,0.14285714285714285,0.062111801242236024,0.2546583850931677,0.14906832298136646,0.07453416149068323,0.2670807453416149
Youtube / ONE#NIGHT#ULTIMATE#WEREWOLF#26##January#20th#2018 / Game3,Youtube,train,ONE#NIGHT#ULTIMATE#WEREWOLF#26##January#20th#2018,Game3,126,5,3,45,20,78,48,17,7,28,16,4,31,48,103,0.6190476190476191,0.38095238095238093,0.15873015873015872,0.1349206349206349,0.05555555555555555,0.2222222222222222,0.12698412698412698,0.031746031746031744,0.24603174603174602
Youtube / ONE#NIGHT#ULTIMATE#WEREWOLF#28##February#17th#2018 / Game1,Youtube,train,ONE#NIGHT#ULTIMATE#WEREWOLF#28##February#17th#2018,Game1,128,6,1,35,20,92,36,28,6,35,15,6,24,36,114,0.71875,0.28125,0.15625,0.21875,0.046875,0.2734375,0.1171875,0.046875,0.1875
Youtube / ONE#NIGHT#ULTIMATE#WEREWOLF#28##February#17th#2018 / Game2,Youtube,test,ONE#NIGHT#ULTIMATE#WEREWOLF#28##February#17th#2018,Game2,174,6,0,32,46,142,32,25,14,65,36,11,45,32,196,0.8160919540229885,0.1839080459770115,0.26436781609195403,0.14367816091954022,0.08045977011494253,0.3735632183908046,0.20689655172413793,0.06321839080459771,0.25862068965517243
Youtube / ONE#NIGHT#ULTIMATE#WEREWOLF#28##February#17th#2018 / Game3,Youtube,train,ONE#NIGHT#ULTIMATE#WEREWOLF#28##February#17th#2018,Game3,130,6,3,20,27,107,23,21,22,47,18,6,25,23,139,0.823076923076923,0.17692307692307693,0.2076923076923077,0.16153846153846155,0.16923076923076924,0.36153846153846153,0.13846153846153847,0.046153846153846156,0.19230769230769232
Youtube / ONE#NIGHT#ULTIMATE#WEREWOLF#30##February#17th#2018 / Game2,Youtube,train,ONE#NIGHT#ULTIMATE#WEREWOLF#30##February#17th#2018,Game2,119,6,0,26,29,93,26,16,0,58,16,9,26,26,125,0.7815126050420168,0.2184873949579832,0.24369747899159663,0.13445378151260504,0.0,0.48739495798319327,0.13445378151260504,0.07563025210084033,0.2184873949579832
Youtube / ONE#NIGHT#ULTIMATE#WEREWOLF#30##February#17th#2018 / Game4,Youtube,val,ONE#NIGHT#ULTIMATE#WEREWOLF#30##February#17th#2018,Game4,189,6,2,69,41,118,71,25,19,59,26,3,29,71,161,0.6243386243386243,0.37566137566137564,0.21693121693121692,0.13227513227513227,0.10052910052910052,0.31216931216931215,0.13756613756613756,0.015873015873015872,0.15343915343915343
Youtube / ONE#NIGHT#ULTIMATE#WEREWOLF#34##March#24th#2018 / Game2,Youtube,val,ONE#NIGHT#ULTIMATE#WEREWOLF#34##March#24th#2018,Game2,138,5,3,34,34,101,37,23,12,56,20,2,26,37,139,0.7318840579710145,0.26811594202898553,0.2463768115942029,0.16666666666666666,0.08695652173913043,0.4057971014492754,0.14492753623188406,0.014492753623188406,0.18840579710144928
Youtube / ONE#NIGHT#ULTIMATE#WEREWOLF#34##March#24th#2018 / Game3,Youtube,val,ONE#NIGHT#ULTIMATE#WEREWOLF#34##March#24th#2018,Game3,146,5,4,38,37,104,42,17,8,60,18,3,37,42,143,0.7123287671232876,0.2876712328767123,0.2534246575342466,0.11643835616438356,0.0547945205479452,0.410958904109589,0.1232876712328767,0.02054794520547945,0.2534246575342466
Youtube / ONE#NIGHT#ULTIMATE#WEREWOLF#37##April#21st#2018 / Game2,Youtube,train,ONE#NIGHT#ULTIMATE#WEREWOLF#37##April#21st#2018,Game2,135,5,1,36,27,98,37,23,18,44,20,4,17,37,126,0.725925925925926,0.2740740740740741,0.2,0.17037037037037037,0.13333333333333333,0.32592592592592595,0.14814814814814814,0.02962962962962963,0.1259259259259259
Youtube / ONE#NIGHT#ULTIMATE#WEREWOLF#38##April#21st#2018 / Game3,Youtube,train,ONE#NIGHT#ULTIMATE#WEREWOLF#38##April#21st#2018,Game3,159,5,2,26,28,131,28,19,11,49,25,5,51,28,160,0.8238993710691824,0.1761006289308176,0.1761006289308176,0.11949685534591195,0.06918238993710692,0.3081761006289308,0.15723270440251572,0.031446540880503145,0.32075471698113206
Youtube / ONE#NIGHT#ULTIMATE#WEREWOLF#38##April#21st#2018 / Game4,Youtube,train,ONE#NIGHT#ULTIMATE#WEREWOLF#38##April#21st#2018,Game4,164,5,2,51,27,111,53,27,1,59,18,6,28,53,139,0.676829268292683,0.3231707317073171,0.16463414634146342,0.16463414634146342,0.006097560975609756,0.3597560975609756,0.10975609756097561,0.036585365853658534,0.17073170731707318
Youtube / ONE#NIGHT#ULTIMATE#WEREWOLF#39##April#21st#2018 / Game3,Youtube,train,ONE#NIGHT#ULTIMATE#WEREWOLF#39##April#21st#2018,Game3,233,5,3,106,29,124,109,37,21,50,9,5,32,109,154,0.5321888412017167,0.4678111587982833,0.12446351931330472,0.15879828326180256,0.09012875536480687,0.2145922746781116,0.03862660944206009,0.02145922746781116,0.13733905579399142
Youtube / ONE#NIGHT#ULTIMATE#WEREWOLF#4##July#14th#2016 / Game1,Youtube,train,ONE#NIGHT#ULTIMATE#WEREWOLF#4##July#14th#2016,Game1,142,4,0,60,14,82,60,24,12,17,6,10,27,60,96,0.5774647887323944,0.4225352112676056,0.09859154929577464,0.16901408450704225,0.08450704225352113,0.11971830985915492,0.04225352112676056,0.07042253521126761,0.19014084507042253
Youtube / ONE#NIGHT#ULTIMATE#WEREWOLF#4##July#14th#2016 / Game2,Youtube,val,ONE#NIGHT#ULTIMATE#WEREWOLF#4##July#14th#2016,Game2,131,4,0,67,2,64,67,23,7,10,8,6,12,67,66,0.48854961832061067,0.5114503816793893,0.015267175572519083,0.17557251908396945,0.05343511450381679,0.07633587786259542,0.061068702290076333,0.04580152671755725,0.0916030534351145
Youtube / ONE#NIGHT#ULTIMATE#WEREWOLF#4##July#14th#2016 / Game3,Youtube,train,ONE#NIGHT#ULTIMATE#WEREWOLF#4##July#14th#2016,Game3,97,4,0,48,6,49,48,5,4,6,11,8,21,48,55,0.5051546391752577,0.4948453608247423,0.061855670103092786,0.05154639175257732,0.041237113402061855,0.061855670103092786,0.1134020618556701,0.08247422680412371,0.21649484536082475
Youtube / ONE#NIGHT#ULTIMATE#WEREWOLF#43##October#13th#2018 / Game1,Youtube,train,ONE#NIGHT#ULTIMATE#WEREWOLF#43##October#13th#2018,Game1,154,4,3,46,20,105,49,18,3,44,17,8,38,49,128,0.6818181818181818,0.3181818181818182,0.12987012987012986,0.11688311688311688,0.01948051948051948,0.2857142857142857,0.11038961038961038,0.05194805194805195,0.24675324675324675
Youtube / ONE#NIGHT#ULTIMATE#WEREWOLF#43##October#13th#2018 / Game3,Youtube,test,ONE#NIGHT#ULTIMATE#WEREWOLF#43##October#13th#2018,Game3,126,4,4,38,14,84,42,25,14,23,7,4,26,42,99,0.6666666666666666,0.3333333333333333,0.1111111111111111,0.1984126984126984,0.1111111111111111,0.18253968253968253,0.05555555555555555,0.031746031746031744,0.20634920634920634
Youtube / ONE#NIGHT#ULTIMATE#WEREWOLF#43##October#13th#2018 / Game4,Youtube,train,ONE#NIGHT#ULTIMATE#WEREWOLF#43##October#13th#2018,Game4,80,4,0,15,19,65,15,16,17,23,15,5,10,15,86,0.8125,0.1875,0.2375,0.2,0.2125,0.2875,0.1875,0.0625,0.125
Youtube / ONE#NIGHT#ULTIMATE#WEREWOLF#44##October#13th#2018 / Game1,Youtube,train,ONE#NIGHT#ULTIMATE#WEREWOLF#44##October#13th#2018,Game1,112,4,2,11,33,99,13,29,12,50,18,7,20,13,136,0.8839285714285714,0.11607142857142858,0.29464285714285715,0.25892857142857145,0.10714285714285714,0.44642857142857145,0.16071428571428573,0.0625,0.17857142857142858
Youtube / ONE#NIGHT#ULTIMATE#WEREWOLF#44##October#13th#2018 / Game2,Youtube,test,ONE#NIGHT#ULTIMATE#WEREWOLF#44##October#13th#2018,Game2,104,4,1,22,23,81,23,12,16,37,11,5,26,23,107,0.7788461538461539,0.22115384615384615,0.22115384615384615,0.11538461538461539,0.15384615384615385,0.3557692307692308,0.10576923076923077,0.04807692307692308,0.25
Youtube / ONE#NIGHT#ULTIMATE#WEREWOLF#44##October#13th#2018 / Game3,Youtube,test,ONE#NIGHT#ULTIMATE#WEREWOLF#44##October#13th#2018,Game3,100,4,0,39,21,61,39,20,19,24,6,2,12,39,83,0.61,0.39,0.21,0.2,0.19,0.24,0.06,0.02,0.12
Youtube / ONE#NIGHT#ULTIMATE#WEREWOLF#44##October#13th#2018 / Game4,Youtube,train,ONE#NIGHT#ULTIMATE#WEREWOLF#44##October#13th#2018,Game4,27,4,0,13,4,14,13,2,2,5,3,1,5,13,18,0.5185185185185185,0.48148148148148145,0.14814814814814814,0.07407407407407407,0.07407407407407407,0.18518518518518517,0.1111111111111111,0.037037037037037035,0.18518518518518517
Youtube / ONE#NIGHT#ULTIMATE#WEREWOLF#44##October#13th#2018 / Game5,Youtube,train,ONE#NIGHT#ULTIMATE#WEREWOLF#44##October#13th#2018,Game5,90,4,3,30,19,57,33,15,15,21,7,5,15,33,78,0.6333333333333333,0.36666666666666664,0.2111111111111111,0.16666666666666666,0.16666666666666666,0.23333333333333334,0.07777777777777778,0.05555555555555555,0.16666666666666666
Youtube / ONE#NIGHT#ULTIMATE#WEREWOLF#45##October#13th#2018 / Game4,Youtube,test,ONE#NIGHT#ULTIMATE#WEREWOLF#45##October#13th#2018,Game4,136,4,0,34,19,102,34,11,37,33,12,2,27,34,122,0.75,0.25,0.13970588235294118,0.08088235294117647,0.27205882352941174,0.2426470588235294,0.08823529411764706,0.014705882352941176,0.19852941176470587
Youtube / ONE#NIGHT#ULTIMATE#WEREWOLF#45##October#13th#2018 / Game6,Youtube,test,ONE#NIGHT#ULTIMATE#WEREWOLF#45##October#13th#2018,Game6,111,4,0,22,13,89,22,9,10,41,11,5,27,22,103,0.8018018018018018,0.1981981981981982,0.11711711711711711,0.08108108108108109,0.09009009009009009,0.36936936936936937,0.0990990990990991,0.04504504504504504,0.24324324324324326
Youtube / ONE#NIGHT#ULTIMATE#WEREWOLF#5##October#29th#2016 / Game1,Youtube,train,ONE#NIGHT#ULTIMATE#WEREWOLF#5##October#29th#2016,Game1,103,4,0,39,4,64,39,9,3,10,16,6,24,39,68,0.6213592233009708,0.3786407766990291,0.038834951456310676,0.08737864077669903,0.02912621359223301,0.0970873786407767,0.1553398058252427,0.05825242718446602,0.23300970873786409
Youtube / ONE#NIGHT#ULTIMATE#WEREWOLF#55##January#26th#2019 / Game3,Youtube,test,ONE#NIGHT#ULTIMATE#WEREWOLF#55##January#26th#2019,Game3,135,5,1,52,12,82,53,10,29,34,9,0,12,53,94,0.6074074074074074,0.3925925925925926,0.08888888888888889,0.07407407407407407,0.21481481481481482,0.2518518518518518,0.06666666666666667,0.0,0.08888888888888889
Youtube / ONE#NIGHT#ULTIMATE#WEREWOLF#6##November#6th#2016 / Game1,Youtube,train,ONE#NIGHT#ULTIMATE#WEREWOLF#6##November#6th#2016,Game1,75,4,0,46,1,29,46,5,2,3,4,6,10,46,30,0.38666666666666666,0.6133333333333333,0.013333333333333334,0.06666666666666667,0.02666666666666667,0.04,0.05333333333333334,0.08,0.13333333333333333
Youtube / ONE#NIGHT#ULTIMATE#WEREWOLF#6##November#6th#2016 / Game2,Youtube,train,ONE#NIGHT#ULTIMATE#WEREWOLF#6##November#6th#2016,Game2,109,4,0,57,4,52,57,16,0,5,11,5,19,57,56,0.47706422018348627,0.5229357798165137,0.03669724770642202,0.14678899082568808,0.0,0.045871559633027525,0.10091743119266056,0.045871559633027525,0.1743119266055046
Youtube / ONE#NIGHT#ULTIMATE#WEREWOLF#62##March#23rd#2019 / Game1,Youtube,train,ONE#NIGHT#ULTIMATE#WEREWOLF#62##March#23rd#2019,Game1,182,4,0,61,28,121,61,23,16,52,11,7,40,61,149,0.6648351648351648,0.33516483516483514,0.15384615384615385,0.12637362637362637,0.08791208791208792,0.2857142857142857,0.06043956043956044,0.038461538461538464,0.21978021978021978
Youtube / ONE#NIGHT#ULTIMATE#WEREWOLF#62##March#23rd#2019 / Game2,Youtube,train,ONE#NIGHT#ULTIMATE#WEREWOLF#62##March#23rd#2019,Game2,71,4,1,20,5,50,21,2,12,18,11,0,13,21,56,0.704225352112676,0.29577464788732394,0.07042253521126761,0.028169014084507043,0.16901408450704225,0.2535211267605634,0.15492957746478872,0.0,0.18309859154929578
Youtube / ONE#NIGHT#ULTIMATE#WEREWOLF#63##March#23rd#2019 / Game1,Youtube,train,ONE#NIGHT#ULTIMATE#WEREWOLF#63##March#23rd#2019,Game1,150,4,1,58,23,91,59,13,11,40,14,8,30,59,116,0.6066666666666667,0.3933333333333333,0.15333333333333332,0.08666666666666667,0.07333333333333333,0.26666666666666666,0.09333333333333334,0.05333333333333334,0.2
Youtube / ONE#NIGHT#ULTIMATE#WEREWOLF#64##March#23rd#2019 / Game3,Youtube,train,ONE#NIGHT#ULTIMATE#WEREWOLF#64##March#23rd#2019,Game3,141,4,0,40,18,101,40,12,11,35,14,7,42,40,121,0.7163120567375887,0.28368794326241137,0.1276595744680851,0.0851063829787234,0.07801418439716312,0.24822695035460993,0.09929078014184398,0.04964539007092199,0.2978723404255319
Youtube / ONE#NIGHT#ULTIMATE#WEREWOLF#64##March#23rd#2019 / Game4,Youtube,val,ONE#NIGHT#ULTIMATE#WEREWOLF#64##March#23rd#2019,Game4,90,4,0,24,8,66,24,5,8,32,4,2,23,24,74,0.7333333333333333,0.26666666666666666,0.08888888888888889,0.05555555555555555,0.08888888888888889,0.35555555555555557,0.044444444444444446,0.022222222222222223,0.25555555555555554
Youtube / ONE#NIGHT#ULTIMATE#WEREWOLF#64##March#23rd#2019 / Game5,Youtube,train,ONE#NIGHT#ULTIMATE#WEREWOLF#64##March#23rd#2019,Game5,127,4,0,66,6,61,66,12,11,5,11,6,22,66,67,0.48031496062992124,0.5196850393700787,0.047244094488188976,0.09448818897637795,0.08661417322834646,0.03937007874015748,0.08661417322834646,0.047244094488188976,0.1732283464566929
Youtube / ONE#NIGHT#ULTIMATE#WEREWOLF#7##November#6th#2016 / Game1,Youtube,test,ONE#NIGHT#ULTIMATE#WEREWOLF#7##November#6th#2016,Game1,98,4,0,54,2,44,54,7,1,4,10,6,18,54,46,0.4489795918367347,0.5510204081632653,0.02040816326530612,0.07142857142857142,0.01020408163265306,0.04081632653061224,0.10204081632653061,0.061224489795918366,0.1836734693877551
Youtube / ONE#NIGHT#ULTIMATE#WEREWOLF#7##November#6th#2016 / Game2,Youtube,train,ONE#NIGHT#ULTIMATE#WEREWOLF#7##November#6th#2016,Game2,138,4,0,92,1,46,92,13,2,6,5,2,19,92,47,0.3333333333333333,0.6666666666666666,0.007246376811594203,0.09420289855072464,0.014492753623188406,0.043478260869565216,0.036231884057971016,0.014492753623188406,0.13768115942028986
Youtube / ONE#NIGHT#ULTIMATE#WEREWOLF#7##November#6th#2016 / Game3,Youtube,train,ONE#NIGHT#ULTIMATE#WEREWOLF#7##November#6th#2016,Game3,171,4,0,107,2,64,107,19,6,9,11,6,15,107,66,0.3742690058479532,0.6257309941520468,0.011695906432748537,0.1111111111111111,0.03508771929824561,0.05263157894736842,0.06432748538011696,0.03508771929824561,0.08771929824561403
Youtube / ONE#NIGHT#ULTIMATE#WEREWOLF#7##November#6th#2016 / Game4,Youtube,train,ONE#NIGHT#ULTIMATE#WEREWOLF#7##November#6th#2016,Game4,109,4,0,41,32,68,41,30,4,32,17,12,12,41,107,0.6238532110091743,0.3761467889908257,0.29357798165137616,0.27522935779816515,0.03669724770642202,0.29357798165137616,0.1559633027522936,0.11009174311926606,0.11009174311926606
Youtube / ONE#NIGHT#ULTIMATE#WEREWOLF#8##November#6th#2016 / Game1,Youtube,train,ONE#NIGHT#ULTIMATE#WEREWOLF#8##November#6th#2016,Game1,149,5,0,80,24,69,80,11,6,31,20,8,21,80,97,0.46308724832214765,0.5369127516778524,0.1610738255033557,0.0738255033557047,0.040268456375838924,0.2080536912751678,0.1342281879194631,0.053691275167785234,0.14093959731543623
Youtube / ONE#NIGHT#ULTIMATE#WEREWOLF#8##November#6th#2016 / Game4,Youtube,train,ONE#NIGHT#ULTIMATE#WEREWOLF#8##November#6th#2016,Game4,51,5,0,12,14,39,12,10,2,9,16,3,13,12,53,0.7647058823529411,0.23529411764705882,0.27450980392156865,0.19607843137254902,0.0392156862745098,0.17647058823529413,0.3137254901960784,0.058823529411764705,0.2549019607843137
Youtube / ONE#NIGHT#ULTIMATE#WEREWOLF#83##October#15th#2019 / Game2,Youtube,test,ONE#NIGHT#ULTIMATE#WEREWOLF#83##October#15th#2019,Game2,129,4,0,68,6,61,68,19,9,13,9,5,12,68,67,0.4728682170542636,0.5271317829457365,0.046511627906976744,0.14728682170542637,0.06976744186046512,0.10077519379844961,0.06976744186046512,0.03875968992248062,0.09302325581395349
Youtube / ONE#NIGHT#ULTIMATE#WEREWOLF#83##October#15th#2019 / Game3,Youtube,train,ONE#NIGHT#ULTIMATE#WEREWOLF#83##October#15th#2019,Game3,106,4,0,62,3,44,62,7,2,6,12,2,18,62,47,0.41509433962264153,0.5849056603773585,0.02830188679245283,0.0660377358490566,0.018867924528301886,0.05660377358490566,0.11320754716981132,0.018867924528301886,0.16981132075471697
Youtube / ONE#NIGHT#ULTIMATE#WEREWOLF#86##November#9th#2019 / Game1,Youtube,train,ONE#NIGHT#ULTIMATE#WEREWOLF#86##November#9th#2019,Game1,141,4,0,95,6,46,95,6,9,5,7,4,21,95,52,0.3262411347517731,0.6737588652482269,0.0425531914893617,0.0425531914893617,0.06382978723404255,0.03546099290780142,0.04964539007092199,0.028368794326241134,0.14893617021276595
Youtube / ONE#NIGHT#ULTIMATE#WEREWOLF#86##November#9th#2019 / Game3,Youtube,train,ONE#NIGHT#ULTIMATE#WEREWOLF#86##November#9th#2019,Game3,107,4,0,54,3,53,54,11,9,8,7,4,17,54,56,0.4953271028037383,0.5046728971962616,0.028037383177570093,0.102803738317757,0.08411214953271028,0.07476635514018691,0.06542056074766354,0.037383177570093455,0.1588785046728972
Youtube / ONE#NIGHT#ULTIMATE#WEREWOLF#86##November#9th#2019 / Game4,Youtube,train,ONE#NIGHT#ULTIMATE#WEREWOLF#86##November#9th#2019,Game4,133,4,0,76,4,57,76,11,5,4,10,2,29,76,61,0.42857142857142855,0.5714285714285714,0.03007518796992481,0.08270676691729323,0.03759398496240601,0.03007518796992481,0.07518796992481203,0.015037593984962405,0.21804511278195488
Youtube / ONE#NIGHT#ULTIMATE#WEREWOLF#87##November#9th#2019 / Game1,Youtube,test,ONE#NIGHT#ULTIMATE#WEREWOLF#87##November#9th#2019,Game1,136,4,0,72,4,64,72,11,5,7,15,2,28,72,68,0.47058823529411764,0.5294117647058824,0.029411764705882353,0.08088235294117647,0.03676470588235294,0.051470588235294115,0.11029411764705882,0.014705882352941176,0.20588235294117646
Youtube / ONE#NIGHT#ULTIMATE#WEREWOLF#87##November#9th#2019 / Game2,Youtube,train,ONE#NIGHT#ULTIMATE#WEREWOLF#87##November#9th#2019,Game2,149,4,0,74,3,75,74,16,19,18,13,1,11,74,78,0.5033557046979866,0.4966442953020134,0.020134228187919462,0.10738255033557047,0.12751677852348994,0.12080536912751678,0.087248322147651,0.006711409395973154,0.0738255033557047
Youtube / ONE#NIGHT#ULTIMATE#WEREWOLF#89##November#30th#2019 / Game2,Youtube,train,ONE#NIGHT#ULTIMATE#WEREWOLF#89##November#30th#2019,Game2,129,4,0,61,7,68,61,16,10,6,5,3,35,61,75,0.5271317829457365,0.4728682170542636,0.05426356589147287,0.12403100775193798,0.07751937984496124,0.046511627906976744,0.03875968992248062,0.023255813953488372,0.2713178294573643
Youtube / ONE#NIGHT#ULTIMATE#WEREWOLF#89##November#30th#2019 / Game3,Youtube,test,ONE#NIGHT#ULTIMATE#WEREWOLF#89##November#30th#2019,Game3,82,4,0,28,5,54,28,13,5,10,7,5,19,28,59,0.6585365853658537,0.34146341463414637,0.06097560975609756,0.15853658536585366,0.06097560975609756,0.12195121951219512,0.08536585365853659,0.06097560975609756,0.23170731707317074
Youtube / ONE#NIGHT#ULTIMATE#WEREWOLF#9##November#6th#2016 / Game1,Youtube,train,ONE#NIGHT#ULTIMATE#WEREWOLF#9##November#6th#2016,Game1,50,4,0,13,8,37,13,7,7,17,8,1,7,13,47,0.74,0.26,0.16,0.14,0.14,0.34,0.16,0.02,0.14
Youtube / ONE#NIGHT#ULTIMATE#WEREWOLF#9##November#6th#2016 / Game2,Youtube,test,ONE#NIGHT#ULTIMATE#WEREWOLF#9##November#6th#2016,Game2,97,4,2,55,11,40,57,4,4,18,16,2,8,57,52,0.41237113402061853,0.5876288659793815,0.1134020618556701,0.041237113402061855,0.041237113402061855,0.18556701030927836,0.16494845360824742,0.020618556701030927,0.08247422680412371
Youtube / ONE#NIGHT#ULTIMATE#WEREWOLF#9##November#6th#2016 / Game3,Youtube,train,ONE#NIGHT#ULTIMATE#WEREWOLF#9##November#6th#2016,Game3,105,4,3,45,17,57,48,15,13,23,6,3,15,48,75,0.5428571428571428,0.45714285714285713,0.1619047619047619,0.14285714285714285,0.12380952380952381,0.21904761904761905,0.05714285714285714,0.02857142857142857,0.14285714285714285
Youtube / ONE#NIGHT#ULTIMATE#WEREWOLF#9##November#6th#2016 / Game4,Youtube,val,ONE#NIGHT#ULTIMATE#WEREWOLF#9##November#6th#2016,Game4,189,4,1,124,20,64,125,12,4,29,20,5,14,125,84,0.3386243386243386,0.6613756613756614,0.10582010582010581,0.06349206349206349,0.021164021164021163,0.15343915343915343,0.10582010582010581,0.026455026455026454,0.07407407407407407
Youtube / One#Night#Ultimate#Love#Letter##ONE#NIGHT#ULTIMATE#WEREWOLF / Game2,Youtube,train,One#Night#Ultimate#Love#Letter##ONE#NIGHT#ULTIMATE#WEREWOLF,Game2,119,4,0,48,19,71,48,23,15,15,11,7,22,48,93,0.5966386554621849,0.40336134453781514,0.15966386554621848,0.19327731092436976,0.12605042016806722,0.12605042016806722,0.09243697478991597,0.058823529411764705,0.18487394957983194
Youtube / One#Night#Ultimate#Love#Letter##ONE#NIGHT#ULTIMATE#WEREWOLF / Game3,Youtube,train,One#Night#Ultimate#Love#Letter##ONE#NIGHT#ULTIMATE#WEREWOLF,Game3,104,4,0,48,14,56,48,16,7,8,11,6,23,48,71,0.5384615384615384,0.46153846153846156,0.1346153846153846,0.15384615384615385,0.0673076923076923,0.07692307692307693,0.10576923076923077,0.057692307692307696,0.22115384615384615
Youtube / One#Night#Ultimate#Love#Letter##ONE#NIGHT#ULTIMATE#WEREWOLF / Game7,Youtube,train,One#Night#Ultimate#Love#Letter##ONE#NIGHT#ULTIMATE#WEREWOLF,Game7,104,4,0,45,4,59,45,21,3,8,9,3,20,45,64,0.5673076923076923,0.4326923076923077,0.038461538461538464,0.20192307692307693,0.028846153846153848,0.07692307692307693,0.08653846153846154,0.028846153846153848,0.19230769230769232
Youtube / One#Night#Ultimate#Werewolf#1#How-To#and#Playthrough / Game1,Youtube,train,One#Night#Ultimate#Werewolf#1#How-To#and#Playthrough,Game1,218,6,0,101,29,117,101,29,4,28,18,35,35,101,149,0.536697247706422,0.463302752293578,0.13302752293577982,0.13302752293577982,0.01834862385321101,0.12844036697247707,0.08256880733944955,0.16055045871559634,0.16055045871559634
Youtube / One#Night#Ultimate#Werewolf#2#The#Drunk / Game1,Youtube,train,One#Night#Ultimate#Werewolf#2#The#Drunk,Game1,210,6,0,82,19,128,82,35,7,14,21,18,55,82,150,0.6095238095238096,0.3904761904761905,0.09047619047619047,0.16666666666666666,0.03333333333333333,0.06666666666666667,0.1,0.08571428571428572,0.2619047619047619
Youtube / One#Night#Ultimate#Werewolf#3#Insomniac / Game1,Youtube,train,One#Night#Ultimate#Werewolf#3#Insomniac,Game1,197,6,0,107,14,90,107,24,10,17,13,15,26,107,105,0.45685279187817257,0.5431472081218274,0.07106598984771574,0.1218274111675127,0.050761421319796954,0.08629441624365482,0.06598984771573604,0.07614213197969544,0.1319796954314721
Youtube / One#Night#Ultimate#Werewolf#361#Classic#Werewolf / Game1,Youtube,train,One#Night#Ultimate#Werewolf#361#Classic#Werewolf,Game1,305,6,0,155,10,150,155,50,7,10,24,12,57,155,160,0.4918032786885246,0.5081967213114754,0.03278688524590164,0.16393442622950818,0.022950819672131147,0.03278688524590164,0.07868852459016394,0.03934426229508197,0.18688524590163935
Youtube / One#Night#Ultimate#Werewolf#362#More#Classic#Werewolf / Game1,Youtube,val,One#Night#Ultimate#Werewolf#362#More#Classic#Werewolf,Game1,265,6,0,124,13,141,124,47,6,23,17,24,41,124,158,0.5320754716981132,0.4679245283018868,0.04905660377358491,0.17735849056603772,0.022641509433962263,0.08679245283018867,0.06415094339622641,0.09056603773584905,0.15471698113207547
Youtube / One#Night#Ultimate#Werewolf#363#Even#More#Classic#Werewolf / Game1,Youtube,val,One#Night#Ultimate#Werewolf#363#Even#More#Classic#Werewolf,Game1,340,6,0,197,6,143,197,31,9,15,16,19,59,197,149,0.42058823529411765,0.5794117647058824,0.01764705882352941,0.09117647058823529,0.026470588235294117,0.04411764705882353,0.047058823529411764,0.05588235294117647,0.17352941176470588
Youtube / One#Night#Ultimate#Werewolf#381#The#Hunt#Is#On / Game1,Youtube,train,One#Night#Ultimate#Werewolf#381#The#Hunt#Is#On,Game1,203,6,0,113,9,90,113,23,11,13,9,16,27,113,99,0.4433497536945813,0.5566502463054187,0.04433497536945813,0.11330049261083744,0.054187192118226604,0.06403940886699508,0.04433497536945813,0.07881773399014778,0.1330049261083744
Youtube / One#Night#Ultimate#Werewolf#382#Game#100!! / Game1,Youtube,train,One#Night#Ultimate#Werewolf#382#Game#100!!,Game1,170,6,0,63,12,107,63,24,5,15,18,15,42,63,119,0.6294117647058823,0.37058823529411766,0.07058823529411765,0.1411764705882353,0.029411764705882353,0.08823529411764706,0.10588235294117647,0.08823529411764706,0.24705882352941178
Youtube / One#Night#Ultimate#Werewolf#491#Classic#Werewolf / Game1,Youtube,val,One#Night#Ultimate#Werewolf#491#Classic#Werewolf,Game1,146,4,0,83,9,63,83,21,3,9,11,9,20,83,73,0.4315068493150685,0.5684931506849316,0.06164383561643835,0.14383561643835616,0.02054794520547945,0.06164383561643835,0.07534246575342465,0.06164383561643835,0.136986301369863
Youtube / One#Night#Ultimate#Werewolf#492#More#Classic#Werewolf / Game1,Youtube,train,One#Night#Ultimate#Werewolf#492#More#Classic#Werewolf,Game1,180,4,0,127,4,53,127,9,4,6,9,7,22,127,57,0.29444444444444445,0.7055555555555556,0.022222222222222223,0.05,0.022222222222222223,0.03333333333333333,0.05,0.03888888888888889,0.12222222222222222
Youtube / One#Night#Ultimate#Werewolf#493#Even#More#Classic#Werewolf / Game1,Youtube,test,One#Night#Ultimate#Werewolf#493#Even#More#Classic#Werewolf,Game1,177,4,0,75,10,102,75,31,10,14,13,10,34,75,112,0.576271186440678,0.423728813559322,0.05649717514124294,0.1751412429378531,0.05649717514124294,0.07909604519774012,0.07344632768361582,0.05649717514124294,0.192090395480226
Youtube / One#Night#Ultimate#Werewolf#531#Classic#ONUW / Game1,Youtube,train,One#Night#Ultimate#Werewolf#531#Classic#ONUW,Game1,107,4,0,39,10,68,39,11,5,15,12,8,28,39,79,0.6355140186915887,0.3644859813084112,0.09345794392523364,0.102803738317757,0.04672897196261682,0.14018691588785046,0.11214953271028037,0.07476635514018691,0.2616822429906542
Youtube / One#Night#Ultimate#Werewolf#532#More#Classic#ONUW / Game1,Youtube,train,One#Night#Ultimate#Werewolf#532#More#Classic#ONUW,Game1,106,4,0,43,8,63,43,14,6,8,9,8,26,43,71,0.5943396226415094,0.4056603773584906,0.07547169811320754,0.1320754716981132,0.05660377358490566,0.07547169811320754,0.08490566037735849,0.07547169811320754,0.24528301886792453
Youtube / One#Night#Ultimate#Werewolf#533#Even#More#Classic#ONUW / Game1,Youtube,train,One#Night#Ultimate#Werewolf#533#Even#More#Classic#ONUW,Game1,79,4,0,29,7,50,29,11,4,10,8,4,22,29,59,0.6329113924050633,0.3670886075949367,0.08860759493670886,0.13924050632911392,0.05063291139240506,0.12658227848101267,0.10126582278481013,0.05063291139240506,0.27848101265822783
Youtube / One#Night#Ultimate#Werewolf#GAME#NIGHT!! / Game2,Youtube,test,One#Night#Ultimate#Werewolf#GAME#NIGHT!!,Game2,74,5,0,38,6,36,38,10,3,8,6,7,9,38,43,0.4864864864864865,0.5135135135135135,0.08108108108108109,0.13513513513513514,0.04054054054054054,0.10810810810810811,0.08108108108108109,0.0945945945945946,0.12162162162162163
Youtube / Retrovision##ONE#NIGHT#ULTIMATE#WEREWOLF##Retro#7 / Game1,Youtube,train,Retrovision##ONE#NIGHT#ULTIMATE#WEREWOLF##Retro#7,Game1,111,5,0,33,14,78,33,17,8,22,17,6,23,33,93,0.7027027027027027,0.2972972972972973,0.12612612612612611,0.15315315315315314,0.07207207207207207,0.1981981981981982,0.15315315315315314,0.05405405405405406,0.2072072072072072
Youtube / Retrovision##ONE#NIGHT#ULTIMATE#WEREWOLF##Retro#7 / Game2,Youtube,test,Retrovision##ONE#NIGHT#ULTIMATE#WEREWOLF##Retro#7,Game2,109,5,0,44,8,65,44,11,2,12,10,10,29,44,74,0.5963302752293578,0.4036697247706422,0.07339449541284404,0.10091743119266056,0.01834862385321101,0.11009174311926606,0.09174311926605505,0.09174311926605505,0.26605504587155965
Youtube / Retrovision##ONE#NIGHT#ULTIMATE#WEREWOLF##Retro#7 / Game3,Youtube,test,Retrovision##ONE#NIGHT#ULTIMATE#WEREWOLF##Retro#7,Game3,128,5,0,65,6,63,65,13,5,6,9,6,31,65,70,0.4921875,0.5078125,0.046875,0.1015625,0.0390625,0.046875,0.0703125,0.046875,0.2421875
Youtube / Retrovision##ONE#NIGHT#ULTIMATE#WEREWOLF##Retro#7 / Game4,Youtube,test,Retrovision##ONE#NIGHT#ULTIMATE#WEREWOLF##Retro#7,Game4,186,5,0,74,16,112,74,24,9,18,18,19,40,74,128,0.6021505376344086,0.3978494623655914,0.08602150537634409,0.12903225806451613,0.04838709677419355,0.0967741935483871,0.0967741935483871,0.10215053763440861,0.21505376344086022
Youtube / Retrovision##ONE#NIGHT#ULTIMATE#WEREWOLF##Retro#7 / Game5,Youtube,val,Retrovision##ONE#NIGHT#ULTIMATE#WEREWOLF##Retro#7,Game5,196,5,0,96,10,100,96,33,7,15,14,9,32,96,110,0.5102040816326531,0.4897959183673469,0.05102040816326531,0.1683673469387755,0.03571428571428571,0.07653061224489796,0.07142857142857142,0.04591836734693878,0.16326530612244897
Youtube / The#Return#of#the#King##ONE#NIGHT#ULTIMATE#WEREWOLF / Game5,Youtube,train,The#Return#of#the#King##ONE#NIGHT#ULTIMATE#WEREWOLF,Game5,184,5,0,72,16,112,72,32,20,36,10,6,26,72,130,0.6086956521739131,0.391304347826087,0.08695652173913043,0.17391304347826086,0.10869565217391304,0.1956521739130435,0.05434782608695652,0.03260869565217391,0.14130434782608695
Youtube / The#Return#of#the#King##ONE#NIGHT#ULTIMATE#WEREWOLF / Game6,Youtube,test,The#Return#of#the#King##ONE#NIGHT#ULTIMATE#WEREWOLF,Game6,131,5,0,45,10,86,45,22,10,11,15,1,37,45,96,0.6564885496183206,0.3435114503816794,0.07633587786259542,0.16793893129770993,0.07633587786259542,0.08396946564885496,0.11450381679389313,0.007633587786259542,0.2824427480916031
Youtube / The#Return#of#the#King##ONE#NIGHT#ULTIMATE#WEREWOLF / Game7,Youtube,train,The#Return#of#the#King##ONE#NIGHT#ULTIMATE#WEREWOLF,Game7,145,5,0,69,6,76,69,21,6,8,8,2,37,69,82,0.5241379310344828,0.47586206896551725,0.041379310344827586,0.14482758620689656,0.041379310344827586,0.05517241379310345,0.05517241379310345,0.013793103448275862,0.25517241379310346
Youtube / Visions#from#2016##ONE#NIGHT#ULTIMATE#WEREWOLF##Retro#11 / Game1,Youtube,test,Visions#from#2016##ONE#NIGHT#ULTIMATE#WEREWOLF##Retro#11,Game1,147,5,0,57,15,90,57,24,13,29,11,9,23,57,109,0.6122448979591837,0.3877551020408163,0.10204081632653061,0.16326530612244897,0.08843537414965986,0.19727891156462585,0.07482993197278912,0.061224489795918366,0.1564625850340136
Youtube / Visions#from#2016##ONE#NIGHT#ULTIMATE#WEREWOLF##Retro#11 / Game2,Youtube,train,Visions#from#2016##ONE#NIGHT#ULTIMATE#WEREWOLF##Retro#11,Game2,127,5,0,51,6,76,51,27,11,13,8,5,19,51,83,0.5984251968503937,0.4015748031496063,0.047244094488188976,0.2125984251968504,0.08661417322834646,0.10236220472440945,0.06299212598425197,0.03937007874015748,0.14960629921259844
Youtube / Visions#from#2016##ONE#NIGHT#ULTIMATE#WEREWOLF##Retro#11 / Game3,Youtube,test,Visions#from#2016##ONE#NIGHT#ULTIMATE#WEREWOLF##Retro#11,Game3,121,5,0,40,11,81,40,27,11,10,11,8,25,40,92,0.6694214876033058,0.3305785123966942,0.09090909090909091,0.2231404958677686,0.09090909090909091,0.08264462809917356,0.09090909090909091,0.06611570247933884,0.2066115702479339
Youtube / Visions#from#2016##ONE#NIGHT#ULTIMATE#WEREWOLF##Retro#11 / Game4,Youtube,train,Visions#from#2016##ONE#NIGHT#ULTIMATE#WEREWOLF##Retro#11,Game4,112,5,0,28,15,84,28,19,21,17,12,12,19,28,100,0.75,0.25,0.13392857142857142,0.16964285714285715,0.1875,0.15178571428571427,0.10714285714285714,0.10714285714285714,0.16964285714285715
Youtube / Visions#from#2016##ONE#NIGHT#ULTIMATE#WEREWOLF##Retro#11 / Game5,Youtube,train,Visions#from#2016##ONE#NIGHT#ULTIMATE#WEREWOLF##Retro#11,Game5,149,5,0,63,6,86,63,18,8,7,7,13,39,63,92,0.5771812080536913,0.4228187919463087,0.040268456375838924,0.12080536912751678,0.053691275167785234,0.04697986577181208,0.04697986577181208,0.087248322147651,0.26174496644295303
Youtube / Way#Way#Back##ONE#NIGHT#ULTIMATE#WEREWOLF##Retro#10 / Game1,Youtube,train,Way#Way#Back##ONE#NIGHT#ULTIMATE#WEREWOLF##Retro#10,Game1,145,5,0,66,22,79,66,23,6,27,19,11,17,66,103,0.5448275862068965,0.45517241379310347,0.15172413793103448,0.15862068965517243,0.041379310344827586,0.18620689655172415,0.1310344827586207,0.07586206896551724,0.11724137931034483
Youtube / Way#Way#Back##ONE#NIGHT#ULTIMATE#WEREWOLF##Retro#10 / Game2,Youtube,train,Way#Way#Back##ONE#NIGHT#ULTIMATE#WEREWOLF##Retro#10,Game2,167,5,0,69,12,98,69,31,11,19,12,7,31,69,111,0.5868263473053892,0.41317365269461076,0.0718562874251497,0.18562874251497005,0.0658682634730539,0.11377245508982035,0.0718562874251497,0.041916167664670656,0.18562874251497005
Youtube / Way#Way#Back##ONE#NIGHT#ULTIMATE#WEREWOLF##Retro#10 / Game3,Youtube,train,Way#Way#Back##ONE#NIGHT#ULTIMATE#WEREWOLF##Retro#10,Game3,137,5,0,61,7,76,61,23,18,8,10,6,19,61,84,0.5547445255474452,0.44525547445255476,0.051094890510948905,0.1678832116788321,0.13138686131386862,0.058394160583941604,0.072992700729927,0.043795620437956206,0.1386861313868613
Youtube / Way#Way#Back##ONE#NIGHT#ULTIMATE#WEREWOLF##Retro#10 / Game4,Youtube,train,Way#Way#Back##ONE#NIGHT#ULTIMATE#WEREWOLF##Retro#10,Game4,155,5,0,61,15,94,61,31,4,15,24,12,24,61,110,0.6064516129032258,0.3935483870967742,0.0967741935483871,0.2,0.025806451612903226,0.0967741935483871,0.15483870967741936,0.07741935483870968,0.15483870967741936
Youtube / Way#Way#Back##ONE#NIGHT#ULTIMATE#WEREWOLF##Retro#10 / Game5,Youtube,val,Way#Way#Back##ONE#NIGHT#ULTIMATE#WEREWOLF##Retro#10,Game5,183,5,0,87,11,96,87,37,22,12,8,7,22,87,108,0.5245901639344263,0.47540983606557374,0.060109289617486336,0.20218579234972678,0.12021857923497267,0.06557377049180328,0.04371584699453552,0.03825136612021858,0.12021857923497267
Youtube / Ye#Olde#Times##ONE#NIGHT#ULTIMATE#WEREWOLF##Retro#8 / Game1,Youtube,train,Ye#Olde#Times##ONE#NIGHT#ULTIMATE#WEREWOLF##Retro#8,Game1,75,5,0,32,10,43,32,6,11,5,15,5,12,32,54,0.5733333333333334,0.4266666666666667,0.13333333333333333,0.08,0.14666666666666667,0.06666666666666667,0.2,0.06666666666666667,0.16
Youtube / Ye#Olde#Times##ONE#NIGHT#ULTIMATE#WEREWOLF##Retro#8 / Game2,Youtube,train,Ye#Olde#Times##ONE#NIGHT#ULTIMATE#WEREWOLF##Retro#8,Game2,169,5,0,85,15,84,85,30,9,19,9,10,23,85,100,0.4970414201183432,0.5029585798816568,0.08875739644970414,0.17751479289940827,0.05325443786982249,0.11242603550295859,0.05325443786982249,0.05917159763313609,0.13609467455621302
Youtube / Ye#Olde#Times##ONE#NIGHT#ULTIMATE#WEREWOLF##Retro#8 / Game3,Youtube,test,Ye#Olde#Times##ONE#NIGHT#ULTIMATE#WEREWOLF##Retro#8,Game3,125,5,0,58,8,67,58,17,11,12,7,4,24,58,75,0.536,0.464,0.064,0.136,0.088,0.096,0.056,0.032,0.192
Youtube / Ye#Olde#Times##ONE#NIGHT#ULTIMATE#WEREWOLF##Retro#8 / Game4,Youtube,test,Ye#Olde#Times##ONE#NIGHT#ULTIMATE#WEREWOLF##Retro#8,Game4,158,5,0,62,15,96,62,33,6,10,22,9,34,62,114,0.6075949367088608,0.3924050632911392,0.0949367088607595,0.2088607594936709,0.0379746835443038,0.06329113924050633,0.13924050632911392,0.056962025316455694,0.21518987341772153
