game_id,source,session_name,game_key,player_names,start_roles,end_roles,has_werewolf,correct_vote_type,correct_player_names,n_valid_stochastic,stoch_vote_distribution,p_correct,stoch_entropy,at_least_one_correct,stoch_majority_vote,has_strict_majority,stoch_majority_correct,greedy_vote,greedy_correct,greedy_in_stoch_support
Ego4D / 0a6ef9dc-a2dc-452b-a907-d6fa2ed4cae0 / Game1,Ego4D,0a6ef9dc-a2dc-452b-a907-d6fa2ed4cae0,Game1,"[""Erin"", ""Sebastian"", ""Jack"", ""Brent"", ""Hailey""]","[""Werewolf"", ""Robber"", ""Moderator"", ""Seer"", ""Troublemaker""]","[""Robber"", ""Seer"", ""Moderator"", ""Werewolf"", ""Troublemaker""]",True,player,"[""Brent""]",3,"{""Brent"": 0.6666666666666666, ""Erin"": 0.3333333333333333}",0.6666666666666666,0.6365141682948128,True,Brent,True,True,,,
Ego4D / 0a6ef9dc-a2dc-452b-a907-d6fa2ed4cae0 / Game2,Ego4D,0a6ef9dc-a2dc-452b-a907-d6fa2ed4cae0,Game2,"[""Erin"", ""Sebastian"", ""Jack"", ""Brent"", ""Hailey""]","[""Moderator"", ""Robber"", ""Werewolf"", ""Villager"", ""Villager""]","[""Moderator"", ""Villager"", ""Werewolf"", ""Villager"", ""Robber""]",True,player,"[""Jack""]",3,"{""Jack"": 1.0}",1.0,-0.0,True,Jack,True,True,,,
Ego4D / 0c2659db-7bd4-4b37-9b08-4e247befe382 / Game4,Ego4D,0c2659db-7bd4-4b37-9b08-4e247befe382,Game4,"[""Elliot"", ""Ashley"", ""James"", ""Chris"", ""Sukeshi"", ""Sian""]","[""Robber"", ""Werewolf"", ""Insomniac"", ""Seer"", ""Werewolf"", ""Tanner""]","[""Tanner"", ""Werewolf"", ""Insomniac"", ""Seer"", ""Werewolf"", ""Robber""]",True,player,"[""Ashley"", ""Sukeshi""]",3,"{""Sian"": 0.3333333333333333, ""Elliot"": 0.6666666666666666}",0.0,0.6365141682948128,False,Elliot,True,False,,,
Ego4D / 0c2659db-7bd4-4b37-9b08-4e247befe382 / Game5,Ego4D,0c2659db-7bd4-4b37-9b08-4e247befe382,Game5,"[""Elliot"", ""Ashley"", ""James"", ""Chris"", ""Sukeshi"", ""Sian""]","[""Seer"", ""Werewolf"", ""Doppelganger"", ""Werewolf"", ""Insomniac"", ""Villager""]","[""Seer"", ""Werewolf"", ""Doppelganger"", ""Werewolf"", ""Insomniac"", ""Villager""]",True,player,"[""Ashley"", ""Chris""]",3,"{""James"": 0.3333333333333333, ""Sian"": 0.6666666666666666}",0.0,0.6365141682948128,False,Sian,True,False,,,
Ego4D / 0c2659db-7bd4-4b37-9b08-4e247befe382 / Game6,Ego4D,0c2659db-7bd4-4b37-9b08-4e247befe382,Game6,"[""Elliot"", ""Ashley"", ""James"", ""Chris"", ""Sukeshi"", ""Sian""]","[""Werewolf"", ""Seer"", ""Troublemaker"", ""Hunter"", ""Robber"", ""Tanner""]","[""Werewolf"", ""Robber"", ""Troublemaker"", ""Seer"", ""Hunter"", ""Tanner""]",True,player,"[""Elliot""]",3,"{""Elliot"": 1.0}",1.0,-0.0,True,Elliot,True,True,,,
Ego4D / 0c2659db-7bd4-4b37-9b08-4e247befe382 / Game7,Ego4D,0c2659db-7bd4-4b37-9b08-4e247befe382,Game7,"[""Elliot"", ""Ashley"", ""James"", ""Chris"", ""Sukeshi"", ""Sian""]","[""Robber"", ""Minion"", ""Doppelganger"", ""Troublemaker"", ""Tanner"", ""Seer""]","[""Tanner"", ""Doppelganger"", ""Seer"", ""Troublemaker"", ""Robber"", ""Minion""]",False,circle,[],3,"{""Sukeshi"": 0.6666666666666666, ""Sian"": 0.3333333333333333}",0.0,0.6365141682948128,False,Sukeshi,True,False,,,
Ego4D / 0c2659db-7bd4-4b37-9b08-4e247befe382 / Game8,Ego4D,0c2659db-7bd4-4b37-9b08-4e247befe382,Game8,"[""Elliot"", ""Ashley"", ""James"", ""Chris"", ""Sukeshi"", ""Sian""]","[""Werewolf"", ""Robber"", ""Doppelganger"", ""Hunter"", ""Minion"", ""Tanner""]","[""Werewolf"", ""Hunter"", ""Robber"", ""Doppelganger"", ""Minion"", ""Tanner""]",True,player,"[""Elliot""]",3,"{""Sian"": 1.0}",0.0,-0.0,False,Sian,True,False,,,
Ego4D / 0c2659db-7bd4-4b37-9b08-4e247befe382 / Game9,Ego4D,0c2659db-7bd4-4b37-9b08-4e247befe382,Game9,"[""Elliot"", ""Ashley"", ""James"", ""Chris"", ""Sukeshi"", ""Sian""]","[""Villager"", ""Hunter"", ""Robber"", ""Werewolf"", ""Villager"", ""Seer""]","[""Villager"", ""Hunter"", ""Villager"", ""Werewolf"", ""Robber"", ""Seer""]",True,player,"[""Chris""]",3,"{""Elliot"": 0.3333333333333333, ""James"": 0.6666666666666666}",0.0,0.6365141682948128,False,James,True,False,,,
Ego4D / 1a0d3e22-a6d6-4723-91a0-52fc2c87d5ce / Game10,Ego4D,1a0d3e22-a6d6-4723-91a0-52fc2c87d5ce,Game10,"[""Zack"", ""Sean"", ""Hunter"", ""Jacob""]","[""Werewolf"", ""Villager"", ""Troublemaker"", ""Werewolf""]","[""Villager"", ""Werewolf"", ""Troublemaker"", ""Werewolf""]",True,player,"[""Sean"", ""Jacob""]",3,"{""Jacob"": 0.6666666666666666, ""Hunter"": 0.3333333333333333}",0.6666666666666666,0.6365141682948128,True,Jacob,True,True,,,
Ego4D / 1a0d3e22-a6d6-4723-91a0-52fc2c87d5ce / Game11,Ego4D,1a0d3e22-a6d6-4723-91a0-52fc2c87d5ce,Game11,"[""Zack"", ""Sean"", ""Hunter"", ""Jacob""]","[""Insomniac"", ""Werewolf"", ""Troublemaker"", ""Drunk""]","[""Drunk"", ""Werewolf"", ""Troublemaker"", ""Villager""]",True,player,"[""Sean""]",3,"{""Sean"": 0.6666666666666666, ""Zack"": 0.3333333333333333}",0.6666666666666666,0.6365141682948128,True,Sean,True,True,,,
Ego4D / 1a0d3e22-a6d6-4723-91a0-52fc2c87d5ce / Game6,Ego4D,1a0d3e22-a6d6-4723-91a0-52fc2c87d5ce,Game6,"[""Zack"", ""Sean"", ""Hunter"", ""Jacob""]","[""Robber"", ""Villager"", ""Villager"", ""Seer""]","[""Villager"", ""Robber"", ""Villager"", ""Seer""]",False,circle,[],3,"{""No Werewolf"": 1.0}",1.0,-0.0,True,No Werewolf,True,True,,,
Ego4D / 1a0d3e22-a6d6-4723-91a0-52fc2c87d5ce / Game7,Ego4D,1a0d3e22-a6d6-4723-91a0-52fc2c87d5ce,Game7,"[""Zack"", ""Sean"", ""Hunter"", ""Jacob""]","[""Werewolf"", ""Seer"", ""Troublemaker"", ""Robber""]","[""Seer"", ""Werewolf"", ""Robber"", ""Troublemaker""]",True,player,"[""Sean""]",3,"{""Sean"": 1.0}",1.0,-0.0,True,Sean,True,True,,,
Ego4D / 1a0d3e22-a6d6-4723-91a0-52fc2c87d5ce / Game8,Ego4D,1a0d3e22-a6d6-4723-91a0-52fc2c87d5ce,Game8,"[""Zack"", ""Sean"", ""Hunter"", ""Jacob""]","[""Robber"", ""Troublemaker"", ""Werewolf"", ""Villager""]","[""Werewolf"", ""Robber"", ""Troublemaker"", ""Villager""]",True,player,"[""Zack""]",3,"{""Hunter"": 0.3333333333333333, ""Zack"": 0.6666666666666666}",0.6666666666666666,0.6365141682948128,True,Zack,True,True,,,
Ego4D / 1a0d3e22-a6d6-4723-91a0-52fc2c87d5ce / Game9,Ego4D,1a0d3e22-a6d6-4723-91a0-52fc2c87d5ce,Game9,"[""Zack"", ""Sean"", ""Hunter"", ""Jacob""]","[""Werewolf"", ""Villager"", ""Villager"", ""Seer""]","[""Werewolf"", ""Villager"", ""Villager"", ""Seer""]",True,player,"[""Zack""]",3,"{""Sean"": 0.3333333333333333, ""Jacob"": 0.3333333333333333, ""Zack"": 0.3333333333333333}",0.3333333333333333,1.0986122886681096,True,,False,,,,
Ego4D / 2ba4023c-a8bf-43ad-ad5a-80ba222ce990 / Game10,Ego4D,2ba4023c-a8bf-43ad-ad5a-80ba222ce990,Game10,"[""Tyler"", ""Margaret"", ""Erin"", ""Clint""]","[""Werewolf"", ""Tanner"", ""Werewolf"", ""Robber""]","[""Werewolf"", ""Robber"", ""Werewolf"", ""Tanner""]",True,player,"[""Tyler"", ""Erin""]",3,"{""Clint"": 1.0}",0.0,-0.0,False,Clint,True,False,,,
Ego4D / 2ba4023c-a8bf-43ad-ad5a-80ba222ce990 / Game6,Ego4D,2ba4023c-a8bf-43ad-ad5a-80ba222ce990,Game6,"[""Tyler"", ""Margaret"", ""Erin"", ""Clint""]","[""Drunk"", ""Troublemaker"", ""Robber"", ""Werewolf""]","[""Werewolf"", ""Robber"", ""Drunk"", ""Werewolf""]",True,player,"[""Tyler"", ""Clint""]",3,"{""Clint"": 1.0}",1.0,-0.0,True,Clint,True,True,,,
Ego4D / 2ba4023c-a8bf-43ad-ad5a-80ba222ce990 / Game7,Ego4D,2ba4023c-a8bf-43ad-ad5a-80ba222ce990,Game7,"[""Tyler"", ""Margaret"", ""Erin"", ""Clint""]","[""Insomniac"", ""Robber"", ""Drunk"", ""Werewolf""]","[""Robber"", ""Insomniac"", ""Hunter"", ""Werewolf""]",True,player,"[""Clint""]",3,"{""Erin"": 1.0}",0.0,-0.0,False,Erin,True,False,,,
Ego4D / 2ba4023c-a8bf-43ad-ad5a-80ba222ce990 / Game8,Ego4D,2ba4023c-a8bf-43ad-ad5a-80ba222ce990,Game8,"[""Tyler"", ""Margaret"", ""Erin"", ""Clint""]","[""Werewolf"", ""Hunter"", ""Drunk"", ""Werewolf""]","[""Werewolf"", ""Hunter"", ""Troublemaker"", ""Werewolf""]",True,player,"[""Tyler"", ""Clint""]",2,"{""Tyler"": 1.0}",1.0,-0.0,True,Tyler,True,True,,,
Ego4D / 2ba4023c-a8bf-43ad-ad5a-80ba222ce990 / Game9,Ego4D,2ba4023c-a8bf-43ad-ad5a-80ba222ce990,Game9,"[""Tyler"", ""Margaret"", ""Erin"", ""Clint""]","[""Werewolf"", ""Robber"", ""Insomniac"", ""Hunter""]","[""Werewolf"", ""Hunter"", ""Insomniac"", ""Robber""]",True,player,"[""Tyler""]",3,"{""Tyler"": 1.0}",1.0,-0.0,True,Tyler,True,True,,,
Ego4D / 324bccd2-adff-4e9a-8ff4-03491e144ac3 / Game1,Ego4D,324bccd2-adff-4e9a-8ff4-03491e144ac3,Game1,"[""Zack"", ""Sean"", ""Hunter"", ""Jacob""]","[""Troublemaker"", ""Werewolf"", ""Villager"", ""Villager""]","[""Troublemaker"", ""Villager"", ""Werewolf"", ""Villager""]",True,player,"[""Hunter""]",3,"{""Hunter"": 0.6666666666666666, ""No Werewolf"": 0.3333333333333333}",0.6666666666666666,0.6365141682948128,True,Hunter,True,True,,,
Ego4D / 324bccd2-adff-4e9a-8ff4-03491e144ac3 / Game2,Ego4D,324bccd2-adff-4e9a-8ff4-03491e144ac3,Game2,"[""Zack"", ""Sean"", ""Hunter"", ""Jacob""]","[""Robber"", ""Seer"", ""Werewolf"", ""Troublemaker""]","[""Werewolf"", ""Robber"", ""Seer"", ""Troublemaker""]",True,player,"[""Zack""]",3,"{""Sean"": 1.0}",0.0,-0.0,False,Sean,True,False,,,
Ego4D / 324bccd2-adff-4e9a-8ff4-03491e144ac3 / Game3,Ego4D,324bccd2-adff-4e9a-8ff4-03491e144ac3,Game3,"[""Zack"", ""Sean"", ""Hunter"", ""Jacob""]","[""Seer"", ""Troublemaker"", ""Robber"", ""Werewolf""]","[""Seer"", ""Troublemaker"", ""Robber"", ""Werewolf""]",True,player,"[""Jacob""]",3,"{""No Werewolf"": 1.0}",0.0,-0.0,False,No Werewolf,True,False,,,
Ego4D / 324bccd2-adff-4e9a-8ff4-03491e144ac3 / Game4,Ego4D,324bccd2-adff-4e9a-8ff4-03491e144ac3,Game4,"[""Zack"", ""Sean"", ""Hunter"", ""Jacob""]","[""Werewolf"", ""Troublemaker"", ""Robber"", ""Werewolf""]","[""Troublemaker"", ""Robber"", ""Werewolf"", ""Werewolf""]",True,player,"[""Hunter"", ""Jacob""]",3,"{""No Werewolf"": 0.6666666666666666, ""Jacob"": 0.3333333333333333}",0.3333333333333333,0.6365141682948128,True,No Werewolf,True,False,,,
Ego4D / 324bccd2-adff-4e9a-8ff4-03491e144ac3 / Game5,Ego4D,324bccd2-adff-4e9a-8ff4-03491e144ac3,Game5,"[""Zack"", ""Sean"", ""Hunter"", ""Jacob""]","[""Villager"", ""Werewolf"", ""Troublemaker"", ""Werewolf""]","[""Villager"", ""Werewolf"", ""Troublemaker"", ""Werewolf""]",True,player,"[""Sean"", ""Jacob""]",3,"{""Sean"": 1.0}",1.0,-0.0,True,Sean,True,True,,,
Ego4D / 3ba069be-60fa-47fc-bd7b-f85bf649a5bd / Game1,Ego4D,3ba069be-60fa-47fc-bd7b-f85bf649a5bd,Game1,"[""Kevin"", ""Kaelan"", ""Jessica"", ""Daniel""]","[""Robber"", ""Troublemaker"", ""Werewolf"", ""Drunk""]","[""Werewolf"", ""Robber"", ""Troublemaker"", ""Center Card""]",True,player,"[""Kevin""]",3,"{""Kaelan"": 0.3333333333333333, ""Jessica"": 0.6666666666666666}",0.0,0.6365141682948128,False,Jessica,True,False,,,
Ego4D / 3ba069be-60fa-47fc-bd7b-f85bf649a5bd / Game2,Ego4D,3ba069be-60fa-47fc-bd7b-f85bf649a5bd,Game2,"[""Kevin"", ""Kaelan"", ""Jessica"", ""Daniel""]","[""Troublemaker"", ""Robber"", ""Minion"", ""Villager""]","[""Troublemaker"", ""Minion"", ""Villager"", ""Robber""]",False,circle,[],3,"{""No Werewolf"": 1.0}",1.0,-0.0,True,No Werewolf,True,True,,,
Ego4D / 3ba069be-60fa-47fc-bd7b-f85bf649a5bd / Game3,Ego4D,3ba069be-60fa-47fc-bd7b-f85bf649a5bd,Game3,"[""Kevin"", ""Kaelan"", ""Jessica"", ""Daniel""]","[""Minion"", ""Troublemaker"", ""Doppelganger"", ""Werewolf""]","[""Doppelganger"", ""Troublemaker"", ""Werewolf"", ""Minion""]",True,player,"[""Jessica""]",3,"{""Jessica"": 0.3333333333333333, ""Daniel"": 0.6666666666666666}",0.3333333333333333,0.6365141682948128,True,Daniel,True,False,,,
Ego4D / 3ba069be-60fa-47fc-bd7b-f85bf649a5bd / Game4,Ego4D,3ba069be-60fa-47fc-bd7b-f85bf649a5bd,Game4,"[""Kevin"", ""Kaelan"", ""Jessica"", ""Daniel""]","[""Troublemaker"", ""Seer"", ""Robber"", ""Minion""]","[""Troublemaker"", ""Minion"", ""Seer"", ""Robber""]",False,circle,[],3,"{""Daniel"": 1.0}",0.0,-0.0,False,Daniel,True,False,,,
Ego4D / 3ba069be-60fa-47fc-bd7b-f85bf649a5bd / Game5,Ego4D,3ba069be-60fa-47fc-bd7b-f85bf649a5bd,Game5,"[""Kevin"", ""Kaelan"", ""Jessica"", ""Daniel""]","[""Troublemaker"", ""Drunk"", ""Tanner"", ""Robber""]","[""Robber"", ""Center Card"", ""Troublemaker"", ""Tanner""]",False,circle,[],3,"{""Daniel"": 1.0}",0.0,-0.0,False,Daniel,True,False,,,
Ego4D / 3ba069be-60fa-47fc-bd7b-f85bf649a5bd / Game6,Ego4D,3ba069be-60fa-47fc-bd7b-f85bf649a5bd,Game6,"[""Kevin"", ""Kaelan"", ""Jessica"", ""Daniel""]","[""Doppelganger"", ""Robber"", ""Insomniac"", ""Drunk""]","[""Robber"", ""Center Card"", ""Insomniac"", ""Center Card""]",False,circle,[],3,"{""Kaelan"": 0.6666666666666666, ""Kevin"": 0.3333333333333333}",0.0,0.6365141682948128,False,Kaelan,True,False,,,
Ego4D / 62c4bc58-3776-4791-ac30-4c9ca5619503 / Game10,Ego4D,62c4bc58-3776-4791-ac30-4c9ca5619503,Game10,"[""Kevin"", ""Kaelan"", ""Jessica"", ""Daniel""]","[""Minion"", ""Villager"", ""Villager"", ""Werewolf""]","[""Minion"", ""Villager"", ""Villager"", ""Werewolf""]",True,player,"[""Daniel""]",3,"{""No Werewolf"": 0.6666666666666666, ""Daniel"": 0.3333333333333333}",0.3333333333333333,0.6365141682948128,True,No Werewolf,True,False,,,
Ego4D / 62c4bc58-3776-4791-ac30-4c9ca5619503 / Game11,Ego4D,62c4bc58-3776-4791-ac30-4c9ca5619503,Game11,"[""Kevin"", ""Kaelan"", ""Jessica"", ""Daniel""]","[""Villager"", ""Villager"", ""Minion"", ""Werewolf""]","[""Villager"", ""Villager"", ""Minion"", ""Werewolf""]",True,player,"[""Daniel""]",3,"{""Jessica"": 0.6666666666666666, ""Kevin"": 0.3333333333333333}",0.0,0.6365141682948128,False,Jessica,True,False,,,
Ego4D / 62c4bc58-3776-4791-ac30-4c9ca5619503 / Game12,Ego4D,62c4bc58-3776-4791-ac30-4c9ca5619503,Game12,"[""Kevin"", ""Kaelan"", ""Jessica"", ""Daniel""]","[""Mason"", ""Troublemaker"", ""Minion"", ""Seer""]","[""Seer"", ""Troublemaker"", ""Minion"", ""Mason""]",False,circle,[],3,"{""Kaelan"": 0.3333333333333333, ""Jessica"": 0.6666666666666666}",0.0,0.6365141682948128,False,Jessica,True,False,,,
Ego4D / 62c4bc58-3776-4791-ac30-4c9ca5619503 / Game7,Ego4D,62c4bc58-3776-4791-ac30-4c9ca5619503,Game7,"[""Kevin"", ""Kaelan"", ""Jessica"", ""Daniel""]","[""Seer"", ""Drunk"", ""Werewolf"", ""Werewolf""]","[""Seer"", ""Center Card"", ""Werewolf"", ""Werewolf""]",True,player,"[""Jessica"", ""Daniel""]",3,"{""Jessica"": 0.6666666666666666, ""Kevin"": 0.3333333333333333}",0.6666666666666666,0.6365141682948128,True,Jessica,True,True,,,
Ego4D / 62c4bc58-3776-4791-ac30-4c9ca5619503 / Game8,Ego4D,62c4bc58-3776-4791-ac30-4c9ca5619503,Game8,"[""Kevin"", ""Kaelan"", ""Jessica"", ""Daniel""]","[""Seer"", ""Robber"", ""Minion"", ""Drunk""]","[""Seer"", ""Drunk"", ""Minion"", ""Center Card""]",False,circle,[],3,"{""No Werewolf"": 0.6666666666666666, ""Kevin"": 0.3333333333333333}",0.6666666666666666,0.6365141682948128,True,No Werewolf,True,True,,,
Ego4D / 62c4bc58-3776-4791-ac30-4c9ca5619503 / Game9,Ego4D,62c4bc58-3776-4791-ac30-4c9ca5619503,Game9,"[""Kevin"", ""Kaelan"", ""Jessica"", ""Daniel""]","[""Troublemaker"", ""Doppelganger"", ""Werewolf"", ""Robber""]","[""Troublemaker"", ""Robber"", ""Werewolf"", ""Doppelganger""]",True,player,"[""Jessica""]",3,"{""Daniel"": 1.0}",0.0,-0.0,False,Daniel,True,False,,,
Ego4D / 64076f60-f3fc-4ee6-93e1-3489d8ec7b12 / Game3,Ego4D,64076f60-f3fc-4ee6-93e1-3489d8ec7b12,Game3,"[""Erin"", ""Sebastian"", ""Jack"", ""Brent"", ""Hailey""]","[""Troublemaker"", ""Moderator"", ""Werewolf"", ""Villager"", ""Robber""]","[""Troublemaker"", ""Moderator"", ""Robber"", ""Werewolf"", ""Villager""]",True,player,"[""Brent""]",3,"{""Brent"": 1.0}",1.0,-0.0,True,Brent,True,True,,,
Ego4D / 698f6bbe-4347-4a06-bd5d-3482f5e4fbbe / Game1,Ego4D,698f6bbe-4347-4a06-bd5d-3482f5e4fbbe,Game1,"[""Elliot"", ""Ashley"", ""James"", ""Chris"", ""Sukeshi"", ""Sian""]","[""Robber"", ""Werewolf"", ""Werewolf"", ""Minion"", ""Troublemaker"", ""Drunk""]","[""Werewolf"", ""Werewolf"", ""Robber"", ""Drunk"", ""Troublemaker"", ""Seer""]",True,player,"[""Elliot"", ""Ashley""]",3,"{""James"": 1.0}",0.0,-0.0,False,James,True,False,,,
Ego4D / 698f6bbe-4347-4a06-bd5d-3482f5e4fbbe / Game2,Ego4D,698f6bbe-4347-4a06-bd5d-3482f5e4fbbe,Game2,"[""Elliot"", ""Ashley"", ""James"", ""Chris"", ""Sukeshi"", ""Sian""]","[""Villager"", ""Troublemaker"", ""Robber"", ""Seer"", ""Werewolf"", ""Hunter""]","[""Seer"", ""Troublemaker"", ""Hunter"", ""Villager"", ""Werewolf"", ""Robber""]",True,player,"[""Sukeshi""]",3,"{""Elliot"": 0.3333333333333333, ""Sukeshi"": 0.3333333333333333, ""Ashley"": 0.3333333333333333}",0.3333333333333333,1.0986122886681096,True,,False,,,,
Ego4D / 698f6bbe-4347-4a06-bd5d-3482f5e4fbbe / Game3,Ego4D,698f6bbe-4347-4a06-bd5d-3482f5e4fbbe,Game3,"[""Elliot"", ""Ashley"", ""James"", ""Chris"", ""Sukeshi"", ""Sian""]","[""Hunter"", ""Troublemaker"", ""Drunk"", ""Robber"", ""Seer"", ""Villager""]","[""Robber"", ""Troublemaker"", ""Werewolf"", ""Hunter"", ""Villager"", ""Seer""]",True,player,"[""James""]",3,"{""James"": 1.0}",1.0,-0.0,True,James,True,True,,,
Youtube / Flashback##ONE#NIGHT#ULTIMATE#WEREWOLF##Retro#9 / Game1,Youtube,Flashback##ONE#NIGHT#ULTIMATE#WEREWOLF##Retro#9,Game1,"[""Justin"", ""Laura"", ""Paul"", ""James"", ""Mitchell""]","[""Werewolf"", ""Villager"", ""Villager"", ""Robber"", ""Insomniac""]","[""Werewolf"", ""Villager"", ""Robber"", ""Villager"", ""Insomniac""]",True,player,"[""Justin""]",3,"{""Mitchell"": 1.0}",0.0,-0.0,False,Mitchell,True,False,,,
Youtube / Flashback##ONE#NIGHT#ULTIMATE#WEREWOLF##Retro#9 / Game2,Youtube,Flashback##ONE#NIGHT#ULTIMATE#WEREWOLF##Retro#9,Game2,"[""Justin"", ""Laura"", ""Paul"", ""James"", ""Mitchell""]","[""Troublemaker"", ""Werewolf"", ""Villager"", ""Villager"", ""Seer""]","[""Troublemaker"", ""Werewolf"", ""Seer"", ""Villager"", ""Villager""]",True,player,"[""Laura""]",3,"{""James"": 1.0}",0.0,-0.0,False,James,True,False,,,
Youtube / Flashback##ONE#NIGHT#ULTIMATE#WEREWOLF##Retro#9 / Game3,Youtube,Flashback##ONE#NIGHT#ULTIMATE#WEREWOLF##Retro#9,Game3,"[""Justin"", ""Laura"", ""Paul"", ""James"", ""Mitchell""]","[""Troublemaker"", ""Seer"", ""Werewolf"", ""Villager"", ""Robber""]","[""Troublemaker"", ""Villager"", ""Robber"", ""Seer"", ""Werewolf""]",True,player,"[""Mitchell""]",3,"{""Laura"": 0.3333333333333333, ""No Werewolf"": 0.6666666666666666}",0.0,0.6365141682948128,False,No Werewolf,True,False,,,
Youtube / Flashback##ONE#NIGHT#ULTIMATE#WEREWOLF##Retro#9 / Game4,Youtube,Flashback##ONE#NIGHT#ULTIMATE#WEREWOLF##Retro#9,Game4,"[""Justin"", ""Laura"", ""Paul"", ""James"", ""Mitchell""]","[""Troublemaker"", ""Villager"", ""Robber"", ""Seer"", ""Villager""]","[""Troublemaker"", ""Villager"", ""Villager"", ""Seer"", ""Robber""]",False,circle,[],3,"{""Paul"": 0.6666666666666666, ""James"": 0.3333333333333333}",0.0,0.6365141682948128,False,Paul,True,False,,,
Youtube / Flashback##ONE#NIGHT#ULTIMATE#WEREWOLF##Retro#9 / Game5,Youtube,Flashback##ONE#NIGHT#ULTIMATE#WEREWOLF##Retro#9,Game5,"[""Justin"", ""Laura"", ""Paul"", ""James"", ""Mitchell""]","[""Insomniac"", ""Werewolf"", ""Werewolf"", ""Seer"", ""Villager""]","[""Insomniac"", ""Werewolf"", ""Werewolf"", ""Seer"", ""Villager""]",True,player,"[""Laura"", ""Paul""]",3,"{""Mitchell"": 1.0}",0.0,-0.0,False,Mitchell,True,False,,,
Youtube / ONE#NIGHT#ULTIMATE#WEREWOLF##Retro#1 / Game1,Youtube,ONE#NIGHT#ULTIMATE#WEREWOLF##Retro#1,Game1,"[""Justin"", ""Alvin"", ""James"", ""Mitchell""]","[""Robber"", ""Villager"", ""Villager"", ""Werewolf""]","[""Villager"", ""Villager"", ""Robber"", ""Werewolf""]",True,player,"[""Mitchell""]",3,"{""Mitchell"": 1.0}",1.0,-0.0,True,Mitchell,True,True,,,
Youtube / ONE#NIGHT#ULTIMATE#WEREWOLF##Retro#1 / Game10,Youtube,ONE#NIGHT#ULTIMATE#WEREWOLF##Retro#1,Game10,"[""Justin"", ""Alvin"", ""James"", ""Mitchell""]","[""Werewolf"", ""Seer"", ""Tanner"", ""Robber""]","[""Robber"", ""Seer"", ""Tanner"", ""Werewolf""]",True,player,"[""Mitchell""]",3,"{""Justin"": 1.0}",0.0,-0.0,False,Justin,True,False,,,
Youtube / ONE#NIGHT#ULTIMATE#WEREWOLF##Retro#1 / Game2,Youtube,ONE#NIGHT#ULTIMATE#WEREWOLF##Retro#1,Game2,"[""Justin"", ""Alvin"", ""James"", ""Mitchell""]","[""Werewolf"", ""Robber"", ""Villager"", ""Villager""]","[""Werewolf"", ""Villager"", ""Robber"", ""Villager""]",True,player,"[""Justin""]",3,"{""Mitchell"": 1.0}",0.0,-0.0,False,Mitchell,True,False,,,
Youtube / ONE#NIGHT#ULTIMATE#WEREWOLF##Retro#1 / Game3,Youtube,ONE#NIGHT#ULTIMATE#WEREWOLF##Retro#1,Game3,"[""Justin"", ""Alvin"", ""James"", ""Mitchell""]","[""Werewolf"", ""Seer"", ""Villager"", ""Robber""]","[""Robber"", ""Seer"", ""Villager"", ""Werewolf""]",True,player,"[""Mitchell""]",3,"{""Justin"": 1.0}",0.0,-0.0,False,Justin,True,False,,,
Youtube / ONE#NIGHT#ULTIMATE#WEREWOLF##Retro#1 / Game4,Youtube,ONE#NIGHT#ULTIMATE#WEREWOLF##Retro#1,Game4,"[""Justin"", ""Alvin"", ""James"", ""Mitchell""]","[""Werewolf"", ""Seer"", ""Villager"", ""Robber""]","[""Robber"", ""Seer"", ""Villager"", ""Werewolf""]",True,player,"[""Mitchell""]",3,"{""James"": 1.0}",0.0,-0.0,False,James,True,False,,,
Youtube / ONE#NIGHT#ULTIMATE#WEREWOLF##Retro#1 / Game5,Youtube,ONE#NIGHT#ULTIMATE#WEREWOLF##Retro#1,Game5,"[""Justin"", ""Alvin"", ""James"", ""Mitchell""]","[""Villager"", ""Werewolf"", ""Villager"", ""Robber""]","[""Villager"", ""Robber"", ""Villager"", ""Werewolf""]",True,player,"[""Mitchell""]",3,"{""Mitchell"": 1.0}",1.0,-0.0,True,Mitchell,True,True,,,
Youtube / ONE#NIGHT#ULTIMATE#WEREWOLF##Retro#1 / Game6,Youtube,ONE#NIGHT#ULTIMATE#WEREWOLF##Retro#1,Game6,"[""Justin"", ""Alvin"", ""James"", ""Mitchell""]","[""Robber"", ""Seer"", ""Hunter"", ""Werewolf""]","[""Werewolf"", ""Seer"", ""Hunter"", ""Robber""]",True,player,"[""Justin""]",3,"{""Justin"": 1.0}",1.0,-0.0,True,Justin,True,True,,,
Youtube / ONE#NIGHT#ULTIMATE#WEREWOLF##Retro#1 / Game7,Youtube,ONE#NIGHT#ULTIMATE#WEREWOLF##Retro#1,Game7,"[""Justin"", ""Alvin"", ""James"", ""Mitchell""]","[""Seer"", ""Robber"", ""Werewolf"", ""Drunk""]","[""Seer"", ""Drunk"", ""Werewolf"", ""Werewolf""]",True,player,"[""James"", ""Mitchell""]",3,"{""James"": 1.0}",1.0,-0.0,True,James,True,True,,,
Youtube / ONE#NIGHT#ULTIMATE#WEREWOLF##Retro#1 / Game8,Youtube,ONE#NIGHT#ULTIMATE#WEREWOLF##Retro#1,Game8,"[""Justin"", ""Alvin"", ""James"", ""Mitchell""]","[""Robber"", ""Werewolf"", ""Villager"", ""Werewolf""]","[""Villager"", ""Werewolf"", ""Robber"", ""Werewolf""]",True,player,"[""Alvin"", ""Mitchell""]",3,"{""Alvin"": 1.0}",1.0,-0.0,True,Alvin,True,True,,,
Youtube / ONE#NIGHT#ULTIMATE#WEREWOLF##Retro#1 / Game9,Youtube,ONE#NIGHT#ULTIMATE#WEREWOLF##Retro#1,Game9,"[""Justin"", ""Alvin"", ""James"", ""Mitchell""]","[""Seer"", ""Villager"", ""Robber"", ""Werewolf""]","[""Seer"", ""Robber"", ""Villager"", ""Werewolf""]",True,player,"[""Mitchell""]",3,"{""Justin"": 0.6666666666666666, ""Mitchell"": 0.3333333333333333}",0.3333333333333333,0.6365141682948128,True,Justin,True,False,,,
Youtube / ONE#NIGHT#ULTIMATE#WEREWOLF##Retro#2 / Game1,Youtube,ONE#NIGHT#ULTIMATE#WEREWOLF##Retro#2,Game1,"[""Justin"", ""Dan"", ""Mitchell"", ""Caitlynn"", ""Mike""]","[""Werewolf"", ""Troublemaker"", ""Seer"", ""Villager"", ""Villager""]","[""Villager"", ""Troublemaker"", ""Seer"", ""Werewolf"", ""Villager""]",True,player,"[""Caitlynn""]",3,"{""Caitlynn"": 1.0}",1.0,-0.0,True,Caitlynn,True,True,,,
Youtube / ONE#NIGHT#ULTIMATE#WEREWOLF##Retro#2 / Game2,Youtube,ONE#NIGHT#ULTIMATE#WEREWOLF##Retro#2,Game2,"[""Justin"", ""Dan"", ""Mitchell"", ""Caitlynn"", ""Mike""]","[""Seer"", ""Villager"", ""Villager"", ""Robber"", ""Troublemaker""]","[""Villager"", ""Seer"", ""Robber"", ""Villager"", ""Troublemaker""]",False,circle,[],3,"{""Mike"": 0.6666666666666666, ""No Werewolf"": 0.3333333333333333}",0.3333333333333333,0.6365141682948128,True,Mike,True,False,,,
Youtube / ONE#NIGHT#ULTIMATE#WEREWOLF##Retro#2 / Game3,Youtube,ONE#NIGHT#ULTIMATE#WEREWOLF##Retro#2,Game3,"[""Justin"", ""Dan"", ""Mitchell"", ""Caitlynn"", ""Mike""]","[""Werewolf"", ""Villager"", ""Robber"", ""Villager"", ""Troublemaker""]","[""Werewolf"", ""Villager"", ""Robber"", ""Villager"", ""Troublemaker""]",True,player,"[""Justin""]",3,"{""Justin"": 1.0}",1.0,-0.0,True,Justin,True,True,,,
Youtube / ONE#NIGHT#ULTIMATE#WEREWOLF##Retro#2 / Game4,Youtube,ONE#NIGHT#ULTIMATE#WEREWOLF##Retro#2,Game4,"[""Justin"", ""Dan"", ""Mitchell"", ""Caitlynn"", ""Mike""]","[""Robber"", ""Seer"", ""Villager"", ""Villager"", ""Werewolf""]","[""Villager"", ""Seer"", ""Villager"", ""Robber"", ""Werewolf""]",True,player,"[""Mike""]",3,"{""Mike"": 1.0}",1.0,-0.0,True,Mike,True,True,,,
Youtube / ONE#NIGHT#ULTIMATE#WEREWOLF##Retro#2 / Game5,Youtube,ONE#NIGHT#ULTIMATE#WEREWOLF##Retro#2,Game5,"[""Justin"", ""Dan"", ""Mitchell"", ""Caitlynn"", ""Mike""]","[""Seer"", ""Robber"", ""Tanner"", ""Werewolf"", ""Troublemaker""]","[""Robber"", ""Tanner"", ""Seer"", ""Werewolf"", ""Troublemaker""]",True,player,"[""Caitlynn""]",3,"{""Justin"": 1.0}",0.0,-0.0,False,Justin,True,False,,,
Youtube / ONE#NIGHT#ULTIMATE#WEREWOLF##Retro#2 / Game6,Youtube,ONE#NIGHT#ULTIMATE#WEREWOLF##Retro#2,Game6,"[""Justin"", ""Dan"", ""Mitchell"", ""Caitlynn"", ""Mike""]","[""Tanner"", ""Seer"", ""Werewolf"", ""Troublemaker"", ""Werewolf""]","[""Werewolf"", ""Seer"", ""Tanner"", ""Troublemaker"", ""Werewolf""]",True,player,"[""Justin"", ""Mike""]",3,"{""Justin"": 1.0}",1.0,-0.0,True,Justin,True,True,,,
Youtube / ONE#NIGHT#ULTIMATE#WEREWOLF##Retro#2 / Game7,Youtube,ONE#NIGHT#ULTIMATE#WEREWOLF##Retro#2,Game7,"[""Justin"", ""Dan"", ""Mitchell"", ""Caitlynn"", ""Mike""]","[""Robber"", ""Seer"", ""Werewolf"", ""Werewolf"", ""Villager""]","[""Seer"", ""Robber"", ""Werewolf"", ""Werewolf"", ""Villager""]",True,player,"[""Mitchell"", ""Caitlynn""]",3,"{""Caitlynn"": 0.6666666666666666, ""Justin"": 0.3333333333333333}",0.6666666666666666,0.6365141682948128,True,Caitlynn,True,True,,,
Youtube / ONE#NIGHT#ULTIMATE#WEREWOLF##Retro#2 / Game8,Youtube,ONE#NIGHT#ULTIMATE#WEREWOLF##Retro#2,Game8,"[""Justin"", ""Dan"", ""Mitchell"", ""Caitlynn"", ""Mike""]","[""Drunk"", ""Werewolf"", ""Robber"", ""Tanner"", ""Villager""]","[""Seer"", ""Werewolf"", ""Robber"", ""Tanner"", ""Villager""]",True,player,"[""Dan""]",3,"{""Dan"": 0.3333333333333333, ""No Werewolf"": 0.6666666666666666}",0.3333333333333333,0.6365141682948128,True,No Werewolf,True,False,,,
Youtube / ONE#NIGHT#ULTIMATE#WEREWOLF##Retro#3 / Game2,Youtube,ONE#NIGHT#ULTIMATE#WEREWOLF##Retro#3,Game2,"[""Justin"", ""Mike"", ""James"", ""Mitchell""]","[""Villager"", ""Villager"", ""Werewolf"", ""Robber""]","[""Villager"", ""Villager"", ""Robber"", ""Werewolf""]",True,player,"[""Mitchell""]",3,"{""Mike"": 1.0}",0.0,-0.0,False,Mike,True,False,,,
Youtube / ONE#NIGHT#ULTIMATE#WEREWOLF##Retro#3 / Game3,Youtube,ONE#NIGHT#ULTIMATE#WEREWOLF##Retro#3,Game3,"[""Justin"", ""Mike"", ""James"", ""Mitchell""]","[""Villager"", ""Robber"", ""Villager"", ""Seer""]","[""Villager"", ""Seer"", ""Villager"", ""Robber""]",False,circle,[],3,"{""James"": 0.3333333333333333, ""No Werewolf"": 0.6666666666666666}",0.6666666666666666,0.6365141682948128,True,No Werewolf,True,True,,,
Youtube / ONE#NIGHT#ULTIMATE#WEREWOLF##Retro#3 / Game4,Youtube,ONE#NIGHT#ULTIMATE#WEREWOLF##Retro#3,Game4,"[""Justin"", ""Mike"", ""James"", ""Mitchell""]","[""Insomniac"", ""Werewolf"", ""Villager"", ""Tanner""]","[""Insomniac"", ""Werewolf"", ""Villager"", ""Tanner""]",True,player,"[""Mike""]",3,"{""Mike"": 0.6666666666666666, ""Mitchell"": 0.3333333333333333}",0.6666666666666666,0.6365141682948128,True,Mike,True,True,,,
Youtube / ONE#NIGHT#ULTIMATE#WEREWOLF##Retro#3 / Game5,Youtube,ONE#NIGHT#ULTIMATE#WEREWOLF##Retro#3,Game5,"[""Justin"", ""Mike"", ""James"", ""Mitchell""]","[""Troublemaker"", ""Werewolf"", ""Insomniac"", ""Tanner""]","[""Troublemaker"", ""Werewolf"", ""Villager"", ""Insomniac""]",True,player,"[""Mike""]",3,"{""James"": 1.0}",0.0,-0.0,False,James,True,False,,,
Youtube / ONE#NIGHT#ULTIMATE#WEREWOLF##Retro#3 / Game6,Youtube,ONE#NIGHT#ULTIMATE#WEREWOLF##Retro#3,Game6,"[""Justin"", ""Mike"", ""James"", ""Mitchell""]","[""Tanner"", ""Werewolf"", ""Troublemaker"", ""Insomniac""]","[""Insomniac"", ""Werewolf"", ""Troublemaker"", ""Tanner""]",True,player,"[""Mike""]",3,"{""Mike"": 0.6666666666666666, ""No Werewolf"": 0.3333333333333333}",0.6666666666666666,0.6365141682948128,True,Mike,True,True,,,
Youtube / ONE#NIGHT#ULTIMATE#WEREWOLF##Retro#3 / Game7,Youtube,ONE#NIGHT#ULTIMATE#WEREWOLF##Retro#3,Game7,"[""Justin"", ""Mike"", ""James"", ""Mitchell""]","[""Seer"", ""Troublemaker"", ""Tanner"", ""Werewolf""]","[""Tanner"", ""Troublemaker"", ""Seer"", ""Werewolf""]",True,player,"[""Mitchell""]",3,"{""Mitchell"": 1.0}",1.0,-0.0,True,Mitchell,True,True,,,
Youtube / ONE#NIGHT#ULTIMATE#WEREWOLF##Retro#3 / Game8,Youtube,ONE#NIGHT#ULTIMATE#WEREWOLF##Retro#3,Game8,"[""Justin"", ""Mike"", ""James"", ""Mitchell""]","[""Troublemaker"", ""Tanner"", ""Seer"", ""Insomniac""]","[""Troublemaker"", ""Insomniac"", ""Seer"", ""Tanner""]",False,circle,[],3,"{""No Werewolf"": 1.0}",1.0,-0.0,True,No Werewolf,True,True,,,
Youtube / ONE#NIGHT#ULTIMATE#WEREWOLF##Retro#4 / Game10,Youtube,ONE#NIGHT#ULTIMATE#WEREWOLF##Retro#4,Game10,"[""Justin"", ""Caitlynn"", ""Mike"", ""James"", ""Mitchell""]","[""Werewolf"", ""Troublemaker"", ""Seer"", ""Werewolf"", ""Drunk""]","[""Werewolf"", ""Troublemaker"", ""Werewolf"", ""Seer"", ""Robber""]",True,player,"[""Justin"", ""Mike""]",3,"{""Mitchell"": 1.0}",0.0,-0.0,False,Mitchell,True,False,,,
Youtube / ONE#NIGHT#ULTIMATE#WEREWOLF##Retro#4 / Game11,Youtube,ONE#NIGHT#ULTIMATE#WEREWOLF##Retro#4,Game11,"[""Justin"", ""Caitlynn"", ""Mike"", ""James"", ""Mitchell""]","[""Werewolf"", ""Insomniac"", ""Drunk"", ""Troublemaker"", ""Minion""]","[""Werewolf"", ""Minion"", ""Robber"", ""Troublemaker"", ""Insomniac""]",True,player,"[""Justin""]",3,"{""Justin"": 1.0}",1.0,-0.0,True,Justin,True,True,,,
Youtube / ONE#NIGHT#ULTIMATE#WEREWOLF##Retro#4 / Game3,Youtube,ONE#NIGHT#ULTIMATE#WEREWOLF##Retro#4,Game3,"[""Justin"", ""Caitlynn"", ""Mike"", ""James"", ""Mitchell""]","[""Troublemaker"", ""Drunk"", ""Seer"", ""Insomniac"", ""Werewolf""]","[""Troublemaker"", ""Werewolf"", ""Insomniac"", ""Seer"", ""Werewolf""]",True,player,"[""Caitlynn"", ""Mitchell""]",3,"{""Mitchell"": 0.3333333333333333, ""Mike"": 0.6666666666666666}",0.3333333333333333,0.6365141682948128,True,Mike,True,False,,,
Youtube / ONE#NIGHT#ULTIMATE#WEREWOLF##Retro#4 / Game4,Youtube,ONE#NIGHT#ULTIMATE#WEREWOLF##Retro#4,Game4,"[""Justin"", ""Caitlynn"", ""Mike"", ""James"", ""Mitchell""]","[""Insomniac"", ""Minion"", ""Werewolf"", ""Troublemaker"", ""Drunk""]","[""Werewolf"", ""Minion"", ""Insomniac"", ""Troublemaker"", ""Robber""]",True,player,"[""Justin""]",3,"{""Caitlynn"": 0.3333333333333333, ""Mitchell"": 0.6666666666666666}",0.0,0.6365141682948128,False,Mitchell,True,False,,,
Youtube / ONE#NIGHT#ULTIMATE#WEREWOLF##Retro#4 / Game5,Youtube,ONE#NIGHT#ULTIMATE#WEREWOLF##Retro#4,Game5,"[""Justin"", ""Caitlynn"", ""Mike"", ""James"", ""Mitchell""]","[""Werewolf"", ""Drunk"", ""Seer"", ""Robber"", ""Insomniac""]","[""Robber"", ""Minion"", ""Seer"", ""Werewolf"", ""Insomniac""]",True,player,"[""James""]",3,"{""James"": 1.0}",1.0,-0.0,True,James,True,True,,,
Youtube / ONE#NIGHT#ULTIMATE#WEREWOLF##Retro#4 / Game6,Youtube,ONE#NIGHT#ULTIMATE#WEREWOLF##Retro#4,Game6,"[""Justin"", ""Caitlynn"", ""Mike"", ""James"", ""Mitchell""]","[""Insomniac"", ""Werewolf"", ""Troublemaker"", ""Minion"", ""Drunk""]","[""Insomniac"", ""Drunk"", ""Troublemaker"", ""Minion"", ""Robber""]",False,circle,[],3,"{""Caitlynn"": 0.3333333333333333, ""Mitchell"": 0.6666666666666666}",0.0,0.6365141682948128,False,Mitchell,True,False,,,
Youtube / ONE#NIGHT#ULTIMATE#WEREWOLF##Retro#4 / Game7,Youtube,ONE#NIGHT#ULTIMATE#WEREWOLF##Retro#4,Game7,"[""Justin"", ""Caitlynn"", ""Mike"", ""James"", ""Mitchell""]","[""Minion"", ""Drunk"", ""Seer"", ""Troublemaker"", ""Robber""]","[""Drunk"", ""Insomniac"", ""Seer"", ""Troublemaker"", ""Minion""]",False,circle,[],3,"{""No Werewolf"": 0.3333333333333333, ""Justin"": 0.6666666666666666}",0.3333333333333333,0.6365141682948128,True,Justin,True,False,,,
Youtube / ONE#NIGHT#ULTIMATE#WEREWOLF##Retro#4 / Game9,Youtube,ONE#NIGHT#ULTIMATE#WEREWOLF##Retro#4,Game9,"[""Justin"", ""Caitlynn"", ""Mike"", ""James"", ""Mitchell""]","[""Minion"", ""Drunk"", ""Seer"", ""Werewolf"", ""Insomniac""]","[""Minion"", ""Werewolf"", ""Seer"", ""Werewolf"", ""Insomniac""]",True,player,"[""Caitlynn"", ""James""]",3,"{""Justin"": 1.0}",0.0,-0.0,False,Justin,True,False,,,
Youtube / ONE#NIGHT#ULTIMATE#WEREWOLF##Retro#5 / Game1,Youtube,ONE#NIGHT#ULTIMATE#WEREWOLF##Retro#5,Game1,"[""Justin"", ""Paul"", ""Mitchell""]","[""Troublemaker"", ""Villager"", ""Seer""]","[""Troublemaker"", ""Seer"", ""Villager""]",False,circle,[],3,"{""Mitchell"": 0.6666666666666666, ""No Werewolf"": 0.3333333333333333}",0.3333333333333333,0.6365141682948128,True,Mitchell,True,False,,,
Youtube / ONE#NIGHT#ULTIMATE#WEREWOLF##Retro#5 / Game2,Youtube,ONE#NIGHT#ULTIMATE#WEREWOLF##Retro#5,Game2,"[""Justin"", ""Paul"", ""Mitchell""]","[""Werewolf"", ""Troublemaker"", ""Villager""]","[""Villager"", ""Troublemaker"", ""Werewolf""]",True,player,"[""Mitchell""]",3,"{""Mitchell"": 0.3333333333333333, ""Justin"": 0.6666666666666666}",0.3333333333333333,0.6365141682948128,True,Justin,True,False,,,
Youtube / ONE#NIGHT#ULTIMATE#WEREWOLF##Retro#5 / Game3,Youtube,ONE#NIGHT#ULTIMATE#WEREWOLF##Retro#5,Game3,"[""Justin"", ""Paul"", ""Mitchell""]","[""Troublemaker"", ""Werewolf"", ""Seer""]","[""Troublemaker"", ""Werewolf"", ""Seer""]",True,player,"[""Paul""]",3,"{""Mitchell"": 0.6666666666666666, ""Paul"": 0.3333333333333333}",0.3333333333333333,0.6365141682948128,True,Mitchell,True,False,,,
Youtube / ONE#NIGHT#ULTIMATE#WEREWOLF##Retro#5 / Game4,Youtube,ONE#NIGHT#ULTIMATE#WEREWOLF##Retro#5,Game4,"[""Justin"", ""Paul"", ""Mitchell""]","[""Troublemaker"", ""Robber"", ""Insomniac""]","[""Troublemaker"", ""Robber"", ""Insomniac""]",False,circle,[],3,"{""Justin"": 0.6666666666666666, ""Paul"": 0.3333333333333333}",0.0,0.6365141682948128,False,Justin,True,False,,,
Youtube / ONE#NIGHT#ULTIMATE#WEREWOLF##Retro#5 / Game5,Youtube,ONE#NIGHT#ULTIMATE#WEREWOLF##Retro#5,Game5,"[""Justin"", ""Paul"", ""Mitchell""]","[""Werewolf"", ""Werewolf"", ""Insomniac""]","[""Werewolf"", ""Werewolf"", ""Insomniac""]",True,player,"[""Justin"", ""Paul""]",3,"{""Justin"": 1.0}",1.0,-0.0,True,Justin,True,True,,,
Youtube / ONE#NIGHT#ULTIMATE#WEREWOLF##Retro#5 / Game6,Youtube,ONE#NIGHT#ULTIMATE#WEREWOLF##Retro#5,Game6,"[""Justin"", ""Paul"", ""Mitchell""]","[""Werewolf"", ""Werewolf"", ""Insomniac""]","[""Werewolf"", ""Werewolf"", ""Insomniac""]",True,player,"[""Justin"", ""Paul""]",3,"{""Justin"": 0.3333333333333333, ""Mitchell"": 0.6666666666666666}",0.3333333333333333,0.6365141682948128,True,Mitchell,True,False,,,
Youtube / ONE#NIGHT#ULTIMATE#WEREWOLF##Retro#5 / Game7,Youtube,ONE#NIGHT#ULTIMATE#WEREWOLF##Retro#5,Game7,"[""Justin"", ""Paul"", ""Mitchell""]","[""Insomniac"", ""Werewolf"", ""Troublemaker""]","[""Insomniac"", ""Werewolf"", ""Troublemaker""]",True,player,"[""Paul""]",3,"{""Paul"": 1.0}",1.0,-0.0,True,Paul,True,True,,,
Youtube / ONE#NIGHT#ULTIMATE#WEREWOLF##Retro#5 / Game8,Youtube,ONE#NIGHT#ULTIMATE#WEREWOLF##Retro#5,Game8,"[""Justin"", ""Paul"", ""Mitchell""]","[""Werewolf"", ""Werewolf"", ""Tanner""]","[""Werewolf"", ""Werewolf"", ""Tanner""]",True,player,"[""Justin"", ""Paul""]",3,"{""Justin"": 0.6666666666666666, ""No Werewolf"": 0.3333333333333333}",0.6666666666666666,0.6365141682948128,True,Justin,True,True,,,
Youtube / ONE#NIGHT#ULTIMATE#WEREWOLF#-#Drinking#Play#Through / Game1,Youtube,ONE#NIGHT#ULTIMATE#WEREWOLF#-#Drinking#Play#Through,Game1,"[""Sarah"", ""Jordan1"", ""Haak"", ""Robin"", ""Jordan2"", ""Meryl""]","[""Hunter"", ""Robber"", ""Werewolf"", ""Minion"", ""Tanner"", ""Seer""]","[""Robber"", ""Hunter"", ""Werewolf"", ""Minion"", ""Tanner"", ""Seer""]",True,player,"[""Haak""]",3,"{""Haak"": 1.0}",1.0,-0.0,True,Haak,True,True,,,
Youtube / ONE#NIGHT#ULTIMATE#WEREWOLF#-#Drinking#Play#Through / Game2,Youtube,ONE#NIGHT#ULTIMATE#WEREWOLF#-#Drinking#Play#Through,Game2,"[""Sarah"", ""Jordan1"", ""Haak"", ""Robin"", ""Jordan2"", ""Meryl""]","[""Robber"", ""Minion"", ""Drunk"", ""Seer"", ""Tanner"", ""Werewolf""]","[""Drunk"", ""Minion"", ""Hunter"", ""Seer"", ""Tanner"", ""Werewolf""]",True,player,"[""Meryl""]",3,"{""Robin"": 0.3333333333333333, ""Jordan1"": 0.3333333333333333, ""Jordan2"": 0.3333333333333333}",0.0,1.0986122886681096,False,,False,,,,
Youtube / ONE#NIGHT#ULTIMATE#WEREWOLF#1##July#5th#2016 / Game2,Youtube,ONE#NIGHT#ULTIMATE#WEREWOLF#1##July#5th#2016,Game2,"[""Justin"", ""Julie"", ""Alban"", ""James"", ""Mitchell"", ""Mike""]","[""Drunk"", ""Werewolf"", ""Insomniac"", ""Seer"", ""Werewolf"", ""Tanner""]","[""Revealer"", ""Werewolf"", ""Insomniac"", ""Seer"", ""Werewolf"", ""Tanner""]",True,player,"[""Julie"", ""Mitchell""]",3,"{""Mike"": 1.0}",0.0,-0.0,False,Mike,True,False,,,
Youtube / ONE#NIGHT#ULTIMATE#WEREWOLF#10##November#6th#2016 / Game1,Youtube,ONE#NIGHT#ULTIMATE#WEREWOLF#10##November#6th#2016,Game1,"[""Matt"", ""Mitchell"", ""Alana"", ""Mike""]","[""Seer"", ""Troublemaker"", ""Insomniac"", ""Robber""]","[""Insomniac"", ""Troublemaker"", ""Robber"", ""Seer""]",False,circle,[],3,"{""Mitchell"": 0.6666666666666666, ""No Werewolf"": 0.3333333333333333}",0.3333333333333333,0.6365141682948128,True,Mitchell,True,False,,,
Youtube / ONE#NIGHT#ULTIMATE#WEREWOLF#13##July#29th#2017 / Game1,Youtube,ONE#NIGHT#ULTIMATE#WEREWOLF#13##July#29th#2017,Game1,"[""Justin"", ""Julie"", ""Mitchell"", ""Mike""]","[""Drunk"", ""Tanner"", ""Werewolf"", ""Werewolf""]","[""Seer"", ""Tanner"", ""Werewolf"", ""Werewolf""]",True,player,"[""Mitchell"", ""Mike""]",3,"{""Julie"": 1.0}",0.0,-0.0,False,Julie,True,False,,,
Youtube / ONE#NIGHT#ULTIMATE#WEREWOLF#13##July#29th#2017 / Game2,Youtube,ONE#NIGHT#ULTIMATE#WEREWOLF#13##July#29th#2017,Game2,"[""Justin"", ""Julie"", ""Mitchell"", ""Mike""]","[""Troublemaker"", ""Werewolf"", ""Werewolf"", ""Robber""]","[""Robber"", ""Werewolf"", ""Werewolf"", ""Troublemaker""]",True,player,"[""Julie"", ""Mitchell""]",3,"{""Mitchell"": 1.0}",1.0,-0.0,True,Mitchell,True,True,,,
Youtube / ONE#NIGHT#ULTIMATE#WEREWOLF#13##July#29th#2017 / Game3,Youtube,ONE#NIGHT#ULTIMATE#WEREWOLF#13##July#29th#2017,Game3,"[""Justin"", ""Julie"", ""Mitchell"", ""Mike""]","[""Drunk"", ""Seer"", ""Werewolf"", ""Werewolf""]","[""Troublemaker"", ""Seer"", ""Werewolf"", ""Werewolf""]",True,player,"[""Mitchell"", ""Mike""]",3,"{""Justin"": 1.0}",0.0,-0.0,False,Justin,True,False,,,
Youtube / ONE#NIGHT#ULTIMATE#WEREWOLF#14##August#26th#2017 / Game1,Youtube,ONE#NIGHT#ULTIMATE#WEREWOLF#14##August#26th#2017,Game1,"[""Justin"", ""Mitchell"", ""Caitlynn"", ""Mike""]","[""Tanner"", ""Insomniac"", ""Werewolf"", ""Werewolf""]","[""Tanner"", ""Insomniac"", ""Werewolf"", ""Werewolf""]",True,player,"[""Caitlynn"", ""Mike""]",3,"{""Justin"": 1.0}",0.0,-0.0,False,Justin,True,False,,,
Youtube / ONE#NIGHT#ULTIMATE#WEREWOLF#14##August#26th#2017 / Game2,Youtube,ONE#NIGHT#ULTIMATE#WEREWOLF#14##August#26th#2017,Game2,"[""Justin"", ""Mitchell"", ""Caitlynn"", ""Mike""]","[""Werewolf"", ""Insomniac"", ""Tanner"", ""Werewolf""]","[""Werewolf"", ""Insomniac"", ""Tanner"", ""Werewolf""]",True,player,"[""Justin"", ""Mike""]",3,"{""Mike"": 1.0}",1.0,-0.0,True,Mike,True,True,,,
Youtube / ONE#NIGHT#ULTIMATE#WEREWOLF#18##September#30th#2017 / Game1,Youtube,ONE#NIGHT#ULTIMATE#WEREWOLF#18##September#30th#2017,Game1,"[""Justin"", ""Julie"", ""Paul"", ""Mitchell""]","[""Drunk"", ""Tanner"", ""Werewolf"", ""Robber""]","[""Werewolf"", ""Tanner"", ""Robber"", ""Werewolf""]",True,player,"[""Justin"", ""Mitchell""]",3,"{""Mitchell"": 1.0}",1.0,-0.0,True,Mitchell,True,True,,,
Youtube / ONE#NIGHT#ULTIMATE#WEREWOLF#26##January#20th#2018 / Game2,Youtube,ONE#NIGHT#ULTIMATE#WEREWOLF#26##January#20th#2018,Game2,"[""Justin"", ""Meghan"", ""Paul"", ""Mitchell"", ""Mike""]","[""Troublemaker"", ""Robber"", ""Tanner"", ""Werewolf"", ""Werewolf""]","[""Troublemaker"", ""Werewolf"", ""Tanner"", ""Werewolf"", ""Robber""]",True,player,"[""Meghan"", ""Mitchell""]",3,"{""Mike"": 0.3333333333333333, ""Paul"": 0.6666666666666666}",0.0,0.6365141682948128,False,Paul,True,False,,,
Youtube / ONE#NIGHT#ULTIMATE#WEREWOLF#26##January#20th#2018 / Game3,Youtube,ONE#NIGHT#ULTIMATE#WEREWOLF#26##January#20th#2018,Game3,"[""Justin"", ""Meghan"", ""Paul"", ""Mitchell"", ""Mike""]","[""Werewolf"", ""Tanner"", ""Troublemaker"", ""Werewolf"", ""Robber""]","[""Robber"", ""Werewolf"", ""Troublemaker"", ""Werewolf"", ""Tanner""]",True,player,"[""Meghan"", ""Mitchell""]",3,"{""Meghan"": 1.0}",1.0,-0.0,True,Meghan,True,True,,,
Youtube / ONE#NIGHT#ULTIMATE#WEREWOLF#28##February#17th#2018 / Game1,Youtube,ONE#NIGHT#ULTIMATE#WEREWOLF#28##February#17th#2018,Game1,"[""Justin"", ""Caitlynn"", ""Paul"", ""Alysha"", ""Mitchell"", ""Mike""]","[""Troublemaker"", ""Robber"", ""Seer"", ""Werewolf"", ""Drunk"", ""Tanner""]","[""Troublemaker"", ""Drunk"", ""Robber"", ""Werewolf"", ""Werewolf"", ""Tanner""]",True,player,"[""Alysha"", ""Mitchell""]",3,"{""Alysha"": 0.6666666666666666, ""Paul"": 0.3333333333333333}",0.6666666666666666,0.6365141682948128,True,Alysha,True,True,,,
Youtube / ONE#NIGHT#ULTIMATE#WEREWOLF#28##February#17th#2018 / Game2,Youtube,ONE#NIGHT#ULTIMATE#WEREWOLF#28##February#17th#2018,Game2,"[""Justin"", ""Caitlynn"", ""Paul"", ""Alysha"", ""Mitchell"", ""Mike""]","[""Werewolf"", ""Tanner"", ""Robber"", ""Minion"", ""Troublemaker"", ""Drunk""]","[""Robber"", ""Werewolf"", ""Tanner"", ""Minion"", ""Troublemaker"", ""Seer""]",True,player,"[""Caitlynn""]",3,"{""Mike"": 1.0}",0.0,-0.0,False,Mike,True,False,,,
Youtube / ONE#NIGHT#ULTIMATE#WEREWOLF#28##February#17th#2018 / Game3,Youtube,ONE#NIGHT#ULTIMATE#WEREWOLF#28##February#17th#2018,Game3,"[""Justin"", ""Caitlynn"", ""Paul"", ""Alysha"", ""Mitchell"", ""Mike""]","[""Werewolf"", ""Tanner"", ""Robber"", ""Minion"", ""Troublemaker"", ""Drunk""]","[""Robber"", ""Werewolf"", ""Tanner"", ""Minion"", ""Troublemaker"", ""Seer""]",True,player,"[""Caitlynn""]",3,"{""Justin"": 0.6666666666666666, ""Mike"": 0.3333333333333333}",0.0,0.6365141682948128,False,Justin,True,False,,,
Youtube / ONE#NIGHT#ULTIMATE#WEREWOLF#30##February#17th#2018 / Game2,Youtube,ONE#NIGHT#ULTIMATE#WEREWOLF#30##February#17th#2018,Game2,"[""Justin"", ""Caitlynn"", ""Paul"", ""Alysha"", ""Mitchell"", ""Mike""]","[""Tanner"", ""Insomniac"", ""Werewolf"", ""Seer"", ""Werewolf"", ""Robber""]","[""Robber"", ""Insomniac"", ""Werewolf"", ""Seer"", ""Werewolf"", ""Tanner""]",True,player,"[""Paul"", ""Mitchell""]",2,"{""Paul"": 1.0}",1.0,-0.0,True,Paul,True,True,,,
Youtube / ONE#NIGHT#ULTIMATE#WEREWOLF#30##February#17th#2018 / Game4,Youtube,ONE#NIGHT#ULTIMATE#WEREWOLF#30##February#17th#2018,Game4,"[""Justin"", ""Caitlynn"", ""Paul"", ""Alysha"", ""Mitchell"", ""Mike""]","[""Minion"", ""Robber"", ""Werewolf"", ""Tanner"", ""Seer"", ""Troublemaker""]","[""Minion"", ""Seer"", ""Werewolf"", ""Tanner"", ""Troublemaker"", ""Robber""]",True,player,"[""Paul""]",3,"{""Alysha"": 1.0}",0.0,-0.0,False,Alysha,True,False,,,
Youtube / ONE#NIGHT#ULTIMATE#WEREWOLF#34##March#24th#2018 / Game2,Youtube,ONE#NIGHT#ULTIMATE#WEREWOLF#34##March#24th#2018,Game2,"[""Justin"", ""Carly"", ""Paul"", ""Mitchell"", ""Mike""]","[""Tanner"", ""Troublemaker"", ""Hunter"", ""Werewolf"", ""Seer""]","[""Tanner"", ""Troublemaker"", ""Werewolf"", ""Hunter"", ""Seer""]",True,player,"[""Paul""]",3,"{""Mitchell"": 1.0}",0.0,-0.0,False,Mitchell,True,False,,,
Youtube / ONE#NIGHT#ULTIMATE#WEREWOLF#34##March#24th#2018 / Game3,Youtube,ONE#NIGHT#ULTIMATE#WEREWOLF#34##March#24th#2018,Game3,"[""Justin"", ""Carly"", ""Paul"", ""Mitchell"", ""Mike""]","[""Tanner"", ""Minion"", ""Seer"", ""Werewolf"", ""Werewolf""]","[""Tanner"", ""Minion"", ""Seer"", ""Werewolf"", ""Werewolf""]",True,player,"[""Mitchell"", ""Mike""]",3,"{""Mitchell"": 1.0}",1.0,-0.0,True,Mitchell,True,True,,,
Youtube / ONE#NIGHT#ULTIMATE#WEREWOLF#37##April#21st#2018 / Game2,Youtube,ONE#NIGHT#ULTIMATE#WEREWOLF#37##April#21st#2018,Game2,"[""Justin"", ""Caitlynn"", ""Mitchell"", ""James"", ""Mike""]","[""Werewolf"", ""Werewolf"", ""Minion"", ""Tanner"", ""Troublemaker""]","[""Minion"", ""Werewolf"", ""Werewolf"", ""Tanner"", ""Troublemaker""]",True,player,"[""Caitlynn"", ""Mitchell""]",3,"{""Mike"": 1.0}",0.0,-0.0,False,Mike,True,False,,,
Youtube / ONE#NIGHT#ULTIMATE#WEREWOLF#38##April#21st#2018 / Game3,Youtube,ONE#NIGHT#ULTIMATE#WEREWOLF#38##April#21st#2018,Game3,"[""Justin"", ""Caitlynn"", ""Mitchell"", ""James"", ""Mike""]","[""Robber"", ""Tanner"", ""Seer"", ""Werewolf"", ""Werewolf""]","[""Werewolf"", ""Tanner"", ""Seer"", ""Robber"", ""Werewolf""]",True,player,"[""Justin"", ""Mike""]",3,"{""James"": 1.0}",0.0,-0.0,False,James,True,False,,,
Youtube / ONE#NIGHT#ULTIMATE#WEREWOLF#38##April#21st#2018 / Game4,Youtube,ONE#NIGHT#ULTIMATE#WEREWOLF#38##April#21st#2018,Game4,"[""Justin"", ""Caitlynn"", ""Mitchell"", ""James"", ""Mike""]","[""Werewolf"", ""Tanner"", ""Minion"", ""Robber"", ""Seer""]","[""Werewolf"", ""Robber"", ""Minion"", ""Tanner"", ""Seer""]",True,player,"[""Justin""]",3,"{""Mike"": 1.0}",0.0,-0.0,False,Mike,True,False,,,
Youtube / ONE#NIGHT#ULTIMATE#WEREWOLF#39##April#21st#2018 / Game3,Youtube,ONE#NIGHT#ULTIMATE#WEREWOLF#39##April#21st#2018,Game3,"[""Justin"", ""Caitlynn"", ""Mitchell"", ""James"", ""Mike""]","[""Werewolf"", ""Drunk"", ""Tanner"", ""Werewolf"", ""Seer""]","[""Werewolf"", ""Robber"", ""Tanner"", ""Werewolf"", ""Seer""]",True,player,"[""Justin"", ""James""]",3,"{""Justin"": 1.0}",1.0,-0.0,True,Justin,True,True,,,
Youtube / ONE#NIGHT#ULTIMATE#WEREWOLF#4##July#14th#2016 / Game1,Youtube,ONE#NIGHT#ULTIMATE#WEREWOLF#4##July#14th#2016,Game1,"[""Justin"", ""Paul"", ""Mitchell"", ""Mike""]","[""Drunk"", ""Robber"", ""Tanner"", ""Seer""]","[""Werewolf"", ""Seer"", ""Tanner"", ""Robber""]",True,player,"[""Justin""]",3,"{""Paul"": 0.6666666666666666, ""Mike"": 0.3333333333333333}",0.0,0.6365141682948128,False,Paul,True,False,,,
Youtube / ONE#NIGHT#ULTIMATE#WEREWOLF#4##July#14th#2016 / Game2,Youtube,ONE#NIGHT#ULTIMATE#WEREWOLF#4##July#14th#2016,Game2,"[""Justin"", ""Paul"", ""Mitchell"", ""Mike""]","[""Werewolf"", ""Robber"", ""Werewolf"", ""Seer""]","[""Werewolf"", ""Seer"", ""Werewolf"", ""Robber""]",True,player,"[""Justin"", ""Mitchell""]",3,"{""Mitchell"": 1.0}",1.0,-0.0,True,Mitchell,True,True,,,
Youtube / ONE#NIGHT#ULTIMATE#WEREWOLF#4##July#14th#2016 / Game3,Youtube,ONE#NIGHT#ULTIMATE#WEREWOLF#4##July#14th#2016,Game3,"[""Justin"", ""Paul"", ""Mitchell"", ""Mike""]","[""Robber"", ""Drunk"", ""Seer"", ""Troublemaker""]","[""Seer"", ""Tanner"", ""Drunk"", ""Troublemaker""]",False,circle,[],3,"{""Paul"": 1.0}",0.0,-0.0,False,Paul,True,False,,,
Youtube / ONE#NIGHT#ULTIMATE#WEREWOLF#43##October#13th#2018 / Game1,Youtube,ONE#NIGHT#ULTIMATE#WEREWOLF#43##October#13th#2018,Game1,"[""Justin"", ""Mitchell"", ""Paul"", ""Mike""]","[""Werewolf"", ""Tanner"", ""Robber"", ""Troublemaker""]","[""Robber"", ""Werewolf"", ""Tanner"", ""Troublemaker""]",True,player,"[""Mitchell""]",3,"{""Mitchell"": 1.0}",1.0,-0.0,True,Mitchell,True,True,,,
Youtube / ONE#NIGHT#ULTIMATE#WEREWOLF#43##October#13th#2018 / Game3,Youtube,ONE#NIGHT#ULTIMATE#WEREWOLF#43##October#13th#2018,Game3,"[""Justin"", ""Mitchell"", ""Paul"", ""Mike""]","[""Werewolf"", ""Troublemaker"", ""Tanner"", ""Robber""]","[""Tanner"", ""Troublemaker"", ""Robber"", ""Werewolf""]",True,player,"[""Mike""]",3,"{""Justin"": 1.0}",0.0,-0.0,False,Justin,True,False,,,
Youtube / ONE#NIGHT#ULTIMATE#WEREWOLF#43##October#13th#2018 / Game4,Youtube,ONE#NIGHT#ULTIMATE#WEREWOLF#43##October#13th#2018,Game4,"[""Justin"", ""Mitchell"", ""Paul"", ""Mike""]","[""Tanner"", ""Robber"", ""Werewolf"", ""Troublemaker""]","[""Troublemaker"", ""Tanner"", ""Werewolf"", ""Robber""]",True,player,"[""Paul""]",3,"{""Mike"": 1.0}",0.0,-0.0,False,Mike,True,False,,,
Youtube / ONE#NIGHT#ULTIMATE#WEREWOLF#44##October#13th#2018 / Game1,Youtube,ONE#NIGHT#ULTIMATE#WEREWOLF#44##October#13th#2018,Game1,"[""Justin"", ""Mitchell"", ""Paul"", ""Mike""]","[""Werewolf"", ""Seer"", ""Tanner"", ""Insomniac""]","[""Werewolf"", ""Seer"", ""Tanner"", ""Insomniac""]",True,player,"[""Justin""]",3,"{""Justin"": 0.6666666666666666, ""Mitchell"": 0.3333333333333333}",0.6666666666666666,0.6365141682948128,True,Justin,True,True,,,
Youtube / ONE#NIGHT#ULTIMATE#WEREWOLF#44##October#13th#2018 / Game2,Youtube,ONE#NIGHT#ULTIMATE#WEREWOLF#44##October#13th#2018,Game2,"[""Justin"", ""Mitchell"", ""Paul"", ""Mike""]","[""Werewolf"", ""Tanner"", ""Troublemaker"", ""Robber""]","[""Werewolf"", ""Tanner"", ""Troublemaker"", ""Robber""]",True,player,"[""Justin""]",3,"{""Justin"": 1.0}",1.0,-0.0,True,Justin,True,True,,,
Youtube / ONE#NIGHT#ULTIMATE#WEREWOLF#44##October#13th#2018 / Game3,Youtube,ONE#NIGHT#ULTIMATE#WEREWOLF#44##October#13th#2018,Game3,"[""Justin"", ""Mitchell"", ""Paul"", ""Mike""]","[""Seer"", ""Robber"", ""Tanner"", ""Troublemaker""]","[""Seer"", ""Robber"", ""Tanner"", ""Troublemaker""]",False,circle,[],3,"{""No Werewolf"": 1.0}",1.0,-0.0,True,No Werewolf,True,True,,,
Youtube / ONE#NIGHT#ULTIMATE#WEREWOLF#44##October#13th#2018 / Game4,Youtube,ONE#NIGHT#ULTIMATE#WEREWOLF#44##October#13th#2018,Game4,"[""Justin"", ""Mitchell"", ""Paul"", ""Mike""]","[""Tanner"", ""Troublemaker"", ""Seer"", ""Insomniac""]","[""Insomniac"", ""Troublemaker"", ""Seer"", ""Tanner""]",False,circle,[],3,"{""Paul"": 1.0}",0.0,-0.0,False,Paul,True,False,,,
Youtube / ONE#NIGHT#ULTIMATE#WEREWOLF#44##October#13th#2018 / Game5,Youtube,ONE#NIGHT#ULTIMATE#WEREWOLF#44##October#13th#2018,Game5,"[""Justin"", ""Mitchell"", ""Paul"", ""Mike""]","[""Seer"", ""Troublemaker"", ""Werewolf"", ""Robber""]","[""Robber"", ""Troublemaker"", ""Seer"", ""Werewolf""]",True,player,"[""Mike""]",2,"{""Mitchell"": 1.0}",0.0,-0.0,False,Mitchell,True,False,,,
Youtube / ONE#NIGHT#ULTIMATE#WEREWOLF#45##October#13th#2018 / Game4,Youtube,ONE#NIGHT#ULTIMATE#WEREWOLF#45##October#13th#2018,Game4,"[""Justin"", ""Mitchell"", ""Paul"", ""Mike""]","[""Tanner"", ""Werewolf"", ""Werewolf"", ""Robber""]","[""Tanner"", ""Werewolf"", ""Robber"", ""Werewolf""]",True,player,"[""Mitchell"", ""Mike""]",3,"{""Justin"": 1.0}",0.0,-0.0,False,Justin,True,False,,,
Youtube / ONE#NIGHT#ULTIMATE#WEREWOLF#45##October#13th#2018 / Game6,Youtube,ONE#NIGHT#ULTIMATE#WEREWOLF#45##October#13th#2018,Game6,"[""Justin"", ""Mitchell"", ""Paul"", ""Mike""]","[""Troublemaker"", ""Robber"", ""Tanner"", ""Hunter""]","[""Troublemaker"", ""Robber"", ""Tanner"", ""Hunter""]",False,circle,[],3,"{""Mitchell"": 1.0}",0.0,-0.0,False,Mitchell,True,False,,,
Youtube / ONE#NIGHT#ULTIMATE#WEREWOLF#5##October#29th#2016 / Game1,Youtube,ONE#NIGHT#ULTIMATE#WEREWOLF#5##October#29th#2016,Game1,"[""Mitchell"", ""Chris"", ""Caitlynn"", ""Mike""]","[""Drunk"", ""Werewolf"", ""Troublemaker"", ""Robber""]","[""Insomniac"", ""Werewolf"", ""Troublemaker"", ""Robber""]",True,player,"[""Chris""]",3,"{""Mike"": 1.0}",0.0,-0.0,False,Mike,True,False,,,
Youtube / ONE#NIGHT#ULTIMATE#WEREWOLF#55##January#26th#2019 / Game3,Youtube,ONE#NIGHT#ULTIMATE#WEREWOLF#55##January#26th#2019,Game3,"[""Justin"", ""Caitlynn"", ""Mitchell"", ""Brad"", ""Mike""]","[""Werewolf"", ""Werewolf"", ""Insomniac"", ""Tanner"", ""Seer""]","[""Werewolf"", ""Werewolf"", ""Insomniac"", ""Tanner"", ""Seer""]",True,player,"[""Justin"", ""Caitlynn""]",3,"{""Brad"": 0.6666666666666666, ""Justin"": 0.3333333333333333}",0.3333333333333333,0.6365141682948128,True,Brad,True,False,,,
Youtube / ONE#NIGHT#ULTIMATE#WEREWOLF#6##November#6th#2016 / Game1,Youtube,ONE#NIGHT#ULTIMATE#WEREWOLF#6##November#6th#2016,Game1,"[""Caitlynn"", ""Mitchell"", ""Alana"", ""Mike""]","[""Werewolf"", ""Robber"", ""Troublemaker"", ""Werewolf""]","[""Robber"", ""Werewolf"", ""Troublemaker"", ""Werewolf""]",True,player,"[""Mitchell"", ""Mike""]",3,"{""Caitlynn"": 1.0}",0.0,-0.0,False,Caitlynn,True,False,,,
Youtube / ONE#NIGHT#ULTIMATE#WEREWOLF#6##November#6th#2016 / Game2,Youtube,ONE#NIGHT#ULTIMATE#WEREWOLF#6##November#6th#2016,Game2,"[""Caitlynn"", ""Mitchell"", ""Alana"", ""Mike""]","[""Seer"", ""Werewolf"", ""Robber"", ""Troublemaker""]","[""Werewolf"", ""Robber"", ""Seer"", ""Troublemaker""]",True,player,"[""Caitlynn""]",3,"{""Caitlynn"": 0.6666666666666666, ""Mitchell"": 0.3333333333333333}",0.6666666666666666,0.6365141682948128,True,Caitlynn,True,True,,,
Youtube / ONE#NIGHT#ULTIMATE#WEREWOLF#62##March#23rd#2019 / Game1,Youtube,ONE#NIGHT#ULTIMATE#WEREWOLF#62##March#23rd#2019,Game1,"[""Justin"", ""James"", ""Paul"", ""Mitchell""]","[""Tanner"", ""Seer"", ""Werewolf"", ""Troublemaker""]","[""Werewolf"", ""Seer"", ""Tanner"", ""Troublemaker""]",True,player,"[""Justin""]",3,"{""Justin"": 0.6666666666666666, ""James"": 0.3333333333333333}",0.6666666666666666,0.6365141682948128,True,Justin,True,True,,,
Youtube / ONE#NIGHT#ULTIMATE#WEREWOLF#62##March#23rd#2019 / Game2,Youtube,ONE#NIGHT#ULTIMATE#WEREWOLF#62##March#23rd#2019,Game2,"[""Justin"", ""James"", ""Paul"", ""Mitchell""]","[""Tanner"", ""Troublemaker"", ""Werewolf"", ""Seer""]","[""Seer"", ""Troublemaker"", ""Werewolf"", ""Tanner""]",True,player,"[""Paul""]",3,"{""James"": 1.0}",0.0,-0.0,False,James,True,False,,,
Youtube / ONE#NIGHT#ULTIMATE#WEREWOLF#63##March#23rd#2019 / Game1,Youtube,ONE#NIGHT#ULTIMATE#WEREWOLF#63##March#23rd#2019,Game1,"[""Justin"", ""James"", ""Paul"", ""Mitchell""]","[""Tanner"", ""Werewolf"", ""Werewolf"", ""Robber""]","[""Tanner"", ""Werewolf"", ""Robber"", ""Werewolf""]",True,player,"[""James"", ""Mitchell""]",3,"{""No Werewolf"": 0.6666666666666666, ""Justin"": 0.3333333333333333}",0.0,0.6365141682948128,False,No Werewolf,True,False,,,
Youtube / ONE#NIGHT#ULTIMATE#WEREWOLF#64##March#23rd#2019 / Game3,Youtube,ONE#NIGHT#ULTIMATE#WEREWOLF#64##March#23rd#2019,Game3,"[""Justin"", ""James"", ""Paul"", ""Mitchell""]","[""Tanner"", ""Robber"", ""Troublemaker"", ""Werewolf""]","[""Robber"", ""Werewolf"", ""Troublemaker"", ""Tanner""]",True,player,"[""James""]",3,"{""James"": 1.0}",1.0,-0.0,True,James,True,True,,,
Youtube / ONE#NIGHT#ULTIMATE#WEREWOLF#64##March#23rd#2019 / Game4,Youtube,ONE#NIGHT#ULTIMATE#WEREWOLF#64##March#23rd#2019,Game4,"[""Justin"", ""James"", ""Paul"", ""Mitchell""]","[""Werewolf"", ""Seer"", ""Werewolf"", ""Robber""]","[""Werewolf"", ""Robber"", ""Werewolf"", ""Seer""]",True,player,"[""Justin"", ""Paul""]",3,"{""Paul"": 1.0}",1.0,-0.0,True,Paul,True,True,,,
Youtube / ONE#NIGHT#ULTIMATE#WEREWOLF#64##March#23rd#2019 / Game5,Youtube,ONE#NIGHT#ULTIMATE#WEREWOLF#64##March#23rd#2019,Game5,"[""Justin"", ""James"", ""Paul"", ""Mitchell""]","[""Seer"", ""Werewolf"", ""Robber"", ""Troublemaker""]","[""Werewolf"", ""Robber"", ""Seer"", ""Troublemaker""]",True,player,"[""Justin""]",3,"{""Paul"": 0.6666666666666666, ""James"": 0.3333333333333333}",0.0,0.6365141682948128,False,Paul,True,False,,,
Youtube / ONE#NIGHT#ULTIMATE#WEREWOLF#7##November#6th#2016 / Game1,Youtube,ONE#NIGHT#ULTIMATE#WEREWOLF#7##November#6th#2016,Game1,"[""Caitlynn"", ""Mitchell"", ""Alana"", ""Mike""]","[""Werewolf"", ""Troublemaker"", ""Robber"", ""Drunk""]","[""Troublemaker"", ""Robber"", ""Werewolf"", ""Villager""]",True,player,"[""Alana""]",3,"{""Alana"": 1.0}",1.0,-0.0,True,Alana,True,True,,,
Youtube / ONE#NIGHT#ULTIMATE#WEREWOLF#7##November#6th#2016 / Game2,Youtube,ONE#NIGHT#ULTIMATE#WEREWOLF#7##November#6th#2016,Game2,"[""Caitlynn"", ""Mitchell"", ""Alana"", ""Mike""]","[""Tanner"", ""Robber"", ""Werewolf"", ""Seer""]","[""Tanner"", ""Seer"", ""Werewolf"", ""Robber""]",True,player,"[""Alana""]",3,"{""Alana"": 0.3333333333333333, ""Caitlynn"": 0.3333333333333333, ""No Werewolf"": 0.3333333333333333}",0.3333333333333333,1.0986122886681096,True,,False,,,,
Youtube / ONE#NIGHT#ULTIMATE#WEREWOLF#7##November#6th#2016 / Game3,Youtube,ONE#NIGHT#ULTIMATE#WEREWOLF#7##November#6th#2016,Game3,"[""Caitlynn"", ""Mitchell"", ""Alana"", ""Mike""]","[""Werewolf"", ""Werewolf"", ""Drunk"", ""Tanner""]","[""Werewolf"", ""Werewolf"", ""Troublemaker"", ""Tanner""]",True,player,"[""Caitlynn"", ""Mitchell""]",3,"{""Mitchell"": 1.0}",1.0,-0.0,True,Mitchell,True,True,,,
Youtube / ONE#NIGHT#ULTIMATE#WEREWOLF#7##November#6th#2016 / Game4,Youtube,ONE#NIGHT#ULTIMATE#WEREWOLF#7##November#6th#2016,Game4,"[""Caitlynn"", ""Mitchell"", ""Alana"", ""Mike""]","[""Werewolf"", ""Werewolf"", ""Drunk"", ""Tanner""]","[""Werewolf"", ""Werewolf"", ""Troublemaker"", ""Tanner""]",True,player,"[""Caitlynn"", ""Mitchell""]",3,"{""Caitlynn"": 1.0}",1.0,-0.0,True,Caitlynn,True,True,,,
Youtube / ONE#NIGHT#ULTIMATE#WEREWOLF#8##November#6th#2016 / Game1,Youtube,ONE#NIGHT#ULTIMATE#WEREWOLF#8##November#6th#2016,Game1,"[""Matt"", ""Caitlynn"", ""Mitchell"", ""Alana"", ""Mike""]","[""Robber"", ""Werewolf"", ""Tanner"", ""Insomniac"", ""Troublemaker""]","[""Robber"", ""Werewolf"", ""Tanner"", ""Insomniac"", ""Troublemaker""]",True,player,"[""Caitlynn""]",3,"{""Mitchell"": 1.0}",0.0,-0.0,False,Mitchell,True,False,,,
Youtube / ONE#NIGHT#ULTIMATE#WEREWOLF#8##November#6th#2016 / Game4,Youtube,ONE#NIGHT#ULTIMATE#WEREWOLF#8##November#6th#2016,Game4,"[""Matt"", ""Caitlynn"", ""Mitchell"", ""Alana"", ""Mike""]","[""Insomniac"", ""Seer"", ""Werewolf"", ""Tanner"", ""Troublemaker""]","[""Tanner"", ""Seer"", ""Werewolf"", ""Insomniac"", ""Troublemaker""]",True,player,"[""Mitchell""]",3,"{""Alana"": 0.3333333333333333, ""Mitchell"": 0.6666666666666666}",0.6666666666666666,0.6365141682948128,True,Mitchell,True,True,,,
Youtube / ONE#NIGHT#ULTIMATE#WEREWOLF#83##October#15th#2019 / Game2,Youtube,ONE#NIGHT#ULTIMATE#WEREWOLF#83##October#15th#2019,Game2,"[""Justin"", ""Meghan"", ""Caitlynn"", ""Mike""]","[""Werewolf"", ""Troublemaker"", ""Robber"", ""Tanner""]","[""Werewolf"", ""Troublemaker"", ""Robber"", ""Tanner""]",True,player,"[""Justin""]",3,"{""Caitlynn"": 0.3333333333333333, ""Justin"": 0.3333333333333333, ""Mike"": 0.3333333333333333}",0.3333333333333333,1.0986122886681096,True,,False,,,,
Youtube / ONE#NIGHT#ULTIMATE#WEREWOLF#83##October#15th#2019 / Game3,Youtube,ONE#NIGHT#ULTIMATE#WEREWOLF#83##October#15th#2019,Game3,"[""Justin"", ""Meghan"", ""Caitlynn"", ""Mike""]","[""Robber"", ""Tanner"", ""Werewolf"", ""Troublemaker""]","[""Troublemaker"", ""Werewolf"", ""Tanner"", ""Robber""]",True,player,"[""Meghan""]",3,"{""Meghan"": 0.6666666666666666, ""Caitlynn"": 0.3333333333333333}",0.6666666666666666,0.6365141682948128,True,Meghan,True,True,,,
Youtube / ONE#NIGHT#ULTIMATE#WEREWOLF#86##November#9th#2019 / Game1,Youtube,ONE#NIGHT#ULTIMATE#WEREWOLF#86##November#9th#2019,Game1,"[""Justin"", ""Mitchell"", ""Paul"", ""Mike""]","[""Troublemaker"", ""Werewolf"", ""Robber"", ""Werewolf""]","[""Robber"", ""Werewolf"", ""Werewolf"", ""Troublemaker""]",True,player,"[""Mitchell"", ""Paul""]",3,"{""Paul"": 1.0}",1.0,-0.0,True,Paul,True,True,,,
Youtube / ONE#NIGHT#ULTIMATE#WEREWOLF#86##November#9th#2019 / Game3,Youtube,ONE#NIGHT#ULTIMATE#WEREWOLF#86##November#9th#2019,Game3,"[""Justin"", ""Mitchell"", ""Paul"", ""Mike""]","[""Troublemaker"", ""Werewolf"", ""Werewolf"", ""Robber""]","[""Troublemaker"", ""Robber"", ""Werewolf"", ""Werewolf""]",True,player,"[""Paul"", ""Mike""]",3,"{""Justin"": 0.6666666666666666, ""Paul"": 0.3333333333333333}",0.3333333333333333,0.6365141682948128,True,Justin,True,False,,,
Youtube / ONE#NIGHT#ULTIMATE#WEREWOLF#86##November#9th#2019 / Game4,Youtube,ONE#NIGHT#ULTIMATE#WEREWOLF#86##November#9th#2019,Game4,"[""Justin"", ""Mitchell"", ""Paul"", ""Mike""]","[""Troublemaker"", ""Werewolf"", ""Seer"", ""Tanner""]","[""Troublemaker"", ""Tanner"", ""Seer"", ""Werewolf""]",True,player,"[""Mike""]",3,"{""Mike"": 1.0}",1.0,-0.0,True,Mike,True,True,,,
Youtube / ONE#NIGHT#ULTIMATE#WEREWOLF#87##November#9th#2019 / Game1,Youtube,ONE#NIGHT#ULTIMATE#WEREWOLF#87##November#9th#2019,Game1,"[""Justin"", ""Mitchell"", ""Paul"", ""Mike""]","[""Robber"", ""Werewolf"", ""Werewolf"", ""Troublemaker""]","[""Werewolf"", ""Robber"", ""Werewolf"", ""Troublemaker""]",True,player,"[""Justin"", ""Paul""]",3,"{""Mitchell"": 1.0}",0.0,-0.0,False,Mitchell,True,False,,,
Youtube / ONE#NIGHT#ULTIMATE#WEREWOLF#87##November#9th#2019 / Game2,Youtube,ONE#NIGHT#ULTIMATE#WEREWOLF#87##November#9th#2019,Game2,"[""Justin"", ""Mitchell"", ""Paul"", ""Mike""]","[""Troublemaker"", ""Robber"", ""Werewolf"", ""Tanner""]","[""Robber"", ""Troublemaker"", ""Werewolf"", ""Tanner""]",True,player,"[""Paul""]",3,"{""No Werewolf"": 0.3333333333333333, ""Mitchell"": 0.3333333333333333, ""Paul"": 0.3333333333333333}",0.3333333333333333,1.0986122886681096,True,,False,,,,
Youtube / ONE#NIGHT#ULTIMATE#WEREWOLF#89##November#30th#2019 / Game2,Youtube,ONE#NIGHT#ULTIMATE#WEREWOLF#89##November#30th#2019,Game2,"[""Justin"", ""Mitchell"", ""Paul"", ""James""]","[""Werewolf"", ""Werewolf"", ""Robber"", ""Troublemaker""]","[""Werewolf"", ""Werewolf"", ""Robber"", ""Troublemaker""]",True,player,"[""Justin"", ""Mitchell""]",3,"{""Justin"": 0.3333333333333333, ""No Werewolf"": 0.6666666666666666}",0.3333333333333333,0.6365141682948128,True,No Werewolf,True,False,,,
Youtube / ONE#NIGHT#ULTIMATE#WEREWOLF#89##November#30th#2019 / Game3,Youtube,ONE#NIGHT#ULTIMATE#WEREWOLF#89##November#30th#2019,Game3,"[""Justin"", ""Mitchell"", ""Paul"", ""James""]","[""Werewolf"", ""Robber"", ""Werewolf"", ""Troublemaker""]","[""Robber"", ""Werewolf"", ""Werewolf"", ""Troublemaker""]",True,player,"[""Mitchell"", ""Paul""]",3,"{""James"": 0.6666666666666666, ""Mitchell"": 0.3333333333333333}",0.3333333333333333,0.6365141682948128,True,James,True,False,,,
Youtube / ONE#NIGHT#ULTIMATE#WEREWOLF#9##November#6th#2016 / Game1,Youtube,ONE#NIGHT#ULTIMATE#WEREWOLF#9##November#6th#2016,Game1,"[""Caitlynn"", ""Mitchell"", ""Alana"", ""Mike""]","[""Tanner"", ""Seer"", ""Werewolf"", ""Insomniac""]","[""Tanner"", ""Seer"", ""Werewolf"", ""Insomniac""]",True,player,"[""Alana""]",3,"{""Caitlynn"": 0.3333333333333333, ""Alana"": 0.6666666666666666}",0.6666666666666666,0.6365141682948128,True,Alana,True,True,,,
Youtube / ONE#NIGHT#ULTIMATE#WEREWOLF#9##November#6th#2016 / Game2,Youtube,ONE#NIGHT#ULTIMATE#WEREWOLF#9##November#6th#2016,Game2,"[""Caitlynn"", ""Mitchell"", ""Alana"", ""Mike""]","[""Seer"", ""Robber"", ""Werewolf"", ""Troublemaker""]","[""Seer"", ""Troublemaker"", ""Werewolf"", ""Robber""]",True,player,"[""Alana""]",3,"{""Alana"": 1.0}",1.0,-0.0,True,Alana,True,True,,,
Youtube / ONE#NIGHT#ULTIMATE#WEREWOLF#9##November#6th#2016 / Game3,Youtube,ONE#NIGHT#ULTIMATE#WEREWOLF#9##November#6th#2016,Game3,"[""Caitlynn"", ""Mitchell"", ""Alana"", ""Mike""]","[""Werewolf"", ""Robber"", ""Insomniac"", ""Werewolf""]","[""Werewolf"", ""Insomniac"", ""Robber"", ""Werewolf""]",True,player,"[""Caitlynn"", ""Mike""]",3,"{""Mike"": 1.0}",1.0,-0.0,True,Mike,True,True,,,
Youtube / ONE#NIGHT#ULTIMATE#WEREWOLF#9##November#6th#2016 / Game4,Youtube,ONE#NIGHT#ULTIMATE#WEREWOLF#9##November#6th#2016,Game4,"[""Caitlynn"", ""Mitchell"", ""Alana"", ""Mike""]","[""Insomniac"", ""Troublemaker"", ""Seer"", ""Werewolf""]","[""Insomniac"", ""Troublemaker"", ""Werewolf"", ""Seer""]",True,player,"[""Alana""]",3,"{""No Werewolf"": 0.6666666666666666, ""Alana"": 0.3333333333333333}",0.3333333333333333,0.6365141682948128,True,No Werewolf,True,False,,,
Youtube / One#Night#Ultimate#Love#Letter##ONE#NIGHT#ULTIMATE#WEREWOLF / Game2,Youtube,One#Night#Ultimate#Love#Letter##ONE#NIGHT#ULTIMATE#WEREWOLF,Game2,"[""Justin"", ""Mitchell"", ""Paul"", ""Tyler""]","[""Troublemaker"", ""Werewolf"", ""Werewolf"", ""Seer""]","[""Troublemaker"", ""Werewolf"", ""Werewolf"", ""Seer""]",True,player,"[""Mitchell"", ""Paul""]",3,"{""Mitchell"": 0.6666666666666666, ""Justin"": 0.3333333333333333}",0.6666666666666666,0.6365141682948128,True,Mitchell,True,True,,,
Youtube / One#Night#Ultimate#Love#Letter##ONE#NIGHT#ULTIMATE#WEREWOLF / Game3,Youtube,One#Night#Ultimate#Love#Letter##ONE#NIGHT#ULTIMATE#WEREWOLF,Game3,"[""Justin"", ""Mitchell"", ""Paul"", ""Tyler""]","[""Werewolf"", ""Drunk"", ""Troublemaker"", ""Werewolf""]","[""Werewolf"", ""Seer"", ""Troublemaker"", ""Werewolf""]",True,player,"[""Justin"", ""Tyler""]",3,"{""Justin"": 1.0}",1.0,-0.0,True,Justin,True,True,,,
Youtube / One#Night#Ultimate#Love#Letter##ONE#NIGHT#ULTIMATE#WEREWOLF / Game7,Youtube,One#Night#Ultimate#Love#Letter##ONE#NIGHT#ULTIMATE#WEREWOLF,Game7,"[""Justin"", ""Mitchell"", ""Paul"", ""Tyler""]","[""Werewolf"", ""Drunk"", ""Troublemaker"", ""Seer""]","[""Werewolf"", ""Tanner"", ""Troublemaker"", ""Drunk""]",True,player,"[""Justin""]",3,"{""Justin"": 0.6666666666666666, ""Paul"": 0.3333333333333333}",0.6666666666666666,0.6365141682948128,True,Justin,True,True,,,
Youtube / One#Night#Ultimate#Werewolf#1#How-To#and#Playthrough / Game1,Youtube,One#Night#Ultimate#Werewolf#1#How-To#and#Playthrough,Game1,"[""Dan"", ""Ed"", ""Katie"", ""Brett"", ""Audrey"", ""Dylan""]","[""Seer"", ""Werewolf"", ""Werewolf"", ""Villager"", ""Villager"", ""Troublemaker""]","[""Werewolf"", ""Seer"", ""Werewolf"", ""Villager"", ""Villager"", ""Troublemaker""]",True,player,"[""Dan"", ""Katie""]",3,"{""Brett"": 1.0}",0.0,-0.0,False,Brett,True,False,,,
Youtube / One#Night#Ultimate#Werewolf#2#The#Drunk / Game1,Youtube,One#Night#Ultimate#Werewolf#2#The#Drunk,Game1,"[""Dan"", ""Ed"", ""Katie"", ""Brett"", ""Audrey"", ""Dylan""]","[""Mason"", ""Seer"", ""Werewolf"", ""Troublemaker"", ""Villager"", ""Werewolf""]","[""Werewolf"", ""Seer"", ""Werewolf"", ""Troublemaker"", ""Villager"", ""Mason""]",True,player,"[""Dan"", ""Katie""]",3,"{""Dylan"": 1.0}",0.0,-0.0,False,Dylan,True,False,,,
Youtube / One#Night#Ultimate#Werewolf#3#Insomniac / Game1,Youtube,One#Night#Ultimate#Werewolf#3#Insomniac,Game1,"[""Dan"", ""Ed"", ""Katie"", ""Brett"", ""Audrey"", ""Dylan""]","[""Troublemaker"", ""Insomniac"", ""Mason"", ""Werewolf"", ""Robber"", ""Seer""]","[""Troublemaker"", ""Mason"", ""Insomniac"", ""Werewolf"", ""Seer"", ""Robber""]",True,player,"[""Brett""]",3,"{""Brett"": 1.0}",1.0,-0.0,True,Brett,True,True,,,
Youtube / One#Night#Ultimate#Werewolf#361#Classic#Werewolf / Game1,Youtube,One#Night#Ultimate#Werewolf#361#Classic#Werewolf,Game1,"[""Pete"", ""Katie"", ""Brett"", ""George"", ""Kelsey"", ""Dylan""]","[""Mason"", ""Drunk"", ""Troublemaker"", ""Werewolf"", ""Werewolf"", ""Robber""]","[""Drunk"", ""Minion"", ""Troublemaker"", ""Robber"", ""Werewolf"", ""Werewolf""]",True,player,"[""Kelsey"", ""Dylan""]",3,"{""Dylan"": 0.6666666666666666, ""Kelsey"": 0.3333333333333333}",1.0,0.6365141682948128,True,Dylan,True,True,,,
Youtube / One#Night#Ultimate#Werewolf#362#More#Classic#Werewolf / Game1,Youtube,One#Night#Ultimate#Werewolf#362#More#Classic#Werewolf,Game1,"[""Pete"", ""Katie"", ""Brett"", ""George"", ""Kelsey"", ""Dylan""]","[""Werewolf"", ""Werewolf"", ""Tanner"", ""Minion"", ""Robber"", ""Mason""]","[""Werewolf"", ""Werewolf"", ""Robber"", ""Minion"", ""Tanner"", ""Mason""]",True,player,"[""Pete"", ""Katie""]",3,"{""Kelsey"": 0.6666666666666666, ""Pete"": 0.3333333333333333}",0.3333333333333333,0.6365141682948128,True,Kelsey,True,False,,,
Youtube / One#Night#Ultimate#Werewolf#363#Even#More#Classic#Werewolf / Game1,Youtube,One#Night#Ultimate#Werewolf#363#Even#More#Classic#Werewolf,Game1,"[""Pete"", ""Katie"", ""Brett"", ""George"", ""Kelsey"", ""Dylan""]","[""Mason"", ""Werewolf"", ""Mason"", ""Robber"", ""Minion"", ""Drunk""]","[""Robber"", ""Werewolf"", ""Mason"", ""Mason"", ""Minion"", ""Troublemaker""]",True,player,"[""Katie""]",3,"{""No Werewolf"": 0.3333333333333333, ""Dylan"": 0.6666666666666666}",0.0,0.6365141682948128,False,Dylan,True,False,,,
Youtube / One#Night#Ultimate#Werewolf#381#The#Hunt#Is#On / Game1,Youtube,One#Night#Ultimate#Werewolf#381#The#Hunt#Is#On,Game1,"[""Ed"", ""Dustin"", ""Katie"", ""Brett"", ""Kelsey"", ""Dylan""]","[""Troublemaker"", ""Insomniac"", ""Robber"", ""Seer"", ""Hunter"", ""Tanner""]","[""Robber"", ""Insomniac"", ""Seer"", ""Troublemaker"", ""Hunter"", ""Tanner""]",False,circle,[],3,"{""Dustin"": 0.6666666666666666, ""No Werewolf"": 0.3333333333333333}",0.3333333333333333,0.6365141682948128,True,Dustin,True,False,,,
Youtube / One#Night#Ultimate#Werewolf#382#Game#100!! / Game1,Youtube,One#Night#Ultimate#Werewolf#382#Game#100!!,Game1,"[""Ed"", ""Dustin"", ""Katie"", ""Brett"", ""Kelsey"", ""Dylan""]","[""Seer"", ""Insomniac"", ""Robber"", ""Troublemaker"", ""Tanner"", ""Werewolf""]","[""Seer"", ""Werewolf"", ""Tanner"", ""Troublemaker"", ""Robber"", ""Insomniac""]",True,player,"[""Dustin""]",3,"{""Dustin"": 0.6666666666666666, ""Dylan"": 0.3333333333333333}",0.6666666666666666,0.6365141682948128,True,Dustin,True,True,,,
Youtube / One#Night#Ultimate#Werewolf#491#Classic#Werewolf / Game1,Youtube,One#Night#Ultimate#Werewolf#491#Classic#Werewolf,Game1,"[""Pete"", ""Katie"", ""Brett"", ""Dustin""]","[""Werewolf"", ""Troublemaker"", ""Seer"", ""Drunk""]","[""Seer"", ""Troublemaker"", ""Werewolf"", ""Robber""]",True,player,"[""Brett""]",3,"{""Pete"": 1.0}",0.0,-0.0,False,Pete,True,False,,,
Youtube / One#Night#Ultimate#Werewolf#492#More#Classic#Werewolf / Game1,Youtube,One#Night#Ultimate#Werewolf#492#More#Classic#Werewolf,Game1,"[""Pete"", ""Katie"", ""Brett"", ""Dustin""]","[""Tanner"", ""Drunk"", ""Robber"", ""Seer""]","[""Tanner"", ""Troublemaker"", ""Seer"", ""Robber""]",False,circle,[],3,"{""No Werewolf"": 0.3333333333333333, ""Pete"": 0.3333333333333333, ""Katie"": 0.3333333333333333}",0.3333333333333333,1.0986122886681096,True,,False,,,,
Youtube / One#Night#Ultimate#Werewolf#493#Even#More#Classic#Werewolf / Game1,Youtube,One#Night#Ultimate#Werewolf#493#Even#More#Classic#Werewolf,Game1,"[""Pete"", ""Katie"", ""Brett"", ""Dustin""]","[""Robber"", ""Tanner"", ""Seer"", ""Werewolf""]","[""Robber"", ""Tanner"", ""Seer"", ""Werewolf""]",True,player,"[""Dustin""]",3,"{""Katie"": 1.0}",0.0,-0.0,False,Katie,True,False,,,
Youtube / One#Night#Ultimate#Werewolf#531#Classic#ONUW / Game1,Youtube,One#Night#Ultimate#Werewolf#531#Classic#ONUW,Game1,"[""Ryan"", ""Katie"", ""Brett"", ""DeAndre""]","[""Drunk"", ""Tanner"", ""Minion"", ""Troublemaker""]","[""Robber"", ""Minion"", ""Tanner"", ""Troublemaker""]",False,circle,[],3,"{""Ryan"": 0.6666666666666666, ""Katie"": 0.3333333333333333}",0.0,0.6365141682948128,False,Ryan,True,False,,,
Youtube / One#Night#Ultimate#Werewolf#532#More#Classic#ONUW / Game1,Youtube,One#Night#Ultimate#Werewolf#532#More#Classic#ONUW,Game1,"[""Ryan"", ""Katie"", ""Brett"", ""DeAndre""]","[""Robber"", ""Tanner"", ""Troublemaker"", ""Drunk""]","[""Troublemaker"", ""Drunk"", ""Robber"", ""Werewolf""]",True,player,"[""DeAndre""]",3,"{""DeAndre"": 1.0}",1.0,-0.0,True,DeAndre,True,True,,,
Youtube / One#Night#Ultimate#Werewolf#533#Even#More#Classic#ONUW / Game1,Youtube,One#Night#Ultimate#Werewolf#533#Even#More#Classic#ONUW,Game1,"[""Ryan"", ""Katie"", ""Brett"", ""DeAndre""]","[""Troublemaker"", ""Robber"", ""Tanner"", ""Drunk""]","[""Robber"", ""Tanner"", ""Troublemaker"", ""Minion""]",False,circle,[],3,"{""DeAndre"": 1.0}",0.0,-0.0,False,DeAndre,True,False,,,
Youtube / One#Night#Ultimate#Werewolf#GAME#NIGHT!! / Game2,Youtube,One#Night#Ultimate#Werewolf#GAME#NIGHT!!,Game2,"[""Eric"", ""Shane"", ""Calvin"", ""Aaron"", ""Rick""]","[""Werewolf"", ""Robber"", ""Villager"", ""Seer"", ""Villager""]","[""Robber"", ""Werewolf"", ""Villager"", ""Seer"", ""Villager""]",True,player,"[""Shane""]",3,"{""Shane"": 0.6666666666666666, ""Eric"": 0.3333333333333333}",0.6666666666666666,0.6365141682948128,True,Shane,True,True,,,
Youtube / Retrovision##ONE#NIGHT#ULTIMATE#WEREWOLF##Retro#7 / Game1,Youtube,Retrovision##ONE#NIGHT#ULTIMATE#WEREWOLF##Retro#7,Game1,"[""Justin"", ""Eric"", ""Paul"", ""Mitchell"", ""Mike""]","[""Seer"", ""Robber"", ""Werewolf"", ""Werewolf"", ""Villager""]","[""Seer"", ""Werewolf"", ""Werewolf"", ""Robber"", ""Villager""]",True,player,"[""Eric"", ""Paul""]",3,"{""Paul"": 1.0}",1.0,-0.0,True,Paul,True,True,,,
Youtube / Retrovision##ONE#NIGHT#ULTIMATE#WEREWOLF##Retro#7 / Game2,Youtube,Retrovision##ONE#NIGHT#ULTIMATE#WEREWOLF##Retro#7,Game2,"[""Justin"", ""Eric"", ""Paul"", ""Mitchell"", ""Mike""]","[""Insomniac"", ""Seer"", ""Villager"", ""Villager"", ""Werewolf""]","[""Insomniac"", ""Seer"", ""Villager"", ""Villager"", ""Werewolf""]",True,player,"[""Mike""]",3,"{""Paul"": 0.3333333333333333, ""Mike"": 0.6666666666666666}",0.6666666666666666,0.6365141682948128,True,Mike,True,True,,,
Youtube / Retrovision##ONE#NIGHT#ULTIMATE#WEREWOLF##Retro#7 / Game3,Youtube,Retrovision##ONE#NIGHT#ULTIMATE#WEREWOLF##Retro#7,Game3,"[""Justin"", ""Eric"", ""Paul"", ""Mitchell"", ""Mike""]","[""Seer"", ""Villager"", ""Werewolf"", ""Troublemaker"", ""Robber""]","[""Werewolf"", ""Villager"", ""Seer"", ""Troublemaker"", ""Robber""]",True,player,"[""Justin""]",3,"{""Mitchell"": 1.0}",0.0,-0.0,False,Mitchell,True,False,,,
Youtube / Retrovision##ONE#NIGHT#ULTIMATE#WEREWOLF##Retro#7 / Game4,Youtube,Retrovision##ONE#NIGHT#ULTIMATE#WEREWOLF##Retro#7,Game4,"[""Justin"", ""Eric"", ""Paul"", ""Mitchell"", ""Mike""]","[""Werewolf"", ""Werewolf"", ""Villager"", ""Troublemaker"", ""Tanner""]","[""Werewolf"", ""Tanner"", ""Villager"", ""Troublemaker"", ""Werewolf""]",True,player,"[""Justin"", ""Mike""]",3,"{""Mike"": 0.3333333333333333, ""Paul"": 0.3333333333333333, ""Eric"": 0.3333333333333333}",0.3333333333333333,1.0986122886681096,True,,False,,,,
Youtube / Retrovision##ONE#NIGHT#ULTIMATE#WEREWOLF##Retro#7 / Game5,Youtube,Retrovision##ONE#NIGHT#ULTIMATE#WEREWOLF##Retro#7,Game5,"[""Justin"", ""Eric"", ""Paul"", ""Mitchell"", ""Mike""]","[""Werewolf"", ""Werewolf"", ""Villager"", ""Troublemaker"", ""Tanner""]","[""Werewolf"", ""Tanner"", ""Villager"", ""Troublemaker"", ""Werewolf""]",True,player,"[""Justin"", ""Mike""]",3,"{""Eric"": 0.6666666666666666, ""Mitchell"": 0.3333333333333333}",0.0,0.6365141682948128,False,Eric,True,False,,,
Youtube / The#Return#of#the#King##ONE#NIGHT#ULTIMATE#WEREWOLF / Game5,Youtube,The#Return#of#the#King##ONE#NIGHT#ULTIMATE#WEREWOLF,Game5,"[""Justin"", ""Mitchell"", ""Paul"", ""James"", ""Tyler""]","[""Seer"", ""Werewolf"", ""Troublemaker"", ""Tanner"", ""Werewolf""]","[""Tanner"", ""Werewolf"", ""Troublemaker"", ""Seer"", ""Werewolf""]",True,player,"[""Mitchell"", ""Tyler""]",3,"{""Mitchell"": 1.0}",1.0,-0.0,True,Mitchell,True,True,,,
Youtube / The#Return#of#the#King##ONE#NIGHT#ULTIMATE#WEREWOLF / Game6,Youtube,The#Return#of#the#King##ONE#NIGHT#ULTIMATE#WEREWOLF,Game6,"[""Justin"", ""Mitchell"", ""Paul"", ""James"", ""Tyler""]","[""Tanner"", ""Seer"", ""Werewolf"", ""Werewolf"", ""Robber""]","[""Tanner"", ""Robber"", ""Werewolf"", ""Werewolf"", ""Seer""]",True,player,"[""Paul"", ""James""]",3,"{""Paul"": 1.0}",1.0,-0.0,True,Paul,True,True,,,
Youtube / The#Return#of#the#King##ONE#NIGHT#ULTIMATE#WEREWOLF / Game7,Youtube,The#Return#of#the#King##ONE#NIGHT#ULTIMATE#WEREWOLF,Game7,"[""Justin"", ""Mitchell"", ""Paul"", ""James"", ""Tyler""]","[""Troublemaker"", ""Minion"", ""Tanner"", ""Robber"", ""Werewolf""]","[""Robber"", ""Minion"", ""Werewolf"", ""Troublemaker"", ""Tanner""]",True,player,"[""Paul""]",3,"{""Mitchell"": 0.6666666666666666, ""Justin"": 0.3333333333333333}",0.0,0.6365141682948128,False,Mitchell,True,False,,,
Youtube / Visions#from#2016##ONE#NIGHT#ULTIMATE#WEREWOLF##Retro#11 / Game1,Youtube,Visions#from#2016##ONE#NIGHT#ULTIMATE#WEREWOLF##Retro#11,Game1,"[""Justin"", ""Laura"", ""Paul"", ""James"", ""Mitchell""]","[""Werewolf"", ""Robber"", ""Seer"", ""Tanner"", ""Insomniac""]","[""Werewolf"", ""Insomniac"", ""Seer"", ""Tanner"", ""Robber""]",True,player,"[""Justin""]",3,"{""Paul"": 1.0}",0.0,-0.0,False,Paul,True,False,,,
Youtube / Visions#from#2016##ONE#NIGHT#ULTIMATE#WEREWOLF##Retro#11 / Game2,Youtube,Visions#from#2016##ONE#NIGHT#ULTIMATE#WEREWOLF##Retro#11,Game2,"[""Justin"", ""Laura"", ""Paul"", ""James"", ""Mitchell""]","[""Werewolf"", ""Insomniac"", ""Tanner"", ""Troublemaker"", ""Mason""]","[""Werewolf"", ""Insomniac"", ""Tanner"", ""Troublemaker"", ""Mason""]",True,player,"[""Justin""]",3,"{""Mitchell"": 0.3333333333333333, ""James"": 0.6666666666666666}",0.0,0.6365141682948128,False,James,True,False,,,
Youtube / Visions#from#2016##ONE#NIGHT#ULTIMATE#WEREWOLF##Retro#11 / Game3,Youtube,Visions#from#2016##ONE#NIGHT#ULTIMATE#WEREWOLF##Retro#11,Game3,"[""Justin"", ""Laura"", ""Paul"", ""James"", ""Mitchell""]","[""Tanner"", ""Werewolf"", ""Mason"", ""Werewolf"", ""Hunter""]","[""Tanner"", ""Werewolf"", ""Mason"", ""Werewolf"", ""Hunter""]",True,player,"[""Laura"", ""James""]",3,"{""Paul"": 1.0}",0.0,-0.0,False,Paul,True,False,,,
Youtube / Visions#from#2016##ONE#NIGHT#ULTIMATE#WEREWOLF##Retro#11 / Game4,Youtube,Visions#from#2016##ONE#NIGHT#ULTIMATE#WEREWOLF##Retro#11,Game4,"[""Justin"", ""Laura"", ""Paul"", ""James"", ""Mitchell""]","[""Troublemaker"", ""Hunter"", ""Mason"", ""Tanner"", ""Werewolf""]","[""Troublemaker"", ""Hunter"", ""Werewolf"", ""Tanner"", ""Mason""]",True,player,"[""Paul""]",3,"{""Paul"": 1.0}",1.0,-0.0,True,Paul,True,True,,,
Youtube / Visions#from#2016##ONE#NIGHT#ULTIMATE#WEREWOLF##Retro#11 / Game5,Youtube,Visions#from#2016##ONE#NIGHT#ULTIMATE#WEREWOLF##Retro#11,Game5,"[""Justin"", ""Laura"", ""Paul"", ""James"", ""Mitchell""]","[""Tanner"", ""Insomniac"", ""Mason"", ""Mason"", ""Werewolf""]","[""Tanner"", ""Insomniac"", ""Mason"", ""Mason"", ""Werewolf""]",True,player,"[""Mitchell""]",3,"{""Justin"": 1.0}",0.0,-0.0,False,Justin,True,False,,,
Youtube / Way#Way#Back##ONE#NIGHT#ULTIMATE#WEREWOLF##Retro#10 / Game1,Youtube,Way#Way#Back##ONE#NIGHT#ULTIMATE#WEREWOLF##Retro#10,Game1,"[""Justin"", ""Laura"", ""Paul"", ""James"", ""Mitchell""]","[""Werewolf"", ""Villager"", ""Troublemaker"", ""Insomniac"", ""Tanner""]","[""Villager"", ""Werewolf"", ""Troublemaker"", ""Insomniac"", ""Tanner""]",True,player,"[""Laura""]",3,"{""Laura"": 1.0}",1.0,-0.0,True,Laura,True,True,,,
Youtube / Way#Way#Back##ONE#NIGHT#ULTIMATE#WEREWOLF##Retro#10 / Game2,Youtube,Way#Way#Back##ONE#NIGHT#ULTIMATE#WEREWOLF##Retro#10,Game2,"[""Justin"", ""Laura"", ""Paul"", ""James"", ""Mitchell""]","[""Tanner"", ""Troublemaker"", ""Werewolf"", ""Villager"", ""Seer""]","[""Werewolf"", ""Troublemaker"", ""Tanner"", ""Villager"", ""Seer""]",True,player,"[""Justin""]",3,"{""James"": 1.0}",0.0,-0.0,False,James,True,False,,,
Youtube / Way#Way#Back##ONE#NIGHT#ULTIMATE#WEREWOLF##Retro#10 / Game3,Youtube,Way#Way#Back##ONE#NIGHT#ULTIMATE#WEREWOLF##Retro#10,Game3,"[""Justin"", ""Laura"", ""Paul"", ""James"", ""Mitchell""]","[""Werewolf"", ""Werewolf"", ""Troublemaker"", ""Robber"", ""Insomniac""]","[""Werewolf"", ""Werewolf"", ""Troublemaker"", ""Robber"", ""Insomniac""]",True,player,"[""Justin"", ""Laura""]",3,"{""James"": 0.3333333333333333, ""Laura"": 0.6666666666666666}",0.6666666666666666,0.6365141682948128,True,Laura,True,True,,,
Youtube / Way#Way#Back##ONE#NIGHT#ULTIMATE#WEREWOLF##Retro#10 / Game4,Youtube,Way#Way#Back##ONE#NIGHT#ULTIMATE#WEREWOLF##Retro#10,Game4,"[""Justin"", ""Laura"", ""Paul"", ""James"", ""Mitchell""]","[""Insomniac"", ""Werewolf"", ""Hunter"", ""Tanner"", ""Troublemaker""]","[""Insomniac"", ""Werewolf"", ""Hunter"", ""Tanner"", ""Troublemaker""]",True,player,"[""Laura""]",3,"{""James"": 0.3333333333333333, ""Paul"": 0.6666666666666666}",0.0,0.6365141682948128,False,Paul,True,False,,,
Youtube / Way#Way#Back##ONE#NIGHT#ULTIMATE#WEREWOLF##Retro#10 / Game5,Youtube,Way#Way#Back##ONE#NIGHT#ULTIMATE#WEREWOLF##Retro#10,Game5,"[""Justin"", ""Laura"", ""Paul"", ""James"", ""Mitchell""]","[""Robber"", ""Werewolf"", ""Insomniac"", ""Werewolf"", ""Hunter""]","[""Insomniac"", ""Werewolf"", ""Robber"", ""Werewolf"", ""Hunter""]",True,player,"[""Laura"", ""James""]",3,"{""Laura"": 1.0}",1.0,-0.0,True,Laura,True,True,,,
Youtube / Ye#Olde#Times##ONE#NIGHT#ULTIMATE#WEREWOLF##Retro#8 / Game1,Youtube,Ye#Olde#Times##ONE#NIGHT#ULTIMATE#WEREWOLF##Retro#8,Game1,"[""Justin"", ""Eric"", ""Paul"", ""Mitchell"", ""Mike""]","[""Werewolf"", ""Robber"", ""Troublemaker"", ""Seer"", ""Hunter""]","[""Werewolf"", ""Seer"", ""Troublemaker"", ""Hunter"", ""Robber""]",True,player,"[""Justin""]",3,"{""Justin"": 1.0}",1.0,-0.0,True,Justin,True,True,,,
Youtube / Ye#Olde#Times##ONE#NIGHT#ULTIMATE#WEREWOLF##Retro#8 / Game2,Youtube,Ye#Olde#Times##ONE#NIGHT#ULTIMATE#WEREWOLF##Retro#8,Game2,"[""Justin"", ""Eric"", ""Paul"", ""Mitchell"", ""Mike""]","[""Hunter"", ""Insomniac"", ""Tanner"", ""Troublemaker"", ""Robber""]","[""Hunter"", ""Robber"", ""Insomniac"", ""Troublemaker"", ""Tanner""]",False,circle,[],3,"{""No Werewolf"": 0.6666666666666666, ""Mike"": 0.3333333333333333}",0.6666666666666666,0.6365141682948128,True,No Werewolf,True,True,,,
Youtube / Ye#Olde#Times##ONE#NIGHT#ULTIMATE#WEREWOLF##Retro#8 / Game3,Youtube,Ye#Olde#Times##ONE#NIGHT#ULTIMATE#WEREWOLF##Retro#8,Game3,"[""Justin"", ""Eric"", ""Paul"", ""Mitchell"", ""Mike""]","[""Insomniac"", ""Troublemaker"", ""Werewolf"", ""Hunter"", ""Seer""]","[""Hunter"", ""Troublemaker"", ""Werewolf"", ""Insomniac"", ""Seer""]",True,player,"[""Paul""]",3,"{""Paul"": 1.0}",1.0,-0.0,True,Paul,True,True,,,
Youtube / Ye#Olde#Times##ONE#NIGHT#ULTIMATE#WEREWOLF##Retro#8 / Game4,Youtube,Ye#Olde#Times##ONE#NIGHT#ULTIMATE#WEREWOLF##Retro#8,Game4,"[""Justin"", ""Eric"", ""Paul"", ""Mitchell"", ""Mike""]","[""Werewolf"", ""Tanner"", ""Robber"", ""Hunter"", ""Troublemaker""]","[""Werewolf"", ""Hunter"", ""Tanner"", ""Robber"", ""Troublemaker""]",True,player,"[""Justin""]",3,"{""Justin"": 1.0}",1.0,-0.0,True,Justin,True,True,,,
