entry_id,marker,structure,n_components,components,n_orthographic_variants,n_relation_senses,has_relation_information,declared_discontinuous,usable,exclusion_reason
1,once,contiguous,1,,3,7,True,False,True,
2,although,contiguous,1,,2,8,True,False,True,
3,though,contiguous,1,,2,23,True,False,True,
4,but,contiguous,1,,2,18,True,False,True,
5,because,contiguous,1,,2,5,True,False,True,
6,nevertheless,contiguous,1,,2,6,True,False,True,
7,before,contiguous,1,,2,5,True,False,True,
8,for example,contiguous,1,,2,2,True,False,True,
9,until,contiguous,1,,2,8,True,False,True,
10,if,contiguous,1,,3,25,True,False,True,
11,previously,contiguous,1,,2,2,True,False,True,
12,when,contiguous,1,,3,24,True,False,True,
13,and,contiguous,1,,2,16,True,False,True,
14,so,contiguous,1,,2,5,True,False,True,
15,then,contiguous,1,,2,13,True,False,True,
16,while,contiguous,1,,2,14,True,False,True,
17,as long as,contiguous,1,,2,5,True,False,True,
18,however,contiguous,1,,2,10,True,False,True,
19,also,contiguous,1,,2,5,True,False,True,
20,after,contiguous,1,,2,4,True,False,True,
21,separately,contiguous,1,,2,3,True,False,True,
22,still,contiguous,1,,2,11,True,False,True,
23,so that,contiguous,1,,1,1,True,False,True,
24,or,contiguous,1,,2,9,True,False,True,
25,moreover,contiguous,1,,2,2,True,False,True,
26,in addition,contiguous,1,,2,1,True,False,True,
27,instead,contiguous,1,,2,4,True,False,True,
28,on the other hand,contiguous,1,,2,5,True,False,True,
29,as,contiguous,1,,2,15,True,False,True,
30,for instance,contiguous,1,,2,2,True,False,True,
31,nonetheless,contiguous,1,,2,4,True,False,True,
32,unless,contiguous,1,,2,2,True,False,True,
33,meanwhile,contiguous,1,,2,7,True,False,True,
34,yet,contiguous,1,,2,16,True,False,True,
35,since,contiguous,1,,2,6,True,False,True,
36,rather,contiguous,1,,2,5,True,False,True,
37,in fact,contiguous,1,,2,9,True,False,True,
38,indeed,contiguous,1,,2,10,True,False,True,
39,later,contiguous,1,,2,2,True,False,True,
40,ultimately,contiguous,1,,2,4,True,False,True,
41,as a result,contiguous,1,,2,1,True,False,True,
42,either or,discontinuous,2,either ... or,2,3,True,True,True,
43,therefore,contiguous,1,,2,1,True,False,True,
44,in turn,contiguous,1,,1,5,True,False,True,
45,thus,contiguous,1,,2,2,True,False,True,
46,in particular,contiguous,1,,2,2,True,False,True,
47,further,contiguous,1,,2,2,True,False,True,
48,afterward,contiguous,1,,4,1,True,False,True,
49,next,contiguous,1,,2,3,True,False,True,
50,similarly,contiguous,1,,2,1,True,False,True,
51,besides,contiguous,1,,2,4,True,False,True,
52,if and when,contiguous,1,,1,3,True,False,True,
53,nor,contiguous,1,,2,4,True,False,True,
54,alternatively,contiguous,1,,2,2,True,False,True,
55,whereas,contiguous,1,,2,3,True,False,True,
56,overall,contiguous,1,,2,5,True,False,True,
57,by comparison,contiguous,1,,2,3,True,False,True,
58,till,contiguous,1,,1,1,True,False,True,
59,in contrast,contiguous,1,,2,3,True,False,True,
60,finally,contiguous,1,,2,4,True,False,True,
61,otherwise,contiguous,1,,2,3,True,False,True,
62,as if,contiguous,1,,2,3,True,False,True,
63,thereby,contiguous,1,,1,1,True,False,True,
64,now that,contiguous,1,,2,5,True,False,True,
65,before and after,contiguous,1,,1,1,True,False,True,
66,additionally,contiguous,1,,2,1,True,False,True,
67,meantime,contiguous,1,,2,5,True,False,True,
68,by contrast,contiguous,1,,2,3,True,False,True,
69,if then,discontinuous,2,if ... then,2,5,True,True,True,
70,likewise,contiguous,1,,2,1,True,False,True,
71,in the end,contiguous,1,,2,8,True,False,True,
72,regardless,contiguous,1,,2,1,True,False,True,
73,thereafter,contiguous,1,,2,2,True,False,True,
74,earlier,contiguous,1,,2,2,True,False,True,
75,in other words,contiguous,1,,2,3,True,False,True,
76,as soon as,contiguous,1,,2,2,True,False,True,
77,except,contiguous,1,,2,3,True,False,True,
78,in short,contiguous,1,,1,1,True,False,True,
79,neither nor,discontinuous,2,neither ... nor,1,3,True,True,True,
80,furthermore,contiguous,1,,2,1,True,False,True,
81,lest,contiguous,1,,1,2,True,False,True,
82,as though,contiguous,1,,1,2,True,False,True,
83,specifically,contiguous,1,,2,2,True,False,True,
84,conversely,contiguous,1,,1,1,True,False,True,
85,consequently,contiguous,1,,2,1,True,False,True,
86,as well,contiguous,1,,2,1,True,False,True,
87,much as,contiguous,1,,1,4,True,False,True,
88,plus,contiguous,1,,1,1,True,False,True,
89,hence,contiguous,1,,2,1,True,False,True,
90,by then,contiguous,1,,2,4,True,False,True,
91,accordingly,contiguous,1,,2,1,True,False,True,
92,on the contrary,contiguous,1,,1,3,True,False,True,
93,simultaneously,contiguous,1,,2,1,True,False,True,
94,for,contiguous,1,,2,1,True,False,True,
95,in sum,contiguous,1,,1,1,True,False,True,
96,when and if,contiguous,1,,1,1,True,False,True,
97,insofar as,contiguous,1,,1,1,True,False,True,
98,else,contiguous,1,,1,1,True,False,True,
99,as an alternative,contiguous,1,,1,1,True,False,True,
100,on the one hand on the other hand,discontinuous,2,on the one hand ... on the other hand,1,1,True,True,True,
101,because of,contiguous,1,,2,1,True,False,True,
102,aside from,contiguous,1,,2,1,True,False,True,
103,for one,contiguous,1,,2,1,True,False,True,
104,whatever,contiguous,1,,2,1,True,False,True,
105,when/then,discontinuous,2,when ... then,2,1,True,True,True,
106,at the time,contiguous,1,,2,1,True,False,True,
107,in this way,contiguous,1,,2,1,True,False,True,
108,even so,contiguous,1,,2,1,True,False,True,
109,quite the contrary,contiguous,1,,2,1,True,False,True,
110,everytime,contiguous,1,,2,1,True,False,True,
111,for one thing,contiguous,1,,2,1,True,False,True,
112,despite,contiguous,1,,2,1,True,False,True,
113,instead of,contiguous,1,,2,2,True,False,True,
114,in case,contiguous,1,,2,1,True,False,True,
115,without,contiguous,1,,2,3,True,False,True,
116,even though,contiguous,1,,2,1,True,False,True,
117,with,contiguous,1,,2,5,True,False,True,
118,even if,contiguous,1,,2,1,True,False,True,
119,by the way,contiguous,1,,2,2,True,False,True,
120,given that,contiguous,1,,2,3,True,False,True,
121,in any event,contiguous,1,,2,2,True,False,True,
122,essentially,contiguous,1,,2,1,True,False,True,
123,given,contiguous,1,,2,3,True,False,True,
124,at that point,contiguous,1,,2,1,True,False,True,
125,in essence,contiguous,1,,2,1,True,False,True,
126,in response to,contiguous,1,,2,1,True,False,True,
127,anyway,contiguous,1,,2,1,True,False,True,
128,upon,contiguous,1,,2,1,True,False,True,
129,except that,contiguous,1,,2,1,True,False,True,
130,eventually,contiguous,1,,2,1,True,False,True,
131,at the same time,contiguous,1,,2,3,True,False,True,
132,in addition to,contiguous,1,,2,1,True,False,True,
133,in spite of,contiguous,1,,2,1,True,False,True,
134,in any case,contiguous,1,,2,2,True,False,True,
135,after all,contiguous,1,,2,2,True,False,True,
136,as a result of,contiguous,1,,2,1,True,False,True,
137,irrespective of,contiguous,1,,2,1,True,False,True,
138,rather than,contiguous,1,,2,1,True,False,True,
139,after that,contiguous,1,,2,1,True,False,True,
140,not only/but,discontinuous,2,not only ... but,2,1,True,True,True,
141,whenever,contiguous,1,,2,1,True,False,True,
142,particularly,contiguous,1,,2,1,True,False,True,
