justification_id,model_under_annotation,is_correct,vote,sentence_id,text,rule_mentioned,category,use,evidence_span,other_description
2B__Ego4D__0c2659db-7bd4-4b37-9b08-4e247befe382__Game4__run_3,2B,True,Ashley,1,"Ashley explicitly stated she was the Werewolf during the discussion, which is a strong indicator, even though players may lie.",False,Testimony,used,Ashley explicitly stated she was the Werewolf,
2B__Ego4D__0c2659db-7bd4-4b37-9b08-4e247befe382__Game4__run_3,2B,True,Ashley,2,"The conversation centered around Elliot potentially swapping with Ashley and becoming the Werewolf, suggesting high volatility in roles.",True,Deduction,mentioned,Elliot potentially swapping with Ashley and becoming the Werewolf,
2B__Ego4D__0c2659db-7bd4-4b37-9b08-4e247befe382__Game4__run_3,2B,True,Ashley,3,"Given the objective is to eliminate a Werewolf, voting out the player who claims the Werewolf role is the most direct path to achieving a Team Village victory.",True,Payoff,used,"objective is to eliminate a Werewolf, voting out the player who claims the Werewolf role is the most direct path to achieving a Team Village victory",
2B__Ego4D__1a0d3e22-a6d6-4723-91a0-52fc2c87d5ce__Game11__greedy_t0,2B,False,No Werewolf,2,"While players are debating the presence of a Troublemaker and Werewolves, there is no concrete evidence or successful identification of a Werewolf.",False,Consistency,used,there is no concrete evidence or successful identification of a Werewolf,
2B__Ego4D__1a0d3e22-a6d6-4723-91a0-52fc2c87d5ce__Game11__greedy_t0,2B,False,No Werewolf,3,"Since Team Village wins if they eliminate a Werewolf, and if no Werewolf is present, they win by default, I cannot confidently accuse any player.",True,Payoff,used,"Team Village wins if they eliminate a Werewolf, and if no Werewolf is present, they win by default, I cannot confidently accuse any player",
2B__Ego4D__324bccd2-adff-4e9a-8ff4-03491e144ac3__Game1__greedy_t0,2B,False,No Werewolf,2,"Since no player has been definitively identified as a Werewolf, and the game rules state that Team Village wins if no Werewolves are present and no one dies, the safest strategic move is to assume that all Werewolf cards are in the center.",True,Consistency,used,no player has been definitively identified as a Werewolf,
2B__Ego4D__324bccd2-adff-4e9a-8ff4-03491e144ac3__Game1__greedy_t0,2B,False,No Werewolf,2,"Since no player has been definitively identified as a Werewolf, and the game rules state that Team Village wins if no Werewolves are present and no one dies, the safest strategic move is to assume that all Werewolf cards are in the center.",True,Payoff,used,"the game rules state that Team Village wins if no Werewolves are present and no one dies, the safest strategic move is to assume that all Werewolf cards are in the center",
2B__Ego4D__324bccd2-adff-4e9a-8ff4-03491e144ac3__Game1__greedy_t0,2B,False,No Werewolf,3,This maximizes the chance of a Team Village victory.,False,Payoff,used,This maximizes the chance of a Team Village victory,
2B__Ego4D__3ba069be-60fa-47fc-bd7b-f85bf649a5bd__Game2__greedy_t0,2B,True,No Werewolf,2,"No player has claimed the Werewolf role, and there is no evidence presented in the transcript to suggest a Werewolf is present.",False,Other,used,"No player has claimed the Werewolf role, and there is no evidence presented in the transcript to suggest a Werewolf is present",Absence of any Werewolf claim or evidence in the discussion
2B__Ego4D__3ba069be-60fa-47fc-bd7b-f85bf649a5bd__Game2__greedy_t0,2B,True,No Werewolf,3,"Following the rule that if no Werewolf is believed to be present, Team Village wins if no one dies, I conclude that no Werewolf is currently active.",True,Payoff,used,"Following the rule that if no Werewolf is believed to be present, Team Village wins if no one dies",
2B__Ego4D__3ba069be-60fa-47fc-bd7b-f85bf649a5bd__Game4__run_2,2B,True,No Werewolf,1,"The discussion transcript is filled with role claims and role swaps, making it impossible to definitively identify the Werewolf.",True,Consistency,used,filled with role claims and role swaps,
2B__Ego4D__3ba069be-60fa-47fc-bd7b-f85bf649a5bd__Game4__run_2,2B,True,No Werewolf,2,"While Kaelan initially claimed to see the Werewolf, the subsequent confusion and role changes suggest that the information gathered is unreliable.",True,Testimony,discounted,Kaelan initially claimed to see the Werewolf,
2B__Ego4D__3ba069be-60fa-47fc-bd7b-f85bf649a5bd__Game4__run_2,2B,True,No Werewolf,2,"While Kaelan initially claimed to see the Werewolf, the subsequent confusion and role changes suggest that the information gathered is unreliable.",True,Consistency,used,subsequent confusion and role changes suggest that the information gathered is unreliable,
2B__Ego4D__3ba069be-60fa-47fc-bd7b-f85bf649a5bd__Game4__run_2,2B,True,No Werewolf,3,"Since I cannot confirm any player holds the Werewolf card, I must assume the Werewolf is currently in the center role pool.",False,Other,used,"Since I cannot confirm any player holds the Werewolf card, I must assume the Werewolf is currently in the center role pool",Absence of confirmation is used as a basis for assuming the Werewolf is in the center.
2B__Youtube__ONE#NIGHT#ULTIMATE#WEREWOLF##Retro#2__Game4__run_1,2B,True,Mike,1,"Dan directly accused Mike of being the Werewolf, which is the clearest indication of a Werewolf role in the discussion.",False,Social,used,Dan directly accused Mike of being the Werewolf,
2B__Youtube__ONE#NIGHT#ULTIMATE#WEREWOLF##Retro#2__Game4__run_1,2B,True,Mike,2,"While the transcript is filled with role swaps and accusations, Dan's assertion serves as the strongest lead for Team Village to pursue.",False,Social,used,Dan's assertion serves as the strongest lead for Team Village to pursue,
2B__Youtube__ONE#NIGHT#ULTIMATE#WEREWOLF##Retro#2__Game4__run_1,2B,True,Mike,3,Eliminating Mike based on this direct accusation maximizes the chance of winning the game by removing a Werewolf.,True,Payoff,used,Eliminating Mike based on this direct accusation maximizes the chance of winning the game,
2B__Youtube__ONE#NIGHT#ULTIMATE#WEREWOLF##Retro#3__Game6__run_2,2B,True,Mike,2,"Multiple players, including Justin and James, accuse Mike of being the Werewolf, and Mike himself claims to have seen two werewolves.",False,Social,used,"Multiple players, including Justin and James, accuse Mike of being the Werewolf",
2B__Youtube__ONE#NIGHT#ULTIMATE#WEREWOLF##Retro#3__Game6__run_2,2B,True,Mike,2,"Multiple players, including Justin and James, accuse Mike of being the Werewolf, and Mike himself claims to have seen two werewolves.",False,Testimony,mentioned,Mike himself claims to have seen two werewolves,
2B__Youtube__ONE#NIGHT#ULTIMATE#WEREWOLF##Retro#3__Game6__run_2,2B,True,Mike,3,"Since Team Village wins by eliminating a Werewolf, voting for Mike is the optimal strategy to achieve this goal.",True,Payoff,used,"Since Team Village wins by eliminating a Werewolf, voting for Mike is the optimal strategy to achieve this goal",
2B__Youtube__ONE#NIGHT#ULTIMATE#WEREWOLF##Retro#3__Game7__run_3,2B,True,Mitchell,2,"James strongly accuses Mitchell of being the Werewolf, and Mitchell's subsequent distress over losing his Tanner story reinforces suspicion.",False,Social,used,James strongly accuses Mitchell of being the Werewolf,
2B__Youtube__ONE#NIGHT#ULTIMATE#WEREWOLF##Retro#3__Game7__run_3,2B,True,Mitchell,2,"James strongly accuses Mitchell of being the Werewolf, and Mitchell's subsequent distress over losing his Tanner story reinforces suspicion.",False,Behavioral,used,Mitchell's subsequent distress over losing his Tanner story,
2B__Youtube__ONE#NIGHT#ULTIMATE#WEREWOLF##Retro#3__Game7__run_3,2B,True,Mitchell,3,"Given the strong consensus in the discussion that Mitchell is the Werewolf, eliminating him is the best way for Team Village to win.",True,Social,used,strong consensus in the discussion that Mitchell is the Werewolf,
2B__Youtube__ONE#NIGHT#ULTIMATE#WEREWOLF##Retro#3__Game7__run_3,2B,True,Mitchell,3,"Given the strong consensus in the discussion that Mitchell is the Werewolf, eliminating him is the best way for Team Village to win.",True,Payoff,used,eliminating him is the best way for Team Village to win,
2B__Youtube__ONE#NIGHT#ULTIMATE#WEREWOLF##Retro#4__Game9__run_3,2B,False,Justin,1,"Based on the transcript, James and Mike both directly accuse Justin of being the Werewolf, which is the critical condition for Team Village to win.",False,Social,used,James and Mike both directly accuse Justin of being the Werewolf,
2B__Youtube__ONE#NIGHT#ULTIMATE#WEREWOLF##Retro#4__Game9__run_3,2B,False,Justin,2,"While the discussion is highly confusing due to role swaps, the final accusations point strongly toward Justin being the Werewolf.",True,Social,used,the final accusations point strongly toward Justin being the Werewolf,
2B__Youtube__ONE#NIGHT#ULTIMATE#WEREWOLF##Retro#4__Game9__run_3,2B,False,Justin,3,Eliminating him maximizes the chance of Team Village achieving its goal of surviving the night.,True,Payoff,used,Eliminating him maximizes the chance of Team Village achieving its goal of surviving the night,
2B__Youtube__ONE#NIGHT#ULTIMATE#WEREWOLF##Retro#5__Game8__run_1,2B,False,No Werewolf,1,"The discussion is highly confusing due to multiple role swaps and conflicting claims regarding who is the Robber, Insomniac, and Tanner.",True,Consistency,used,"conflicting claims regarding who is the Robber, Insomniac, and Tanner",
2B__Youtube__ONE#NIGHT#ULTIMATE#WEREWOLF##Retro#5__Game8__run_1,2B,False,No Werewolf,2,"While Mitchell expresses suspicion that a Werewolf is present, there is no concrete evidence or successful night action to confirm any player's identity.",False,Social,discounted,Mitchell expresses suspicion that a Werewolf is present,
2B__Youtube__ONE#NIGHT#ULTIMATE#WEREWOLF##Retro#5__Game8__run_1,2B,False,No Werewolf,2,"While Mitchell expresses suspicion that a Werewolf is present, there is no concrete evidence or successful night action to confirm any player's identity.",False,Consistency,used,there is no concrete evidence or successful night action to confirm any player's identity,
2B__Youtube__ONE#NIGHT#ULTIMATE#WEREWOLF##Retro#5__Game8__run_1,2B,False,No Werewolf,3,"Since I cannot confidently identify a Werewolf, I must assume the possibility that all Werewolf cards are in the center, which would result in a Team Village win.",True,Payoff,used,"all Werewolf cards are in the center, which would result in a Team Village win",
2B__Youtube__ONE#NIGHT#ULTIMATE#WEREWOLF#62##March#23rd#2019__Game1__run_2,2B,False,James,1,"The discussion strongly suggests that James is a Werewolf, as both Paul and Justin accuse him, and James himself confirms that they are werewolves.",False,Social,used,both Paul and Justin accuse him,
2B__Youtube__ONE#NIGHT#ULTIMATE#WEREWOLF#62##March#23rd#2019__Game1__run_2,2B,False,James,1,"The discussion strongly suggests that James is a Werewolf, as both Paul and Justin accuse him, and James himself confirms that they are werewolves.",False,Testimony,used,James himself confirms that they are werewolves,
2B__Youtube__ONE#NIGHT#ULTIMATE#WEREWOLF#62##March#23rd#2019__Game1__run_2,2B,False,James,2,"Since Team Village wins by eliminating a Werewolf, voting for James is the most strategic move to achieve this objective.",True,Payoff,used,"Team Village wins by eliminating a Werewolf, voting for James is the most strategic move to achieve this objective",
2B__Youtube__ONE#NIGHT#ULTIMATE#WEREWOLF#62##March#23rd#2019__Game1__run_2,2B,False,James,3,"Although the transcript is confusing due to role swaps, the consensus points toward James being the target.",True,Social,used,the consensus points toward James being the target,
2B__Youtube__ONE#NIGHT#ULTIMATE#WEREWOLF#62##March#23rd#2019__Game2__run_2,2B,False,James,2,"Justin confirms James was the Robber, which is a role that can manipulate information.",True,Testimony,used,Justin confirms James was the Robber,
2B__Youtube__ONE#NIGHT#ULTIMATE#WEREWOLF#62##March#23rd#2019__Game2__run_2,2B,False,James,3,"Given the lack of clear confirmation of a Werewolf, James is the most suspicious player due to his involvement in the Robber action and the subsequent uncertainty surrounding the night phase.",True,Consistency,used,lack of clear confirmation of a Werewolf,
2B__Youtube__ONE#NIGHT#ULTIMATE#WEREWOLF#62##March#23rd#2019__Game2__run_2,2B,False,James,3,"Given the lack of clear confirmation of a Werewolf, James is the most suspicious player due to his involvement in the Robber action and the subsequent uncertainty surrounding the night phase.",True,Deduction,used,his involvement in the Robber action and the subsequent uncertainty surrounding the night phase,
2B__Youtube__ONE#NIGHT#ULTIMATE#WEREWOLF#62##March#23rd#2019__Game2__run_2,2B,False,James,4,Eliminating him maximizes the chance of removing a Werewolf and securing a victory for Team Village.,True,Payoff,used,maximizes the chance of removing a Werewolf and securing a victory for Team Village,
2B__Youtube__ONE#NIGHT#ULTIMATE#WEREWOLF#86##November#9th#2019__Game1__run_2,2B,False,No Werewolf,2,"Mike claims he saw a Werewolf, while Justin claims he did not, leading to uncertainty.",False,Consistency,used,"Mike claims he saw a Werewolf, while Justin claims he did not",
2B__Youtube__ONE#NIGHT#ULTIMATE#WEREWOLF#86##November#9th#2019__Game1__run_2,2B,False,No Werewolf,3,"However, the consensus leans towards the idea that the situation is confusing and potentially involves the Tanner trying to manipulate votes.",False,Social,used,consensus leans towards the idea that the situation is confusing and potentially involves the Tanner trying to manipulate votes,
2B__Youtube__ONE#NIGHT#ULTIMATE#WEREWOLF#86##November#9th#2019__Game1__run_2,2B,False,No Werewolf,4,"Since there is no conclusive evidence pointing to a Werewolf, and given the high level of distrust and confusion, it is safer to assume no Werewolf is present, which satisfies the condition for Team Village to win if all Werewolf cards are in the center.",True,Payoff,used,"it is safer to assume no Werewolf is present, which satisfies the condition for Team Village to win if all Werewolf cards are in the center",
2B__Youtube__Ye#Olde#Times##ONE#NIGHT#ULTIMATE#WEREWOLF##Retro#8__Game1__run_2,2B,True,Justin,1,"Justin claimed to be the Werewolf during the discussion phase, which is a strong indicator, even though roles may have swapped.",True,Testimony,used,Justin claimed to be the Werewolf during the discussion phase,
2B__Youtube__Ye#Olde#Times##ONE#NIGHT#ULTIMATE#WEREWOLF##Retro#8__Game1__run_2,2B,True,Justin,2,"Mitchell, who claimed to be the Seer, also saw a Werewolf card in the center during the night actions.",True,Testimony,mentioned,"Mitchell, who claimed to be the Seer, also saw a Werewolf card in the center during the night actions",
2B__Youtube__Ye#Olde#Times##ONE#NIGHT#ULTIMATE#WEREWOLF##Retro#8__Game1__run_2,2B,True,Justin,3,"Since Team Village needs to eliminate a Werewolf to win, voting out the player who claims or is strongly suspected of being the Werewolf is the most logical move.",True,Payoff,used,"Since Team Village needs to eliminate a Werewolf to win, voting out the player who claims or is strongly suspected of being the Werewolf is the most logical move",
31B__Ego4D__0a6ef9dc-a2dc-452b-a907-d6fa2ed4cae0__Game2__run_1,31B,True,Jack,1,Jack claimed to be the Troublemaker and stated that he swapped cards with Brent.,False,Testimony,discounted,Jack claimed to be the Troublemaker and stated that he swapped cards with Brent,
31B__Ego4D__0a6ef9dc-a2dc-452b-a907-d6fa2ed4cae0__Game2__run_1,31B,True,Jack,2,"However, according to the game rules, the Troublemaker swaps the cards of two other players and cannot swap their own card.",True,Deduction,used,the Troublemaker swaps the cards of two other players and cannot swap their own card,
31B__Ego4D__0a6ef9dc-a2dc-452b-a907-d6fa2ed4cae0__Game2__run_1,31B,True,Jack,3,"Furthermore, the moderator (Erin) mentioned at the end of the game that she may have moved too quickly and not given the Troublemaker a chance to act, meaning Jack's claim to have performed a swap was a fabrication.",False,Testimony,used,the moderator (Erin) mentioned at the end of the game that she may have moved too quickly and not given the Troublemaker a chance to act,
31B__Ego4D__0a6ef9dc-a2dc-452b-a907-d6fa2ed4cae0__Game2__run_1,31B,True,Jack,3,"Furthermore, the moderator (Erin) mentioned at the end of the game that she may have moved too quickly and not given the Troublemaker a chance to act, meaning Jack's claim to have performed a swap was a fabrication.",False,Consistency,used,meaning Jack's claim to have performed a swap was a fabrication,
31B__Ego4D__0a6ef9dc-a2dc-452b-a907-d6fa2ed4cae0__Game2__run_1,31B,True,Jack,4,This deception strongly indicates that Jack is a Werewolf.,False,Behavioral,used,This deception strongly indicates that Jack is a Werewolf,
31B__Ego4D__0c2659db-7bd4-4b37-9b08-4e247befe382__Game8__run_1,31B,False,Sian,1,"Sian is the only player who did not claim a role and remained silent throughout the discussion, which is highly suspicious.",False,Behavioral,used,"did not claim a role and remained silent throughout the discussion, which is highly suspicious",
31B__Ego4D__0c2659db-7bd4-4b37-9b08-4e247befe382__Game8__run_1,31B,False,Sian,2,"The other five players provided roles (Troublemaker, Robber, Doppelganger, Hunter, and Seer) that are largely consistent with one another, and Sukeshi (claiming Seer) specifically confirmed Elliot's role as the Troublemaker.",False,Consistency,used,"provided roles (Troublemaker, Robber, Doppelganger, Hunter, and Seer) that are largely consistent with one another",
31B__Ego4D__0c2659db-7bd4-4b37-9b08-4e247befe382__Game8__run_1,31B,False,Sian,2,"The other five players provided roles (Troublemaker, Robber, Doppelganger, Hunter, and Seer) that are largely consistent with one another, and Sukeshi (claiming Seer) specifically confirmed Elliot's role as the Troublemaker.",False,Testimony,used,Sukeshi (claiming Seer) specifically confirmed Elliot's role as the Troublemaker,
31B__Youtube__ONE#NIGHT#ULTIMATE#WEREWOLF##Retro#1__Game1__run_3,31B,True,Mitchell,1,Mitchell claims to be the Troublemaker but states that he swapped his own card with Alvin's.,False,Testimony,used,Mitchell claims to be the Troublemaker but states that he swapped his own card with Alvin's.,
31B__Youtube__ONE#NIGHT#ULTIMATE#WEREWOLF##Retro#1__Game1__run_3,31B,True,Mitchell,3,"This contradiction indicates that Mitchell is lying about his role, making him the most likely candidate for the Werewolf.",False,Consistency,used,This contradiction indicates that Mitchell is lying about his role,
31B__Youtube__ONE#NIGHT#ULTIMATE#WEREWOLF##Retro#2__Game1__run_3,31B,True,Caitlynn,1,"Justin admits to being the starting Werewolf and states he was the only one, having seen the Robber card in the center.",False,Testimony,used,"Justin admits to being the starting Werewolf and states he was the only one, having seen the Robber card in the center.",
31B__Youtube__ONE#NIGHT#ULTIMATE#WEREWOLF##Retro#2__Game1__run_3,31B,True,Caitlynn,2,Dan claims to be the Troublemaker and states he swapped the cards of Justin and Caitlynn.,True,Testimony,used,Dan claims to be the Troublemaker and states he swapped the cards of Justin and Caitlynn.,
31B__Youtube__ONE#NIGHT#ULTIMATE#WEREWOLF##Retro#2__Game1__run_3,31B,True,Caitlynn,3,"If these claims are true, the Werewolf card was moved from Justin to Caitlynn, making Caitlynn the current Werewolf.",True,Deduction,used,"If these claims are true, the Werewolf card was moved from Justin to Caitlynn, making Caitlynn the current Werewolf.",
31B__Youtube__ONE#NIGHT#ULTIMATE#WEREWOLF##Retro#2__Game1__run_3,31B,True,Caitlynn,4,"Mitchell, claiming to be the Seer, supports the honesty of the players involved, and Caitlynn's claim of being a Villager is consistent with a Werewolf's attempt to deceive.",False,Social,used,"Mitchell, claiming to be the Seer, supports the honesty of the players involved",
31B__Youtube__ONE#NIGHT#ULTIMATE#WEREWOLF##Retro#2__Game1__run_3,31B,True,Caitlynn,4,"Mitchell, claiming to be the Seer, supports the honesty of the players involved, and Caitlynn's claim of being a Villager is consistent with a Werewolf's attempt to deceive.",False,Behavioral,used,Caitlynn's claim of being a Villager is consistent with a Werewolf's attempt to deceive,
31B__Youtube__ONE#NIGHT#ULTIMATE#WEREWOLF##Retro#3__Game6__run_3,31B,False,No Werewolf,1,Mike claims to be the Seer and states he saw two werewolves in the center.,True,Testimony,used,Mike claims to be the Seer,
31B__Youtube__ONE#NIGHT#ULTIMATE#WEREWOLF##Retro#3__Game6__run_3,31B,False,No Werewolf,1,Mike claims to be the Seer and states he saw two werewolves in the center.,True,Testimony,used,states he saw two werewolves in the center,
31B__Youtube__ONE#NIGHT#ULTIMATE#WEREWOLF##Retro#3__Game6__run_3,31B,False,No Werewolf,2,"If this is true, no player is a werewolf.",False,Deduction,used,"If this is true, no player is a werewolf",
31B__Youtube__ONE#NIGHT#ULTIMATE#WEREWOLF##Retro#3__Game6__run_3,31B,False,No Werewolf,3,"The conflicting claims of James and Justin (both claiming Troublemaker) and Mitchell's confusing claims (starting as Robber, stealing from Justin, and mentioning the Tanner) suggest a mix of Robber, Troublemaker, and Tanner roles.",True,Consistency,used,conflicting claims of James and Justin (both claiming Troublemaker),
31B__Youtube__ONE#NIGHT#ULTIMATE#WEREWOLF##Retro#3__Game6__run_3,31B,False,No Werewolf,3,"The conflicting claims of James and Justin (both claiming Troublemaker) and Mitchell's confusing claims (starting as Robber, stealing from Justin, and mentioning the Tanner) suggest a mix of Robber, Troublemaker, and Tanner roles.",True,Behavioral,used,Mitchell's confusing claims,
31B__Youtube__ONE#NIGHT#ULTIMATE#WEREWOLF##Retro#3__Game6__run_3,31B,False,No Werewolf,3,"The conflicting claims of James and Justin (both claiming Troublemaker) and Mitchell's confusing claims (starting as Robber, stealing from Justin, and mentioning the Tanner) suggest a mix of Robber, Troublemaker, and Tanner roles.",True,Testimony,used,"starting as Robber, stealing from Justin, and mentioning the Tanner",
31B__Youtube__ONE#NIGHT#ULTIMATE#WEREWOLF##Retro#3__Game6__run_3,31B,False,No Werewolf,4,"Specifically, if Mitchell (Robber) stole the Tanner card from Justin, and James (Troublemaker) then swapped Justin and Mitchell, Justin would end the game as the Tanner.",True,Deduction,used,"if Mitchell (Robber) stole the Tanner card from Justin, and James (Troublemaker) then swapped Justin and Mitchell, Justin would end the game as the Tanner",
31B__Youtube__ONE#NIGHT#ULTIMATE#WEREWOLF##Retro#3__Game6__run_3,31B,False,No Werewolf,5,This scenario is consistent with Mike's claim that no werewolves are among the players.,False,Consistency,used,This scenario is consistent with Mike's claim that no werewolves are among the players,
31B__Youtube__ONE#NIGHT#ULTIMATE#WEREWOLF##Retro#3__Game8__run_1,31B,True,No Werewolf,1,James claims to be the Seer and states that he saw two werewolves in the center of the table.,False,Testimony,used,James claims to be the Seer,
31B__Youtube__ONE#NIGHT#ULTIMATE#WEREWOLF##Retro#3__Game8__run_1,31B,True,No Werewolf,1,James claims to be the Seer and states that he saw two werewolves in the center of the table.,False,Testimony,used,states that he saw two werewolves in the center of the table,
31B__Youtube__ONE#NIGHT#ULTIMATE#WEREWOLF##Retro#3__Game8__run_1,31B,True,No Werewolf,2,"Justin claims to be the Troublemaker and says he did not switch any cards, and Mitchell claims to be the Insomniac and confirms he did not change roles.",False,Testimony,used,Justin claims to be the Troublemaker,
31B__Youtube__ONE#NIGHT#ULTIMATE#WEREWOLF##Retro#3__Game8__run_1,31B,True,No Werewolf,2,"Justin claims to be the Troublemaker and says he did not switch any cards, and Mitchell claims to be the Insomniac and confirms he did not change roles.",False,Testimony,used,says he did not switch any cards,
31B__Youtube__ONE#NIGHT#ULTIMATE#WEREWOLF##Retro#3__Game8__run_1,31B,True,No Werewolf,2,"Justin claims to be the Troublemaker and says he did not switch any cards, and Mitchell claims to be the Insomniac and confirms he did not change roles.",False,Testimony,used,Mitchell claims to be the Insomniac,
31B__Youtube__ONE#NIGHT#ULTIMATE#WEREWOLF##Retro#3__Game8__run_1,31B,True,No Werewolf,2,"Justin claims to be the Troublemaker and says he did not switch any cards, and Mitchell claims to be the Insomniac and confirms he did not change roles.",False,Testimony,used,confirms he did not change roles,
31B__Youtube__ONE#NIGHT#ULTIMATE#WEREWOLF##Retro#3__Game8__run_1,31B,True,No Werewolf,3,These claims are internally consistent and suggest that no player currently holds a werewolf card.,False,Consistency,used,These claims are internally consistent,
31B__Youtube__ONE#NIGHT#ULTIMATE#WEREWOLF##Retro#3__Game8__run_1,31B,True,No Werewolf,3,These claims are internally consistent and suggest that no player currently holds a werewolf card.,False,Deduction,used,suggest that no player currently holds a werewolf card,
31B__Youtube__ONE#NIGHT#ULTIMATE#WEREWOLF##Retro#4__Game11__run_1,31B,False,Mitchell,1,Mitchell's claims are logically contradictory.,False,Consistency,used,Mitchell's claims are logically contradictory,
31B__Youtube__ONE#NIGHT#ULTIMATE#WEREWOLF##Retro#4__Game11__run_1,31B,False,Mitchell,2,"He asserts he was a Minion who saw Justin as a Werewolf, and that James (the Troublemaker) swapped their cards, which would make Mitchell the Werewolf.",True,Testimony,used,"He asserts he was a Minion who saw Justin as a Werewolf, and that James (the Troublemaker) swapped their cards",
31B__Youtube__ONE#NIGHT#ULTIMATE#WEREWOLF##Retro#4__Game11__run_1,31B,False,Mitchell,2,"He asserts he was a Minion who saw Justin as a Werewolf, and that James (the Troublemaker) swapped their cards, which would make Mitchell the Werewolf.",True,Deduction,used,"James (the Troublemaker) swapped their cards, which would make Mitchell the Werewolf",
31B__Youtube__ONE#NIGHT#ULTIMATE#WEREWOLF##Retro#4__Game11__run_1,31B,False,Mitchell,3,"He then confusingly claims to be an Insomniac, a role that cannot be achieved through a Troublemaker swap between a Minion and a Werewolf.",True,Testimony,used,claims to be an Insomniac,
31B__Youtube__ONE#NIGHT#ULTIMATE#WEREWOLF##Retro#4__Game11__run_1,31B,False,Mitchell,3,"He then confusingly claims to be an Insomniac, a role that cannot be achieved through a Troublemaker swap between a Minion and a Werewolf.",True,Deduction,used,a role that cannot be achieved through a Troublemaker swap between a Minion and a Werewolf,
31B__Youtube__ONE#NIGHT#ULTIMATE#WEREWOLF##Retro#4__Game11__run_1,31B,False,Mitchell,4,This inconsistency strongly suggests Mitchell is lying to frame Justin and hide his own identity as the Werewolf.,False,Consistency,used,This inconsistency strongly suggests Mitchell is lying,
31B__Youtube__ONE#NIGHT#ULTIMATE#WEREWOLF##Retro#4__Game11__run_1,31B,False,Mitchell,4,This inconsistency strongly suggests Mitchell is lying to frame Justin and hide his own identity as the Werewolf.,False,Behavioral,used,lying to frame Justin and hide his own identity as the Werewolf,
31B__Youtube__ONE#NIGHT#ULTIMATE#WEREWOLF##Retro#4__Game5__run_2,31B,True,James,1,James claimed to be the Robber and stated he robbed Justin.,False,Testimony,used,James claimed to be the Robber and stated he robbed Justin.,
31B__Youtube__ONE#NIGHT#ULTIMATE#WEREWOLF##Retro#4__Game5__run_2,31B,True,James,2,Mike (the Seer) and Justin both confirmed that Justin's starting role was a Werewolf.,False,Testimony,used,Mike (the Seer) and Justin both confirmed that Justin's starting role was a Werewolf.,
31B__Youtube__ONE#NIGHT#ULTIMATE#WEREWOLF##Retro#4__Game5__run_2,31B,True,James,3,"Since the Robber swaps cards with the target, James took the Werewolf card from Justin, making James the Werewolf at the end of the night.",True,Deduction,used,"Since the Robber swaps cards with the target, James took the Werewolf card from Justin, making James the Werewolf at the end of the night.",
31B__Youtube__ONE#NIGHT#ULTIMATE#WEREWOLF##Retro#4__Game7__greedy_t0,31B,True,No Werewolf,1,"Justin claims to be the Minion and states that no werewolves woke up during the night, a claim confirmed by Mike, who claims to be the Seer.",False,Testimony,used,Justin claims to be the Minion and states that no werewolves woke up during the night,
31B__Youtube__ONE#NIGHT#ULTIMATE#WEREWOLF##Retro#4__Game7__greedy_t0,31B,True,No Werewolf,1,"Justin claims to be the Minion and states that no werewolves woke up during the night, a claim confirmed by Mike, who claims to be the Seer.",False,Testimony,used,"confirmed by Mike, who claims to be the Seer",
31B__Youtube__ONE#NIGHT#ULTIMATE#WEREWOLF##Retro#4__Game7__greedy_t0,31B,True,No Werewolf,1,"Justin claims to be the Minion and states that no werewolves woke up during the night, a claim confirmed by Mike, who claims to be the Seer.",False,Consistency,used,a claim confirmed by Mike,
31B__Youtube__ONE#NIGHT#ULTIMATE#WEREWOLF##Retro#4__Game7__greedy_t0,31B,True,No Werewolf,2,"Mitchell claims to be the Robber and stole from James, but if no one started as a werewolf, the Robber could not have stolen that role.",True,Testimony,mentioned,Mitchell claims to be the Robber and stole from James,
31B__Youtube__ONE#NIGHT#ULTIMATE#WEREWOLF##Retro#4__Game7__greedy_t0,31B,True,No Werewolf,2,"Mitchell claims to be the Robber and stole from James, but if no one started as a werewolf, the Robber could not have stolen that role.",True,Deduction,used,"if no one started as a werewolf, the Robber could not have stolen that role",
31B__Youtube__ONE#NIGHT#ULTIMATE#WEREWOLF##Retro#4__Game7__greedy_t0,31B,True,No Werewolf,3,"The only way a werewolf could be present is if the Drunk swapped a card from the center, but there is no evidence for this.",True,Deduction,used,The only way a werewolf could be present is if the Drunk swapped a card from the center,
31B__Youtube__ONE#NIGHT#ULTIMATE#WEREWOLF##Retro#4__Game7__greedy_t0,31B,True,No Werewolf,4,Justin's attempt to push the vote toward Caitlynn is consistent with a Minion trying to trick the village into voting someone out to secure a Team Werewolf win when no werewolves are present.,True,Behavioral,used,Justin's attempt to push the vote toward Caitlynn is consistent with a Minion trying to trick the village into voting someone out to secure a Team Werewolf win when no werewolves are present,
31B__Youtube__ONE#NIGHT#ULTIMATE#WEREWOLF##Retro#5__Game4__run_3,31B,False,Justin,1,Paul claims he was the Robber and stole from Justin.,True,Testimony,used,claims he was the Robber and stole from Justin,
31B__Youtube__ONE#NIGHT#ULTIMATE#WEREWOLF##Retro#5__Game4__run_3,31B,False,Justin,2,"He later explains a complex sequence (Line 79) where he believes he acted as the Troublemaker and swapped Justin and Mitchell, which would only happen if he stole the Troublemaker card from Justin.",True,Testimony,used,he believes he acted as the Troublemaker and swapped Justin and Mitchell,
31B__Youtube__ONE#NIGHT#ULTIMATE#WEREWOLF##Retro#5__Game4__run_3,31B,False,Justin,2,"He later explains a complex sequence (Line 79) where he believes he acted as the Troublemaker and swapped Justin and Mitchell, which would only happen if he stole the Troublemaker card from Justin.",True,Deduction,used,which would only happen if he stole the Troublemaker card from Justin,
31B__Youtube__ONE#NIGHT#ULTIMATE#WEREWOLF##Retro#5__Game4__run_3,31B,False,Justin,3,"If Paul (Robber) stole the Troublemaker card from Justin and then swapped Justin (now Robber) with Mitchell (Werewolf), Justin would end the night as the Werewolf.",True,Deduction,used,"If Paul (Robber) stole the Troublemaker card from Justin and then swapped Justin (now Robber) with Mitchell (Werewolf), Justin would end the night as the Werewolf",
31B__Youtube__ONE#NIGHT#ULTIMATE#WEREWOLF##Retro#5__Game4__run_3,31B,False,Justin,4,"Mitchell's claim to be the Insomniac is likely a bluff to avoid suspicion, as it contradicts the Robber/Troublemaker logic Paul is describing.",False,Behavioral,used,Mitchell's claim to be the Insomniac is likely a bluff to avoid suspicion,
31B__Youtube__ONE#NIGHT#ULTIMATE#WEREWOLF##Retro#5__Game4__run_3,31B,False,Justin,4,"Mitchell's claim to be the Insomniac is likely a bluff to avoid suspicion, as it contradicts the Robber/Troublemaker logic Paul is describing.",False,Consistency,used,it contradicts the Robber/Troublemaker logic Paul is describing,
31B__Youtube__ONE#NIGHT#ULTIMATE#WEREWOLF#39##April#21st#2018__Game3__run_1,31B,False,Mike,1,"Justin and Mike both claim to be the Seer, meaning one is likely lying.",False,Consistency,used,"Justin and Mike both claim to be the Seer, meaning one is likely lying",
31B__Youtube__ONE#NIGHT#ULTIMATE#WEREWOLF#39##April#21st#2018__Game3__run_1,31B,False,Mike,2,"While Justin admits to lying about the contents of the center cards to bait Mike, James (who claims a power role) strongly defends Justin and explicitly states, 'We're killing Mike.'",False,Testimony,mentioned,Justin admits to lying about the contents of the center cards to bait Mike,
31B__Youtube__ONE#NIGHT#ULTIMATE#WEREWOLF#39##April#21st#2018__Game3__run_1,31B,False,Mike,2,"While Justin admits to lying about the contents of the center cards to bait Mike, James (who claims a power role) strongly defends Justin and explicitly states, 'We're killing Mike.'",False,Testimony,mentioned,who claims a power role,
31B__Youtube__ONE#NIGHT#ULTIMATE#WEREWOLF#39##April#21st#2018__Game3__run_1,31B,False,Mike,2,"While Justin admits to lying about the contents of the center cards to bait Mike, James (who claims a power role) strongly defends Justin and explicitly states, 'We're killing Mike.'",False,Social,mentioned,"strongly defends Justin and explicitly states, 'We're killing Mike.'",
31B__Youtube__ONE#NIGHT#ULTIMATE#WEREWOLF#39##April#21st#2018__Game3__run_1,31B,False,Mike,3,"Mike, Caitlynn, and Mitchell are all coordinating to push the vote toward Justin, which is a common strategy for Team Werewolf to frame a Village player.",False,Behavioral,used,"coordinating to push the vote toward Justin, which is a common strategy for Team Werewolf to frame a Village player",
31B__Youtube__ONE#NIGHT#ULTIMATE#WEREWOLF#39##April#21st#2018__Game3__run_1,31B,False,Mike,4,"Given James's support for Justin and Mike's insistence on framing him, Mike is the most likely Werewolf.",False,Social,used,James's support for Justin,
31B__Youtube__ONE#NIGHT#ULTIMATE#WEREWOLF#39##April#21st#2018__Game3__run_1,31B,False,Mike,4,"Given James's support for Justin and Mike's insistence on framing him, Mike is the most likely Werewolf.",False,Behavioral,used,Mike's insistence on framing him,
31B__Youtube__ONE#NIGHT#ULTIMATE#WEREWOLF#43##October#13th#2018__Game4__run_1,31B,False,Mike,1,"Both Mitchell and Mike admit to being Werewolves, with Mitchell explicitly stating, 'me and Mike, we had a plan...",False,Testimony,used,Both Mitchell and Mike admit to being Werewolves,
31B__Youtube__ONE#NIGHT#ULTIMATE#WEREWOLF#43##October#13th#2018__Game4__run_1,31B,False,Mike,2,two werewolves'.,False,Testimony,used,two werewolves,
31B__Youtube__ONE#NIGHT#ULTIMATE#WEREWOLF#43##October#13th#2018__Game4__run_1,31B,False,Mike,3,"While the discussion is chaotic and involves claims of role swaps, the admission of being on the Werewolf team is the strongest evidence available.",True,Testimony,discounted,claims of role swaps,
31B__Youtube__ONE#NIGHT#ULTIMATE#WEREWOLF#43##October#13th#2018__Game4__run_1,31B,False,Mike,3,"While the discussion is chaotic and involves claims of role swaps, the admission of being on the Werewolf team is the strongest evidence available.",True,Testimony,used,the admission of being on the Werewolf team,
31B__Youtube__ONE#NIGHT#ULTIMATE#WEREWOLF#43##October#13th#2018__Game4__run_1,31B,False,Mike,4,"Mitchell is actively pushing for Mike to be voted out, and Justin agrees, making Mike the most probable target for a Village victory.",True,Social,used,"Mitchell is actively pushing for Mike to be voted out, and Justin agrees",
4B__Ego4D__0c2659db-7bd4-4b37-9b08-4e247befe382__Game5__greedy_t0,4B,True,Chris,1,"The discussion is highly chaotic, involving numerous role swaps and conflicting accusations, making definitive identification impossible.",True,Consistency,mentioned,conflicting accusations,
4B__Ego4D__0c2659db-7bd4-4b37-9b08-4e247befe382__Game5__greedy_t0,4B,True,Chris,2,"However, Elliot made the most direct and unambiguous accusation in the transcript, stating that Chris is the Werewolf (159).",False,Social,used,"Elliot made the most direct and unambiguous accusation in the transcript, stating that Chris is the Werewolf",
4B__Ego4D__0c2659db-7bd4-4b37-9b08-4e247befe382__Game5__greedy_t0,4B,True,Chris,3,"While this is merely an accusation and not proof, it represents the strongest single piece of evidence pointing toward a specific player's alignment.",False,Social,used,"this is merely an accusation and not proof, it represents the strongest single piece of evidence pointing toward a specific player's alignment",
4B__Ego4D__0c2659db-7bd4-4b37-9b08-4e247befe382__Game5__greedy_t0,4B,True,Chris,4,"To maximize the chance of Team Village winning, I am choosing the player who was most directly accused of being a Werewolf.",True,Payoff,used,To maximize the chance of Team Village winning,
4B__Ego4D__0c2659db-7bd4-4b37-9b08-4e247befe382__Game5__greedy_t0,4B,True,Chris,4,"To maximize the chance of Team Village winning, I am choosing the player who was most directly accused of being a Werewolf.",True,Social,used,the player who was most directly accused of being a Werewolf,
4B__Ego4D__0c2659db-7bd4-4b37-9b08-4e247befe382__Game8__run_3,4B,False,Sian,1,Sian is the most consistently targeted and suspicious player throughout the discussion.,False,Social,used,most consistently targeted and suspicious player throughout the discussion,
4B__Ego4D__0c2659db-7bd4-4b37-9b08-4e247befe382__Game8__run_3,4B,False,Sian,2,"She maintains extreme silence and offers minimal, evasive responses ('No comment,' 'I was sleeping soundly'), which the other players interpret as signs of guilt.",False,Behavioral,used,"maintains extreme silence and offers minimal, evasive responses ('No comment,' 'I was sleeping soundly')",
4B__Ego4D__0c2659db-7bd4-4b37-9b08-4e247befe382__Game8__run_3,4B,False,Sian,2,"She maintains extreme silence and offers minimal, evasive responses ('No comment,' 'I was sleeping soundly'), which the other players interpret as signs of guilt.",False,Social,used,the other players interpret as signs of guilt,
4B__Ego4D__0c2659db-7bd4-4b37-9b08-4e247befe382__Game8__run_3,4B,False,Sian,3,"While the discussion involves complex role swaps, Sian's lack of participation and her defensive demeanor make her the prime suspect for a Werewolf or a role that benefits from being eliminated.",True,Behavioral,used,Sian's lack of participation and her defensive demeanor,
4B__Ego4D__0c2659db-7bd4-4b37-9b08-4e247befe382__Game8__run_3,4B,False,Sian,4,"Given the collective momentum of the group, targeting Sian is the most logical move to achieve Team Village's win condition.",True,Social,used,collective momentum of the group,
4B__Ego4D__0c2659db-7bd4-4b37-9b08-4e247befe382__Game8__run_3,4B,False,Sian,4,"Given the collective momentum of the group, targeting Sian is the most logical move to achieve Team Village's win condition.",True,Payoff,used,targeting Sian is the most logical move to achieve Team Village's win condition,
4B__Ego4D__2ba4023c-a8bf-43ad-ad5a-80ba222ce990__Game8__greedy_t0,4B,False,Erin,1,"The discussion transcript shows a strong consensus among several players, particularly Tyler and Clint, who repeatedly accuse Erin of being a Werewolf.",False,Social,used,"strong consensus among several players, particularly Tyler and Clint, who repeatedly accuse Erin of being a Werewolf",
4B__Ego4D__2ba4023c-a8bf-43ad-ad5a-80ba222ce990__Game8__greedy_t0,4B,False,Erin,2,"Tyler and Clint's accusations are consistent throughout the latter half of the conversation, despite the confusion caused by role swaps.",True,Consistency,used,Tyler and Clint's accusations are consistent throughout the latter half of the conversation,
4B__Ego4D__2ba4023c-a8bf-43ad-ad5a-80ba222ce990__Game8__greedy_t0,4B,False,Erin,3,"While Margaret raises suspicions about Tyler's claims regarding the Robber/Insomniac roles, the collective focus and repeated accusations against Erin make her the most probable target for elimination to ensure Team Village wins.",True,Social,discounted,Margaret raises suspicions about Tyler's claims regarding the Robber/Insomniac roles,
4B__Ego4D__2ba4023c-a8bf-43ad-ad5a-80ba222ce990__Game8__greedy_t0,4B,False,Erin,3,"While Margaret raises suspicions about Tyler's claims regarding the Robber/Insomniac roles, the collective focus and repeated accusations against Erin make her the most probable target for elimination to ensure Team Village wins.",True,Social,used,the collective focus and repeated accusations against Erin,
4B__Ego4D__2ba4023c-a8bf-43ad-ad5a-80ba222ce990__Game8__greedy_t0,4B,False,Erin,3,"While Margaret raises suspicions about Tyler's claims regarding the Robber/Insomniac roles, the collective focus and repeated accusations against Erin make her the most probable target for elimination to ensure Team Village wins.",True,Payoff,used,to ensure Team Village wins,
4B__Ego4D__3ba069be-60fa-47fc-bd7b-f85bf649a5bd__Game6__run_2,4B,True,No Werewolf,2,"Despite the confusion and accusations, no player has ever claimed to be a Werewolf, nor has any player been definitively identified as one.",False,Other,used,"no player has ever claimed to be a Werewolf, nor has any player been definitively identified as one",absence of any Werewolf claim or identification
4B__Ego4D__3ba069be-60fa-47fc-bd7b-f85bf649a5bd__Game6__run_2,4B,True,No Werewolf,3,"Given the lack of any evidence pointing toward a Werewolf, the most logical conclusion is that the Werewolf cards are currently in the role pool, allowing Team Village to win under the condition that no Werewolf is present among the players.",True,Other,used,lack of any evidence pointing toward a Werewolf,absence of evidence pointing toward a Werewolf
4B__Ego4D__3ba069be-60fa-47fc-bd7b-f85bf649a5bd__Game6__run_2,4B,True,No Werewolf,3,"Given the lack of any evidence pointing toward a Werewolf, the most logical conclusion is that the Werewolf cards are currently in the role pool, allowing Team Village to win under the condition that no Werewolf is present among the players.",True,Payoff,used,allowing Team Village to win under the condition that no Werewolf is present among the players,
4B__Youtube__ONE#NIGHT#ULTIMATE#WEREWOLF##Retro#1__Game3__run_2,4B,False,Alvin,1,Alvin is the most suspicious player because he immediately and aggressively accused Justin of being a Werewolf while claiming the Seer role.,False,Behavioral,used,immediately and aggressively accused Justin of being a Werewolf while claiming the Seer role,
4B__Youtube__ONE#NIGHT#ULTIMATE#WEREWOLF##Retro#1__Game3__run_2,4B,False,Alvin,2,"However, both James and Mitchell expressed deep skepticism regarding Alvin's motives and consistency, suggesting he might be lying or manipulating the situation.",False,Social,used,"both James and Mitchell expressed deep skepticism regarding Alvin's motives and consistency, suggesting he might be lying or manipulating the situation",
4B__Youtube__ONE#NIGHT#ULTIMATE#WEREWOLF##Retro#1__Game3__run_2,4B,False,Alvin,3,"A Werewolf often attempts to control the narrative and deflect suspicion, which aligns with Alvin's behavior of making a strong accusation and then attempting to defend the accused.",False,Behavioral,used,"A Werewolf often attempts to control the narrative and deflect suspicion, which aligns with Alvin's behavior of making a strong accusation and then attempting to defend the accused",
4B__Youtube__ONE#NIGHT#ULTIMATE#WEREWOLF##Retro#1__Game5__greedy_t0,4B,True,Mitchell,1,"The discussion quickly escalated into accusations, and the majority of the players converged on Mitchell as the primary suspect.",False,Social,used,the majority of the players converged on Mitchell as the primary suspect,
4B__Youtube__ONE#NIGHT#ULTIMATE#WEREWOLF##Retro#1__Game5__greedy_t0,4B,True,Mitchell,2,"Mitchell made several strong claims, including asserting he was the Seer and later claiming to have seen the Werewolf, which led to intense scrutiny.",False,Testimony,mentioned,asserting he was the Seer and later claiming to have seen the Werewolf,
4B__Youtube__ONE#NIGHT#ULTIMATE#WEREWOLF##Retro#1__Game5__greedy_t0,4B,True,Mitchell,3,"Despite Mitchell's claims, the collective suspicion from James, Justin, and even Alvin ultimately pointed toward Mitchell, suggesting he was attempting to mislead the group.",False,Social,used,"collective suspicion from James, Justin, and even Alvin ultimately pointed toward Mitchell",
4B__Youtube__ONE#NIGHT#ULTIMATE#WEREWOLF##Retro#1__Game5__greedy_t0,4B,True,Mitchell,3,"Despite Mitchell's claims, the collective suspicion from James, Justin, and even Alvin ultimately pointed toward Mitchell, suggesting he was attempting to mislead the group.",False,Behavioral,used,suggesting he was attempting to mislead the group,
4B__Youtube__ONE#NIGHT#ULTIMATE#WEREWOLF##Retro#1__Game5__greedy_t0,4B,True,Mitchell,4,"To maximize the chance of Team Village winning, the most heavily suspected player should be eliminated.",True,Payoff,used,"To maximize the chance of Team Village winning, the most heavily suspected player should be eliminated",
4B__Youtube__ONE#NIGHT#ULTIMATE#WEREWOLF##Retro#2__Game3__run_1,4B,True,Justin,1,Justin is the most suspicious player because he explicitly claimed to be a Werewolf during the discussion (Line 45).,False,Testimony,used,he explicitly claimed to be a Werewolf during the discussion (Line 45),
4B__Youtube__ONE#NIGHT#ULTIMATE#WEREWOLF##Retro#2__Game3__run_1,4B,True,Justin,2,"While this could be a bluff, it is a significant piece of self-incrimination that aligns with typical Werewolf deception tactics.",False,Behavioral,used,aligns with typical Werewolf deception tactics,
4B__Youtube__ONE#NIGHT#ULTIMATE#WEREWOLF##Retro#2__Game3__run_1,4B,True,Justin,3,"Furthermore, he is actively involved in confirming this narrative with Mitchell, suggesting a coordinated effort.",False,Behavioral,used,"actively involved in confirming this narrative with Mitchell, suggesting a coordinated effort",
4B__Youtube__ONE#NIGHT#ULTIMATE#WEREWOLF##Retro#2__Game3__run_1,4B,True,Justin,4,"To ensure Team Village wins, the most logical target is the player who has openly admitted to being a Werewolf.",True,Payoff,used,To ensure Team Village wins,
4B__Youtube__ONE#NIGHT#ULTIMATE#WEREWOLF##Retro#2__Game3__run_1,4B,True,Justin,4,"To ensure Team Village wins, the most logical target is the player who has openly admitted to being a Werewolf.",True,Testimony,used,openly admitted to being a Werewolf,
4B__Youtube__ONE#NIGHT#ULTIMATE#WEREWOLF##Retro#4__Game11__run_3,4B,True,Justin,1,"Mitchell, claiming to be a Minion, provides the most direct and consistent evidence pointing to a Werewolf.",False,Testimony,used,claiming to be a Minion,
4B__Youtube__ONE#NIGHT#ULTIMATE#WEREWOLF##Retro#4__Game11__run_3,4B,True,Justin,1,"Mitchell, claiming to be a Minion, provides the most direct and consistent evidence pointing to a Werewolf.",False,Social,used,provides the most direct and consistent evidence pointing to a Werewolf,
4B__Youtube__ONE#NIGHT#ULTIMATE#WEREWOLF##Retro#4__Game11__run_3,4B,True,Justin,2,"Mitchell states that they saw Justin as a Werewolf (58, 86), and this claim is supported by James and others in the discussion.",False,Testimony,used,Mitchell states that they saw Justin as a Werewolf,
4B__Youtube__ONE#NIGHT#ULTIMATE#WEREWOLF##Retro#4__Game11__run_3,4B,True,Justin,2,"Mitchell states that they saw Justin as a Werewolf (58, 86), and this claim is supported by James and others in the discussion.",False,Social,used,this claim is supported by James and others in the discussion,
4B__Youtube__ONE#NIGHT#ULTIMATE#WEREWOLF##Retro#4__Game11__run_3,4B,True,Justin,3,"While Mitchell could potentially be lying, the weight of the testimony and the direct accusation makes Justin the primary suspect.",False,Behavioral,discounted,Mitchell could potentially be lying,
4B__Youtube__ONE#NIGHT#ULTIMATE#WEREWOLF##Retro#4__Game11__run_3,4B,True,Justin,3,"While Mitchell could potentially be lying, the weight of the testimony and the direct accusation makes Justin the primary suspect.",False,Testimony,used,the weight of the testimony,
4B__Youtube__ONE#NIGHT#ULTIMATE#WEREWOLF##Retro#4__Game11__run_3,4B,True,Justin,3,"While Mitchell could potentially be lying, the weight of the testimony and the direct accusation makes Justin the primary suspect.",False,Social,used,the direct accusation,
4B__Youtube__ONE#NIGHT#ULTIMATE#WEREWOLF##Retro#4__Game11__run_3,4B,True,Justin,4,Voting out Justin is the most logical move for Team Village to ensure a win condition is met.,True,Payoff,used,ensure a win condition is met,
4B__Youtube__ONE#NIGHT#ULTIMATE#WEREWOLF##Retro#5__Game3__run_1,4B,True,Paul,1,"Paul is the most heavily implicated player, as he repeatedly and forcefully asserts that he was a Werewolf throughout the discussion.",False,Testimony,used,asserts that he was a Werewolf,
4B__Youtube__ONE#NIGHT#ULTIMATE#WEREWOLF##Retro#5__Game3__run_1,4B,True,Paul,2,"While Mitchell and Justin are actively trying to guide the vote against him, Paul's insistence on his WW status makes him the primary target.",False,Social,mentioned,Mitchell and Justin are actively trying to guide the vote against him,
4B__Youtube__ONE#NIGHT#ULTIMATE#WEREWOLF##Retro#5__Game3__run_1,4B,True,Paul,2,"While Mitchell and Justin are actively trying to guide the vote against him, Paul's insistence on his WW status makes him the primary target.",False,Testimony,used,Paul's insistence on his WW status,
4B__Youtube__ONE#NIGHT#ULTIMATE#WEREWOLF##Retro#5__Game3__run_1,4B,True,Paul,3,"Eliminating Paul is the clearest path to ensuring Team Village wins, provided he is indeed a Werewolf.",True,Payoff,used,"Eliminating Paul is the clearest path to ensuring Team Village wins, provided he is indeed a Werewolf",
4B__Youtube__ONE#NIGHT#ULTIMATE#WEREWOLF##Retro#5__Game3__run_1,4B,True,Paul,4,His defensive and aggressive behavior further suggests he is attempting to mislead the group.,False,Behavioral,used,defensive and aggressive behavior further suggests he is attempting to mislead the group,
4B__Youtube__ONE#NIGHT#ULTIMATE#WEREWOLF##Retro#5__Game4__run_3,4B,True,No Werewolf,2,"While the players are debating their roles and the validity of the card swaps, no player has made a definitive statement identifying themselves or accusing another player of being a Werewolf.",True,Consistency,used,no player has made a definitive statement identifying themselves or accusing another player of being a Werewolf,
4B__Youtube__ONE#NIGHT#ULTIMATE#WEREWOLF##Retro#5__Game4__run_3,4B,True,No Werewolf,3,"Since the transcript does not provide sufficient evidence to pinpoint a Werewolf, and the players are engaged in role-play and defense of their Village alignments, I cannot confidently choose a target for elimination.",False,Behavioral,used,the players are engaged in role-play and defense of their Village alignments,
4B__Youtube__ONE#NIGHT#ULTIMATE#WEREWOLF#43##October#13th#2018__Game3__run_3,4B,False,Mitchell,2,He openly admitted to being a werewolf early in the discussion (transcript [8]) and was later identified by Paul as the Troublemaker (transcript [62]).,False,Testimony,used,He openly admitted to being a werewolf early in the discussion,
4B__Youtube__ONE#NIGHT#ULTIMATE#WEREWOLF#43##October#13th#2018__Game3__run_3,4B,False,Mitchell,2,He openly admitted to being a werewolf early in the discussion (transcript [8]) and was later identified by Paul as the Troublemaker (transcript [62]).,False,Social,mentioned,was later identified by Paul as the Troublemaker,
4B__Youtube__ONE#NIGHT#ULTIMATE#WEREWOLF#43##October#13th#2018__Game3__run_3,4B,False,Mitchell,3,His continuous attempts to deflect suspicion and his highly erratic behavior throughout the discussion suggest a strong desire to mislead the group.,False,Behavioral,used,His continuous attempts to deflect suspicion and his highly erratic behavior throughout the discussion,
4B__Youtube__ONE#NIGHT#ULTIMATE#WEREWOLF#43##October#13th#2018__Game3__run_3,4B,False,Mitchell,4,"Given the need to eliminate a Werewolf for Team Village to win, Mitchell represents the most immediate and credible threat.",True,Payoff,used,the need to eliminate a Werewolf for Team Village to win,
4B__Youtube__ONE#NIGHT#ULTIMATE#WEREWOLF#44##October#13th#2018__Game5__run_3,4B,False,Paul,1,"Paul makes a highly suspicious and self-incriminating statement in the transcript, claiming that he and another player are both Werewolves (Transcript [74]).",False,Testimony,used,claiming that he and another player are both Werewolves,
4B__Youtube__ONE#NIGHT#ULTIMATE#WEREWOLF#44##October#13th#2018__Game5__run_3,4B,False,Paul,2,"While he previously claimed to be the Troublemaker, this late-game declaration is a classic tactic used by Werewolves to divert suspicion and secure votes.",False,Behavioral,used,this late-game declaration is a classic tactic used by Werewolves to divert suspicion and secure votes,
4B__Youtube__ONE#NIGHT#ULTIMATE#WEREWOLF#44##October#13th#2018__Game5__run_3,4B,False,Paul,3,"Although Mitchell is also highly deceptive regarding role swaps, Paul's direct admission of being a Werewolf makes him the most likely target for Team Village to ensure their victory.",False,Behavioral,discounted,Mitchell is also highly deceptive regarding role swaps,
4B__Youtube__ONE#NIGHT#ULTIMATE#WEREWOLF#44##October#13th#2018__Game5__run_3,4B,False,Paul,3,"Although Mitchell is also highly deceptive regarding role swaps, Paul's direct admission of being a Werewolf makes him the most likely target for Team Village to ensure their victory.",False,Testimony,used,Paul's direct admission of being a Werewolf,
4B__Youtube__ONE#NIGHT#ULTIMATE#WEREWOLF#44##October#13th#2018__Game5__run_3,4B,False,Paul,3,"Although Mitchell is also highly deceptive regarding role swaps, Paul's direct admission of being a Werewolf makes him the most likely target for Team Village to ensure their victory.",False,Payoff,used,for Team Village to ensure their victory,
4B__Youtube__ONE#NIGHT#ULTIMATE#WEREWOLF#44##October#13th#2018__Game5__run_3,4B,False,Paul,4,Eliminating Paul is the best move to fulfill the win condition.,True,Payoff,used,Eliminating Paul is the best move to fulfill the win condition,
4B__Youtube__ONE#NIGHT#ULTIMATE#WEREWOLF#7##November#6th#2016__Game3__run_3,4B,False,Alana,1,"The discussion quickly devolved into a highly chaotic argument regarding who was the Tanner and who was the Werewolf, with both Mike and Mitchell making contradictory claims.",False,Consistency,mentioned,both Mike and Mitchell making contradictory claims,
4B__Youtube__ONE#NIGHT#ULTIMATE#WEREWOLF#7##November#6th#2016__Game3__run_3,4B,False,Alana,2,"However, in the final moments of the transcript, Mitchell and Caitlynn actively push for Alana's elimination, suggesting she is the primary suspect in the eyes of the perceived Village faction.",False,Social,used,"Mitchell and Caitlynn actively push for Alana's elimination, suggesting she is the primary suspect in the eyes of the perceived Village faction",
4B__Youtube__ONE#NIGHT#ULTIMATE#WEREWOLF#7##November#6th#2016__Game3__run_3,4B,False,Alana,3,"Given the urgency of the vote and the strong consensus building around Alana as the target, she represents the most logical choice to eliminate a potential Werewolf based on the public discourse.",False,Social,used,the strong consensus building around Alana as the target,
4B__Youtube__ONE#NIGHT#ULTIMATE#WEREWOLF#86##November#9th#2019__Game3__greedy_t0,4B,False,Justin,1,Justin is the most suspicious player due to his highly convoluted and contradictory narrative regarding role swaps and accusations.,False,Consistency,used,contradictory narrative regarding role swaps and accusations,
4B__Youtube__ONE#NIGHT#ULTIMATE#WEREWOLF#86##November#9th#2019__Game3__greedy_t0,4B,False,Justin,2,"He repeatedly makes strong claims about who robbed whom and who belongs to which team, often shifting his target (e.g., accusing Paul, then defending himself).",False,Behavioral,used,"often shifting his target (e.g., accusing Paul, then defending himself)",
4B__Youtube__ONE#NIGHT#ULTIMATE#WEREWOLF#86##November#9th#2019__Game3__greedy_t0,4B,False,Justin,3,"This level of aggressive deception and constant self-referencing is characteristic of a player attempting to mislead the group, which aligns with the behavior of a Werewolf.",False,Behavioral,used,"aggressive deception and constant self-referencing is characteristic of a player attempting to mislead the group, which aligns with the behavior of a Werewolf",
4B__Youtube__ONE#NIGHT#ULTIMATE#WEREWOLF#86##November#9th#2019__Game3__greedy_t0,4B,False,Justin,4,"While Mitchell is also evasive, Justin's active attempts to control the narrative and implicate others makes him the primary threat to Team Village's victory.",True,Behavioral,discounted,Mitchell is also evasive,
4B__Youtube__ONE#NIGHT#ULTIMATE#WEREWOLF#86##November#9th#2019__Game3__greedy_t0,4B,False,Justin,4,"While Mitchell is also evasive, Justin's active attempts to control the narrative and implicate others makes him the primary threat to Team Village's victory.",True,Behavioral,used,Justin's active attempts to control the narrative and implicate others,
4B__Youtube__ONE#NIGHT#ULTIMATE#WEREWOLF#86##November#9th#2019__Game3__greedy_t0,4B,False,Justin,4,"While Mitchell is also evasive, Justin's active attempts to control the narrative and implicate others makes him the primary threat to Team Village's victory.",True,Payoff,used,primary threat to Team Village's victory,
